[{"metadata":{"asset_id":"0f79fd42-6e18-4bf9-8230-04ed668be23d","asset_type":"data_intg_flow","catalog_id":"e5619c0d-e6ac-42cd-8ac2-c3f3576e6d6c","create_time":"2024-04-01T15:08:36.000Z","creator_id":"1000331142","name":"Inbound_MicroBatch_Process_4_DELETES","origin_country":"us","size":89037,"project_id":"11a0e63f-f198-416b-b25b-e0ec10bd4a44","resource_key":"11a0e63f-f198-416b-b25b-e0ec10bd4a44/data_intg_flow/Inbound_MicroBatch_Process_4_DELETES","description":"","usage":{"last_update_time":"2024-10-30T12:53:56.335Z","last_updated_at":"2024-10-30T12:53:56Z","last_updater_id":"1000331636","access_count":0,"last_accessed_at":"2024-10-30T12:53:56Z","last_accessor_id":"1000331636","last_access_time":"2024-10-30T12:53:56.335Z"}},"entity":{"data_intg_flow":{"mime_type":"application/json","compilation":{"osh_last_modified_time":1730292836291,"isFlowCompiled":true,"flow_last_modified_time":1730292827066,"flow_creator_id":"1000331636","isOshStale":false,"osh_creator_id":"1000331636"},"dataset":false}},"attachments":[{"test_doc":0,"object_key":"data_intg_flow/11a0e63f-f198-416b-b25b-e0ec10bd4a440f79fd42-6e18-4bf9-8230-04ed668be23d1730292826648","create_time":1730292826779,"complete_time_ticks":1730292826779,"mime":"application/json","usage":{"access_count":0,"last_accessor_id":"1000331636","last_access_time":1730292826779},"is_remote":false,"handle":{"max_part_num":1,"upload_id":"done","type":"assetfiles","key":"data_intg_flow/11a0e63f-f198-416b-b25b-e0ec10bd4a440f79fd42-6e18-4bf9-8230-04ed668be23d1730292826648"},"is_user_provided_path_key":true,"user_data":{},"version":2,"size":81188,"is_partitioned":false,"datasource_type":"81bafdbd-b7c6-45c5-a4fd-6ec135f66f4e","transfer_complete":true,"asset_type":"data_intg_flow","name":"data_intg_flows","creator_id":"1000331636","id":"a38bedb5-bec5-42bd-8d4e-ce0ce0f10ff5","is_referenced":true,"is_managed":false,"is_object_key_read_only":false},{"test_doc":0,"object_key":"data_intg_flow/11a0e63f-f198-416b-b25b-e0ec10bd4a440f79fd42-6e18-4bf9-8230-04ed668be23d1730292836036px_executables","create_time":1730292836109,"complete_time_ticks":1730292836109,"mime":"application/octet-stream","usage":{"access_count":0,"last_accessor_id":"1000331636","last_access_time":1730292836109},"is_remote":false,"handle":{"max_part_num":1,"upload_id":"done","type":"assetfiles","key":"data_intg_flow/11a0e63f-f198-416b-b25b-e0ec10bd4a440f79fd42-6e18-4bf9-8230-04ed668be23d1730292836036px_executables"},"is_user_provided_path_key":true,"user_data":{},"version":2,"size":7849,"is_partitioned":false,"datasource_type":"81bafdbd-b7c6-45c5-a4fd-6ec135f66f4e","transfer_complete":true,"asset_type":"data_intg_flow","name":"px_executables","creator_id":"1000331636","id":"b49461ce-68eb-4fc9-8ea5-dffbee52bd01","is_referenced":true,"is_managed":false,"is_object_key_read_only":false}]}]