{"metadata":{"asset_id":"e340f145-df47-47eb-a8c9-eacaf1fb355b","name":"plMain_Inbound_Schedule_GIGYA_4_Deletes","description":"","tags":null,"asset_type":"orchestration_flow","origin_country":"us","rov":{"mode":0},"owner_id":"1000331142","created_at":"2024-03-30T23:51:29Z"},"entity":{"orchestration_flow":{"created_at":1711842689,"default_version":null,"default_version_id":"e340f145-df47-47eb-a8c9-eacaf1fb355b-1","deleted_versions":[],"status":"VOLATILE","version_code_source_url":"","version_created_at":1711842689,"version_name":"plMain_Inbound_Schedule_GIGYA_4_Deletes","version_parameters":"","version_status":"VOLATILE"}},"scope":"cpd.__projects_11a0e63f-f198-416b-b25b-e0ec10bd4a44","attachments":[{"object_key":"orchestration_flow/e340f145-df47-47eb-a8c9-eacaf1fb355b-0"}]}