{"metadata":{"asset_id":"c1623ea9-24ff-4b80-ac96-563bee492ef6","name":"plMain_Inbound_Schedule_XPOS","description":"","tags":null,"asset_type":"orchestration_flow","origin_country":"us","rov":{"mode":0},"owner_id":"1000331044","created_at":"2024-05-09T13:36:24Z","commit_info":{"previous_revision":1}},"entity":{"orchestration_flow":{"created_at":1715261783,"default_version":null,"default_version_id":"c1623ea9-24ff-4b80-ac96-563bee492ef6-1","deleted_versions":[],"status":"READY","version_code_source_url":"","version_created_at":1715261783,"version_name":"plMain_Inbound_Schedule_XPOS","version_parameters":"","version_status":"VOLATILE"}},"attachments":[{"object_key":"orchestration_flow/c1623ea9-24ff-4b80-ac96-563bee492ef6-0"}],"scope":"cpd.__projects_11a0e63f-f198-416b-b25b-e0ec10bd4a44"}