{"metadata":{"asset_id":"0f09bcc7-ea12-4a42-9a7a-a600dec47cf1","name":"plInbound_Reject_Process","description":"","tags":null,"asset_type":"orchestration_flow","origin_country":"us","rov":{"mode":0},"owner_id":"1000331076","created_at":"2024-06-03T14:37:55Z","commit_info":{"previous_revision":1}},"entity":{"orchestration_flow":{"created_at":1717425475,"default_version":null,"default_version_id":"0f09bcc7-ea12-4a42-9a7a-a600dec47cf1-1","deleted_versions":[],"status":"READY","version_code_source_url":"","version_created_at":1717425475,"version_name":"plInbound_Reject_Process","version_parameters":"","version_status":"VOLATILE"}},"attachments":[{"object_key":"orchestration_flow/0f09bcc7-ea12-4a42-9a7a-a600dec47cf1-0"}],"scope":"cpd.__projects_11a0e63f-f198-416b-b25b-e0ec10bd4a44"}