{"metadata":{"asset_id":"050aa207-309b-4c54-a25d-4926b0cbbb16","name":"Test_Write2SSV_copy_2","description":"","tags":null,"asset_type":"orchestration_flow","origin_country":"us","rov":{"mode":0},"owner_id":"1000330999","created_at":"2023-08-12T17:00:16Z"},"entity":{"orchestration_flow":{"created_at":1691859616,"default_version":null,"default_version_id":"050aa207-309b-4c54-a25d-4926b0cbbb16-1","deleted_versions":[],"status":"VOLATILE","version_code_source_url":"","version_created_at":1691859616,"version_name":"Test_Write2SSV_copy_2","version_parameters":"","version_status":"VOLATILE"}},"scope":"cpd.__projects_11a0e63f-f198-416b-b25b-e0ec10bd4a44","attachments":[{"object_key":"orchestration_flow/050aa207-309b-4c54-a25d-4926b0cbbb16-0"}]}