{"metadata":{"asset_id":"2db2dd76-aae0-48ff-8f4e-38b11718adb8","name":"plMain_Inbound_Schedule_MEDALLIA","description":"","tags":null,"asset_type":"orchestration_flow","origin_country":"us","rov":{"mode":0},"owner_id":"1000331044","created_at":"2024-03-25T18:36:51Z","commit_info":{"previous_revision":1}},"entity":{"orchestration_flow":{"created_at":1711391811,"default_version":null,"default_version_id":"2db2dd76-aae0-48ff-8f4e-38b11718adb8-1","deleted_versions":[],"status":"READY","version_code_source_url":"","version_created_at":1711391811,"version_name":"plMain_Inbound_Schedule_MEDALLIA","version_parameters":"","version_status":"VOLATILE"}},"attachments":[{"object_key":"orchestration_flow/2db2dd76-aae0-48ff-8f4e-38b11718adb8-0"}],"scope":"cpd.__projects_11a0e63f-f198-416b-b25b-e0ec10bd4a44"}