{"metadata":{"asset_id":"a6ade794-f1aa-4fd2-a49b-cd79de59512a","name":"plMain_Inbound_Schedule_PARTSWATCH_ORG","description":"","tags":null,"asset_type":"orchestration_flow","origin_country":"us","rov":{"mode":0},"owner_id":"1000331044","created_at":"2024-04-01T17:26:53Z","commit_info":{"previous_revision":1}},"entity":{"orchestration_flow":{"created_at":1711992413,"default_version":null,"default_version_id":"a6ade794-f1aa-4fd2-a49b-cd79de59512a-1","deleted_versions":[],"status":"READY","version_code_source_url":"","version_created_at":1711992413,"version_name":"plMain_Inbound_Schedule_PARTSWATCH_ORG","version_parameters":"","version_status":"VOLATILE"}},"attachments":[{"object_key":"orchestration_flow/a6ade794-f1aa-4fd2-a49b-cd79de59512a-0"}],"scope":"cpd.__projects_11a0e63f-f198-416b-b25b-e0ec10bd4a44"}