{"metadata":{"asset_id":"fad6b00b-a3cd-4f8a-aad1-dcff721227e1","name":"plMain_Inbound_Schedule_GIGYA","description":"","tags":null,"asset_type":"orchestration_flow","origin_country":"us","rov":{"mode":0},"owner_id":"1000330999","created_at":"2023-08-11T21:31:59Z","commit_info":{"previous_revision":1}},"entity":{"orchestration_flow":{"created_at":1691789519,"default_version":null,"default_version_id":"fad6b00b-a3cd-4f8a-aad1-dcff721227e1-1","deleted_versions":[],"status":"READY","version_code_source_url":"","version_created_at":1691789519,"version_name":"plMain_Inbound_Schedule_GIGYA","version_parameters":"","version_status":"VOLATILE"}},"attachments":[{"object_key":"orchestration_flow/fad6b00b-a3cd-4f8a-aad1-dcff721227e1-0"}],"scope":"cpd.__projects_11a0e63f-f198-416b-b25b-e0ec10bd4a44"}