{"metadata":{"asset_id":"70425631-ebaf-492f-aa48-a61db9c53e3f","name":"plMain_Inbound_Schedule_COSTAR_4_Interaction","description":"","tags":null,"asset_type":"orchestration_flow","origin_country":"us","rov":{"mode":0},"owner_id":"1000331142","created_at":"2024-04-07T01:43:41Z"},"entity":{"orchestration_flow":{"created_at":1712454221,"default_version":null,"default_version_id":"70425631-ebaf-492f-aa48-a61db9c53e3f-1","deleted_versions":[],"status":"VOLATILE","version_code_source_url":"","version_created_at":1712454221,"version_name":"plMain_Inbound_Schedule_COSTAR_4_Interaction","version_parameters":"","version_status":"VOLATILE"}},"scope":"cpd.__projects_11a0e63f-f198-416b-b25b-e0ec10bd4a44","attachments":[{"object_key":"orchestration_flow/70425631-ebaf-492f-aa48-a61db9c53e3f-0"}]}