{"metadata":{"asset_id":"10664a6e-adec-495d-8dff-54b4b1c31e6a","name":"plOutbound_Ongoing_Organization_Interaction_Process","description":"","tags":null,"asset_type":"orchestration_flow","origin_country":"us","rov":{"mode":0},"owner_id":"1000331044","created_at":"2024-06-06T15:21:29Z","commit_info":{"previous_revision":1}},"entity":{"orchestration_flow":{"created_at":1717687289,"default_version":null,"default_version_id":"10664a6e-adec-495d-8dff-54b4b1c31e6a-1","deleted_versions":[],"status":"READY","version_code_source_url":"","version_created_at":1717687289,"version_name":"plOutbound_Ongoing_Organization_Interaction_Process","version_parameters":"","version_status":"VOLATILE"}},"attachments":[{"object_key":"orchestration_flow/10664a6e-adec-495d-8dff-54b4b1c31e6a-0"}],"scope":"cpd.__projects_11a0e63f-f198-416b-b25b-e0ec10bd4a44"}