{"metadata":{"asset_id":"56797ab9-89f8-4f0c-aa7a-ee9295e82f1d","name":"plMain_Inbound_Schedule_SHOPIFY","description":"","tags":null,"asset_type":"orchestration_flow","origin_country":"us","rov":{"mode":0},"owner_id":"1000331044","created_at":"2024-08-29T17:38:06Z","commit_info":{"previous_revision":1}},"entity":{"orchestration_flow":{"created_at":1724953086,"default_version":null,"default_version_id":"56797ab9-89f8-4f0c-aa7a-ee9295e82f1d-1","deleted_versions":[],"status":"READY","version_code_source_url":"","version_created_at":1724953086,"version_name":"plMain_Inbound_Schedule_SHOPIFY","version_parameters":"","version_status":"VOLATILE"}},"attachments":[{"object_key":"orchestration_flow/56797ab9-89f8-4f0c-aa7a-ee9295e82f1d-0"}],"scope":"cpd.__projects_11a0e63f-f198-416b-b25b-e0ec10bd4a44"}