{"metadata":{"asset_id":"3c1ce4c9-03a8-4c21-a421-834c1506de89","name":"plOutbound_Ongoing_Person_Behaviour_Process","description":"","tags":null,"asset_type":"orchestration_flow","origin_country":"us","rov":{"mode":0},"owner_id":"1000331044","created_at":"2024-03-25T18:36:51Z","commit_info":{"previous_revision":1}},"entity":{"orchestration_flow":{"created_at":1711391811,"default_version":null,"default_version_id":"3c1ce4c9-03a8-4c21-a421-834c1506de89-1","deleted_versions":[],"status":"READY","version_code_source_url":"","version_created_at":1711391811,"version_name":"plOutbound_Ongoing_Person_Behaviour_Process","version_parameters":"","version_status":"VOLATILE"}},"attachments":[{"object_key":"orchestration_flow/3c1ce4c9-03a8-4c21-a421-834c1506de89-0"}],"scope":"cpd.__projects_11a0e63f-f198-416b-b25b-e0ec10bd4a44"}