{"metadata":{"asset_id":"aeac38d7-b409-4f65-8ebb-8242a8614f29","name":"plInbound_BatchControl_Process_copy_x","description":"","tags":null,"asset_type":"orchestration_flow","origin_country":"us","rov":{"mode":0},"owner_id":"1000331076","created_at":"2024-01-18T08:53:41Z","commit_info":{"previous_revision":1}},"entity":{"orchestration_flow":{"created_at":1705568021,"default_version":null,"default_version_id":"aeac38d7-b409-4f65-8ebb-8242a8614f29-1","deleted_versions":[],"status":"READY","version_code_source_url":"","version_created_at":1705568021,"version_name":"plInbound_BatchControl_Process_copy_x","version_parameters":"","version_status":"READY"}},"attachments":[{"object_key":"orchestration_flow/aeac38d7-b409-4f65-8ebb-8242a8614f29-1"}],"scope":"cpd.__projects_11a0e63f-f198-416b-b25b-e0ec10bd4a44"}