{"metadata":{"asset_id":"d4a0aced-7c40-4eab-957b-04fa72efb452","name":"plMain_Inbound_Schedule_IMS_ORG","description":"","tags":null,"asset_type":"orchestration_flow","origin_country":"us","rov":{"mode":0},"owner_id":"1000331044","created_at":"2024-06-06T15:21:28Z","commit_info":{"previous_revision":1}},"entity":{"orchestration_flow":{"created_at":1717687288,"default_version":null,"default_version_id":"d4a0aced-7c40-4eab-957b-04fa72efb452-1","deleted_versions":[],"status":"READY","version_code_source_url":"","version_created_at":1717687288,"version_name":"plMain_Inbound_Schedule_IMS_ORG","version_parameters":"","version_status":"VOLATILE"}},"attachments":[{"object_key":"orchestration_flow/d4a0aced-7c40-4eab-957b-04fa72efb452-0"}],"scope":"cpd.__projects_11a0e63f-f198-416b-b25b-e0ec10bd4a44"}