{"metadata":{"asset_id":"bf3612a7-e9fa-49e6-b4b6-c76240261edf","name":"Test_run_status","description":"","tags":null,"asset_type":"orchestration_flow","origin_country":"us","rov":{"mode":0},"owner_id":"1000331076","created_at":"2023-10-10T13:15:24Z"},"entity":{"orchestration_flow":{"created_at":1696943724,"default_version":null,"default_version_id":"bf3612a7-e9fa-49e6-b4b6-c76240261edf-1","deleted_versions":[],"status":"VOLATILE","version_code_source_url":"","version_created_at":1696943724,"version_name":"Test_run_status","version_parameters":"","version_status":"VOLATILE"}},"scope":"cpd.__projects_11a0e63f-f198-416b-b25b-e0ec10bd4a44","attachments":[{"object_key":"orchestration_flow/bf3612a7-e9fa-49e6-b4b6-c76240261edf-0"}]}