{"metadata":{"asset_id":"8f8143ff-2656-4653-97f8-b3703e36bfbb","name":"Delete_plOutbound_Ongoing_Person_Account_Process_copy_1","description":"","tags":null,"asset_type":"orchestration_flow","origin_country":"us","rov":{"mode":0},"owner_id":"1000331076","created_at":"2023-10-26T12:24:35Z"},"entity":{"orchestration_flow":{"created_at":1698323075,"default_version":null,"default_version_id":"8f8143ff-2656-4653-97f8-b3703e36bfbb-1","deleted_versions":[],"status":"VOLATILE","version_code_source_url":"","version_created_at":1698323075,"version_name":"plOutbound_Ongoing_Person_Account_Process_copy_1","version_parameters":"","version_status":"VOLATILE"}},"scope":"cpd.__projects_11a0e63f-f198-416b-b25b-e0ec10bd4a44","attachments":[{"object_key":"orchestration_flow/8f8143ff-2656-4653-97f8-b3703e36bfbb-0"}]}