{"metadata":{"asset_id":"a2f047cb-c922-4dc5-a71c-a2c63fed1a0e","name":"plMain_Inbound_Schedule_ORCKESTRA","description":"","tags":null,"asset_type":"orchestration_flow","origin_country":"us","rov":{"mode":0},"owner_id":"1000331044","created_at":"2024-08-29T17:38:07Z","commit_info":{"previous_revision":1}},"entity":{"orchestration_flow":{"created_at":1724953087,"default_version":null,"default_version_id":"a2f047cb-c922-4dc5-a71c-a2c63fed1a0e-1","deleted_versions":[],"status":"READY","version_code_source_url":"","version_created_at":1724953087,"version_name":"plMain_Inbound_Schedule_ORCKESTRA","version_parameters":"","version_status":"VOLATILE"}},"attachments":[{"object_key":"orchestration_flow/a2f047cb-c922-4dc5-a71c-a2c63fed1a0e-0"}],"scope":"cpd.__projects_11a0e63f-f198-416b-b25b-e0ec10bd4a44"}