{"metadata":{"asset_id":"ddce6b20-079e-442f-8652-42d741a77445","name":"plMain_Inbound_Schedule_MOBILITY_DATABASE","description":"","tags":null,"asset_type":"orchestration_flow","origin_country":"us","rov":{"mode":0},"owner_id":"1000331044","created_at":"2024-06-06T15:21:28Z","commit_info":{"previous_revision":1}},"entity":{"orchestration_flow":{"created_at":1717687288,"default_version":null,"default_version_id":"ddce6b20-079e-442f-8652-42d741a77445-1","deleted_versions":[],"status":"READY","version_code_source_url":"","version_created_at":1717687288,"version_name":"plMain_Inbound_Schedule_MOBILITY_DATABASE","version_parameters":"","version_status":"VOLATILE"}},"attachments":[{"object_key":"orchestration_flow/ddce6b20-079e-442f-8652-42d741a77445-0"}],"scope":"cpd.__projects_11a0e63f-f198-416b-b25b-e0ec10bd4a44"}