{"metadata":{"asset_id":"4f50530d-c1cc-45fa-815b-2c2c22b0ddb3","name":"plMain_Inbound_Schedule_ALIDA","description":"","tags":null,"asset_type":"orchestration_flow","origin_country":"us","rov":{"mode":0},"owner_id":"1000331044","created_at":"2024-06-06T15:21:29Z","commit_info":{"previous_revision":1}},"entity":{"orchestration_flow":{"created_at":1717687289,"default_version":null,"default_version_id":"4f50530d-c1cc-45fa-815b-2c2c22b0ddb3-1","deleted_versions":[],"status":"READY","version_code_source_url":"","version_created_at":1717687289,"version_name":"plMain_Inbound_Schedule_ALIDA","version_parameters":"","version_status":"VOLATILE"}},"attachments":[{"object_key":"orchestration_flow/4f50530d-c1cc-45fa-815b-2c2c22b0ddb3-0"}],"scope":"cpd.__projects_11a0e63f-f198-416b-b25b-e0ec10bd4a44"}