{"metadata":{"asset_id":"7b45ca5b-ce28-4a21-8532-15e7b5dd77de","name":"pltest101","description":"","tags":null,"asset_type":"orchestration_flow","origin_country":"us","rov":{"mode":0},"owner_id":"1000331060","created_at":"2023-08-07T18:45:47Z"},"entity":{"orchestration_flow":{"created_at":1691433947,"default_version":null,"default_version_id":"7b45ca5b-ce28-4a21-8532-15e7b5dd77de-1","deleted_versions":[],"status":"VOLATILE","version_code_source_url":"","version_created_at":1691433947,"version_name":"pltest101","version_parameters":"","version_status":"VOLATILE"}},"scope":"cpd.__projects_11a0e63f-f198-416b-b25b-e0ec10bd4a44","attachments":[{"object_key":"orchestration_flow/7b45ca5b-ce28-4a21-8532-15e7b5dd77de-0"}]}