{"metadata":{"asset_id":"1b2fbd3a-dc9e-474b-a3ba-0f774dbe1d7f","name":"plMain_Inbound_Schedule_MYSIGNUPS_ORG","description":"","tags":null,"asset_type":"orchestration_flow","origin_country":"us","rov":{"mode":0},"owner_id":"1000331044","created_at":"2024-05-09T13:36:24Z","commit_info":{"previous_revision":1}},"entity":{"orchestration_flow":{"created_at":1715261784,"default_version":null,"default_version_id":"1b2fbd3a-dc9e-474b-a3ba-0f774dbe1d7f-1","deleted_versions":[],"status":"READY","version_code_source_url":"","version_created_at":1715261784,"version_name":"plMain_Inbound_Schedule_MYSIGNUPS_ORG","version_parameters":"","version_status":"VOLATILE"}},"attachments":[{"object_key":"orchestration_flow/1b2fbd3a-dc9e-474b-a3ba-0f774dbe1d7f-0"}],"scope":"cpd.__projects_11a0e63f-f198-416b-b25b-e0ec10bd4a44"}