{"metadata":{"asset_id":"bcfd4c57-b15c-4d5c-8a1a-46b9c42c4f98","name":"TestTimestamp","description":"","tags":null,"asset_type":"orchestration_flow","origin_country":"us","rov":{"mode":0},"owner_id":"1000331076","created_at":"2023-11-15T05:47:13Z"},"entity":{"orchestration_flow":{"created_at":1700027233,"default_version":null,"default_version_id":"bcfd4c57-b15c-4d5c-8a1a-46b9c42c4f98-1","deleted_versions":[],"status":"VOLATILE","version_code_source_url":"","version_created_at":1700027233,"version_name":"TestTimestamp","version_parameters":"","version_status":"VOLATILE"}},"scope":"cpd.__projects_11a0e63f-f198-416b-b25b-e0ec10bd4a44","attachments":[{"object_key":"orchestration_flow/bcfd4c57-b15c-4d5c-8a1a-46b9c42c4f98-0"}]}