{"metadata":{"asset_id":"ac5dfaa1-f36e-40d7-a955-dc77a6500861","name":"plMain_Inbound_Schedule_BLUESUN","description":"Inbound incremental pipeline scheduled for the source system BlueSun.","tags":null,"asset_type":"orchestration_flow","origin_country":"us","rov":{"mode":0},"owner_id":"1000331044","created_at":"2024-03-25T18:36:51Z","commit_info":{"previous_revision":1}},"entity":{"orchestration_flow":{"created_at":1711391811,"default_version":null,"default_version_id":"ac5dfaa1-f36e-40d7-a955-dc77a6500861-1","deleted_versions":[],"status":"READY","version_code_source_url":"","version_created_at":1711391811,"version_name":"plMain_Inbound_Schedule_BLUESUN","version_parameters":"","version_status":"VOLATILE"}},"attachments":[{"object_key":"orchestration_flow/ac5dfaa1-f36e-40d7-a955-dc77a6500861-0"}],"scope":"cpd.__projects_11a0e63f-f198-416b-b25b-e0ec10bd4a44"}