{"metadata":{"asset_id":"6b2adf49-5235-43fc-9ddd-50753ab86926","name":"plMain_Inbound_Schedule_COSTAR","description":"Inbound incremental pipeline job scheduled for the source system CoStar.","tags":null,"asset_type":"orchestration_flow","origin_country":"us","rov":{"mode":0},"owner_id":"1000331044","created_at":"2024-03-25T18:36:51Z","commit_info":{"previous_revision":1}},"entity":{"orchestration_flow":{"created_at":1711391811,"default_version":null,"default_version_id":"6b2adf49-5235-43fc-9ddd-50753ab86926-1","deleted_versions":[],"status":"READY","version_code_source_url":"","version_created_at":1711391811,"version_name":"plMain_Inbound_Schedule_COSTAR","version_parameters":"","version_status":"VOLATILE"}},"attachments":[{"object_key":"orchestration_flow/6b2adf49-5235-43fc-9ddd-50753ab86926-0"}],"scope":"cpd.__projects_11a0e63f-f198-416b-b25b-e0ec10bd4a44"}