{"metadata":{"asset_id":"ffddbd16-9599-4804-88f9-c0f21dfcd318","name":"plMain_Inbound_Schedule_ROUTEIQUE_ORG","description":"","tags":null,"asset_type":"orchestration_flow","origin_country":"us","rov":{"mode":0},"owner_id":"1000331044","created_at":"2024-04-01T17:26:53Z","commit_info":{"previous_revision":1}},"entity":{"orchestration_flow":{"created_at":1711992413,"default_version":null,"default_version_id":"ffddbd16-9599-4804-88f9-c0f21dfcd318-1","deleted_versions":[],"status":"READY","version_code_source_url":"","version_created_at":1711992413,"version_name":"plMain_Inbound_Schedule_ROUTEIQUE_ORG","version_parameters":"","version_status":"VOLATILE"}},"attachments":[{"object_key":"orchestration_flow/ffddbd16-9599-4804-88f9-c0f21dfcd318-0"}],"scope":"cpd.__projects_11a0e63f-f198-416b-b25b-e0ec10bd4a44"}