{"metadata":{"asset_id":"7769eca2-881f-4af5-b173-a8f8125b80cd","name":"Delete_plOutbound_Ongoing_Person_Communication_Consent_Process_copy_1","description":"","tags":null,"asset_type":"orchestration_flow","origin_country":"us","rov":{"mode":0},"owner_id":"1000331076","created_at":"2023-10-26T12:24:38Z"},"entity":{"orchestration_flow":{"created_at":1698323078,"default_version":null,"default_version_id":"7769eca2-881f-4af5-b173-a8f8125b80cd-1","deleted_versions":[],"status":"VOLATILE","version_code_source_url":"","version_created_at":1698323078,"version_name":"plOutbound_Ongoing_Person_Communication_Consent_Process_copy_1","version_parameters":"","version_status":"VOLATILE"}},"scope":"cpd.__projects_11a0e63f-f198-416b-b25b-e0ec10bd4a44","attachments":[{"object_key":"orchestration_flow/7769eca2-881f-4af5-b173-a8f8125b80cd-0"}]}