{"metadata":{"asset_id":"cfa0f252-c27b-40dc-b1cf-bce17c71c8ad","name":"plInbound_BatchControl_Process_4_SF","description":"","tags":null,"asset_type":"orchestration_flow","origin_country":"us","rov":{"mode":0},"owner_id":"1000331142","created_at":"2024-04-18T18:42:46Z"},"entity":{"orchestration_flow":{"created_at":1713465766,"default_version":null,"default_version_id":"cfa0f252-c27b-40dc-b1cf-bce17c71c8ad-1","deleted_versions":[],"status":"VOLATILE","version_code_source_url":"","version_created_at":1713465766,"version_name":"plInbound_BatchControl_Process_4_SF","version_parameters":"","version_status":"VOLATILE"}},"scope":"cpd.__projects_11a0e63f-f198-416b-b25b-e0ec10bd4a44","attachments":[{"object_key":"orchestration_flow/cfa0f252-c27b-40dc-b1cf-bce17c71c8ad-0"}]}