{"metadata":{"asset_id":"4e304abe-1759-4bd4-a22f-352e761df045","name":"plInbound_BatchControl_Process_4_Costar_INT","description":"","tags":null,"asset_type":"orchestration_flow","origin_country":"us","rov":{"mode":0},"owner_id":"1000331142","created_at":"2024-04-07T01:36:26Z"},"entity":{"orchestration_flow":{"created_at":1712453786,"default_version":null,"default_version_id":"4e304abe-1759-4bd4-a22f-352e761df045-1","deleted_versions":[],"status":"VOLATILE","version_code_source_url":"","version_created_at":1712453786,"version_name":"plInbound_BatchControl_Process_4_Costar_Interaction","version_parameters":"","version_status":"VOLATILE"}},"scope":"cpd.__projects_11a0e63f-f198-416b-b25b-e0ec10bd4a44","attachments":[{"object_key":"orchestration_flow/4e304abe-1759-4bd4-a22f-352e761df045-0"}]}