{"metadata":{"asset_id":"c3976a56-f229-442f-afa1-06d0982e4fd1","name":"Test_Write2SSV","description":"","tags":null,"asset_type":"orchestration_flow","origin_country":"us","rov":{"mode":0},"owner_id":"1000331049","created_at":"2023-08-12T16:14:40Z"},"entity":{"orchestration_flow":{"created_at":1691856880,"default_version":null,"default_version_id":"c3976a56-f229-442f-afa1-06d0982e4fd1-1","deleted_versions":[],"status":"VOLATILE","version_code_source_url":"","version_created_at":1691856880,"version_name":"Test_Write2SSV","version_parameters":"","version_status":"VOLATILE"}},"scope":"cpd.__projects_11a0e63f-f198-416b-b25b-e0ec10bd4a44","attachments":[{"object_key":"orchestration_flow/c3976a56-f229-442f-afa1-06d0982e4fd1-0"}]}