{"metadata":{"asset_id":"7f39f773-4a58-4e93-aa89-046a07fa698e","name":"plInbound_BatchControl_Process_copy_1","description":"","tags":null,"asset_type":"orchestration_flow","origin_country":"us","rov":{"mode":0},"owner_id":"1000331049","created_at":"2023-08-16T18:11:24Z"},"entity":{"orchestration_flow":{"created_at":1692209484,"default_version":null,"default_version_id":"7f39f773-4a58-4e93-aa89-046a07fa698e-1","deleted_versions":[],"status":"VOLATILE","version_code_source_url":"","version_created_at":1692209484,"version_name":"plInbound_BatchControl_Process_copy_1","version_parameters":"","version_status":"VOLATILE"}},"scope":"cpd.__projects_11a0e63f-f198-416b-b25b-e0ec10bd4a44","attachments":[{"object_key":"orchestration_flow/7f39f773-4a58-4e93-aa89-046a07fa698e-0"}]}