{"metadata":{"asset_id":"ea823e3f-e7f9-441a-a59e-9be406dfec7e","name":"plInbound_BatchControl_Process_bkp111723","description":"","tags":null,"asset_type":"orchestration_flow","origin_country":"us","rov":{"mode":0},"owner_id":"1000331076","created_at":"2023-11-17T16:47:04Z"},"entity":{"orchestration_flow":{"created_at":1700239624,"default_version":null,"default_version_id":"ea823e3f-e7f9-441a-a59e-9be406dfec7e-1","deleted_versions":[],"status":"VOLATILE","version_code_source_url":"","version_created_at":1700239624,"version_name":"plInbound_BatchControl_Process_copy_4","version_parameters":"","version_status":"VOLATILE"}},"scope":"cpd.__projects_11a0e63f-f198-416b-b25b-e0ec10bd4a44","attachments":[{"object_key":"orchestration_flow/ea823e3f-e7f9-441a-a59e-9be406dfec7e-0"}]}