{"metadata":{"asset_id":"d5721d72-3e0c-4931-aa32-321ce0bebae3","name":"EmailTest","description":"","tags":null,"asset_type":"orchestration_flow","origin_country":"us","rov":{"mode":0},"owner_id":"1000331076","created_at":"2023-10-18T13:22:32Z"},"entity":{"orchestration_flow":{"created_at":1697635352,"default_version":null,"default_version_id":"d5721d72-3e0c-4931-aa32-321ce0bebae3-1","deleted_versions":[],"status":"VOLATILE","version_code_source_url":"","version_created_at":1697635352,"version_name":"EmailTest","version_parameters":"","version_status":"VOLATILE"}},"scope":"cpd.__projects_11a0e63f-f198-416b-b25b-e0ec10bd4a44","attachments":[{"object_key":"orchestration_flow/d5721d72-3e0c-4931-aa32-321ce0bebae3-0"}]}