{"metadata":{"asset_id":"7524f240-c8b8-4525-a8ba-0149635e721e","name":"plInbound_BatchControl_Process_4_delets","description":"","tags":null,"asset_type":"orchestration_flow","origin_country":"us","rov":{"mode":0},"owner_id":"1000331142","created_at":"2024-03-30T23:40:10Z"},"entity":{"orchestration_flow":{"created_at":1711842010,"default_version":null,"default_version_id":"7524f240-c8b8-4525-a8ba-0149635e721e-1","deleted_versions":[],"status":"VOLATILE","version_code_source_url":"","version_created_at":1711842010,"version_name":"plInbound_BatchControl_Process_4_delets","version_parameters":"","version_status":"VOLATILE"}},"scope":"cpd.__projects_11a0e63f-f198-416b-b25b-e0ec10bd4a44","attachments":[{"object_key":"orchestration_flow/7524f240-c8b8-4525-a8ba-0149635e721e-0"}]}