{"metadata":{"asset_id":"55911deb-f3f7-49ca-95b8-84abe5a24d4f","name":"plMain_Inbound_Schedule_MPOS_ORG","description":"","tags":null,"asset_type":"orchestration_flow","origin_country":"us","rov":{"mode":0},"owner_id":"1000331044","created_at":"2024-08-29T17:38:07Z","commit_info":{"previous_revision":1}},"entity":{"orchestration_flow":{"created_at":1724953087,"default_version":null,"default_version_id":"55911deb-f3f7-49ca-95b8-84abe5a24d4f-1","deleted_versions":[],"status":"READY","version_code_source_url":"","version_created_at":1724953087,"version_name":"plMain_Inbound_Schedule_MPOS_ORG","version_parameters":"","version_status":"VOLATILE"}},"attachments":[{"object_key":"orchestration_flow/55911deb-f3f7-49ca-95b8-84abe5a24d4f-0"}],"scope":"cpd.__projects_11a0e63f-f198-416b-b25b-e0ec10bd4a44"}