{"metadata":{"asset_id":"8b393e0a-a040-46ff-8d28-0a42e2166ce0","name":"plMain_Inbound_Schedule_HYBRIS_ODP","description":"","tags":null,"asset_type":"orchestration_flow","origin_country":"us","rov":{"mode":0},"owner_id":"1000330999","created_at":"2023-08-11T21:31:56Z","commit_info":{"previous_revision":1}},"entity":{"orchestration_flow":{"created_at":1691789516,"default_version":null,"default_version_id":"8b393e0a-a040-46ff-8d28-0a42e2166ce0-1","deleted_versions":[],"status":"READY","version_code_source_url":"","version_created_at":1691789516,"version_name":"plMain_Inbound_Schedule_HYBRIS_ODP","version_parameters":"","version_status":"VOLATILE"}},"attachments":[{"object_key":"orchestration_flow/8b393e0a-a040-46ff-8d28-0a42e2166ce0-0"}],"scope":"cpd.__projects_11a0e63f-f198-416b-b25b-e0ec10bd4a44"}