{"metadata":{"asset_id":"8064e9f4-41c8-4482-8450-eb837b00440e","name":"plMain_Inbound_Schedule_IMS","description":"","tags":null,"asset_type":"orchestration_flow","origin_country":"us","rov":{"mode":0},"owner_id":"1000331044","created_at":"2024-06-06T15:21:29Z","commit_info":{"previous_revision":1}},"entity":{"orchestration_flow":{"created_at":1717687289,"default_version":null,"default_version_id":"8064e9f4-41c8-4482-8450-eb837b00440e-1","deleted_versions":[],"status":"READY","version_code_source_url":"","version_created_at":1717687289,"version_name":"plMain_Inbound_Schedule_IMS","version_parameters":"","version_status":"VOLATILE"}},"attachments":[{"object_key":"orchestration_flow/8064e9f4-41c8-4482-8450-eb837b00440e-0"}],"scope":"cpd.__projects_11a0e63f-f198-416b-b25b-e0ec10bd4a44"}