{"metadata":{"asset_id":"cc6ff28b-c014-4925-9b8e-14e7903cba8f","name":"plMain_Inbound_Schedule_MPOS","description":"","tags":null,"asset_type":"orchestration_flow","origin_country":"us","rov":{"mode":0},"owner_id":"1000331044","created_at":"2024-08-29T17:38:06Z","commit_info":{"previous_revision":1}},"entity":{"orchestration_flow":{"created_at":1724953086,"default_version":null,"default_version_id":"cc6ff28b-c014-4925-9b8e-14e7903cba8f-1","deleted_versions":[],"status":"READY","version_code_source_url":"","version_created_at":1724953086,"version_name":"plMain_Inbound_Schedule_MPOS","version_parameters":"","version_status":"VOLATILE"}},"attachments":[{"object_key":"orchestration_flow/cc6ff28b-c014-4925-9b8e-14e7903cba8f-0"}],"scope":"cpd.__projects_11a0e63f-f198-416b-b25b-e0ec10bd4a44"}