{"fields":[],"relationships":[],"properties":{"system_of_record_xicnda":{"type":"enumeration","is_array":false,"validated":true,"displayInChild":false,"restricted":false,"values":[{"name":"Yes","description":""},{"name":"No","description":""}],"label":{"default":"System of Record"}},"hosted_location_zpejza":{"type":"enumeration","is_array":false,"validated":true,"displayInChild":false,"restricted":false,"values":[{"name":"Internal","description":""},{"name":"External","description":""}],"label":{"default":"Hosted Location"}}},"localized_metadata_attributes":{"name":{"default":"Asset Properties"}},"decorates":[{"asset_type_name":"data_asset"}],"global_search_searchable":[],"attribute_only":true,"is_column_custom_attribute":false,"can_have_image":false,"version":1,"name":"asset_properties_qdxwyt","scope":"PROJECT","allow_decorators":false}