{"fields":[],"relationships":[],"properties":{"barry_reviewed_flogyu":{"type":"enumeration","is_array":false,"validated":true,"displayInChild":false,"restricted":false,"values":[{"name":"YES","description":"Reviewed"},{"name":"NO","description":"Not Reviewed"}],"label":{"default":"Barry Reviewed"}}},"localized_metadata_attributes":{"name":{"default":"Barry Stuff"}},"global_search_searchable":[],"attribute_only":true,"is_column_custom_attribute":false,"can_have_image":false,"version":1,"name":"barry_stuff_izyzex","scope":"PROJECT","allow_decorators":false}