{"description":"Data Asset Type","fields":[{"key":"dataset","type":"boolean","facet":true,"is_array":false,"is_searchable_across_types":false},{"key":"mime_type","type":"string","facet":true,"is_array":false,"is_searchable_across_types":true},{"key":"columns","type":"string","facet":true,"is_array":true,"search_path":"columns[].name","is_searchable_across_types":true}],"relationships":[],"localized_metadata_attributes":{"name":{"default":"Data","en":"Data","de":"Daten","es":"Datos","fr":"Données","it":"Dati","ja":"データ","ko":"데이터","pt":"Dados","ru":"Data","sv":"Data","zh":"数据","zh-TW":"日期"}},"global_search_searchable":[],"attribute_only":false,"data_protection":{"all_attachments":true},"is_column_custom_attribute":false,"can_have_image":false,"version":1,"name":"data_asset","scope":"GLOBAL","decorated_by":[{"asset_type_name":"data_asset_smes_frcfvd"},{"asset_type_name":"asset_properties_qdxwyt"},{"asset_type_name":"data_quality_definitions_dvulwa"},{"asset_type_name":"dq_columns_leohdw"},{"asset_type_name":"data_asset_owner_bmknng"},{"asset_type_name":"column_level_mkplvx"},{"asset_type_name":"asset_stewards_vamhfj"},{"asset_type_name":"asset_stewards_kacnsw"}],"allow_decorators":true}