{"fields":[{"key":"dq_rules_display_fulhnp","type":"TEXT","facet":false,"is_array":false,"search_path":"columns[].dq_rules_display_fulhnp","is_searchable_across_types":false}],"relationships":[],"properties":{"dq_rules_display_fulhnp":{"type":"string","is_array":true,"validated":false,"displayInChild":false,"restricted":false,"label":{"default":"DQ_rules_display"}}},"localized_metadata_attributes":{"name":{"default":"DQ Columns"}},"decorates":[{"asset_type_name":"data_asset"}],"global_search_searchable":["dq_rules_display_fulhnp"],"attribute_only":true,"is_column_custom_attribute":true,"can_have_image":false,"version":1,"name":"dq_columns_leohdw","scope":"PROJECT","allow_decorators":false}