{"description":"Saved search query","fields":[{"key":"filtered_artifact_type","type":"string","facet":false,"is_array":true,"search_path":"filtered_artifact_type","is_searchable_across_types":false},{"key":"filtered_container_id","type":"string","facet":false,"is_array":false,"search_path":"filtered_container_id","is_searchable_across_types":false},{"key":"ui_context","type":"string","facet":false,"is_array":false,"search_path":"ui_context","is_searchable_across_types":false}],"relationships":[],"properties":{"filtered_container_id":{"type":"string","description":"The container id that the search query filter includes.","is_array":false,"required":false,"validated":false,"displayInChild":false,"restricted":false},"filtered_artifact_type":{"type":"string","description":"List of artifact types that the search query filter includes.","is_array":true,"required":false,"validated":false,"displayInChild":false,"restricted":false},"ui_context":{"type":"string","description":"String identifying the UI context that this search query was saved in.","is_array":false,"required":false,"validated":false,"displayInChild":false,"restricted":false},"ui_parameters":{"type":"object","description":"Dictionary of query parameters for the UI context which may be used to render saved search details or results.","is_array":false,"required":false,"hidden":false,"readonly":false,"validated":false,"displayInChild":false,"restricted":false,"properties":{"{user-defined-property}":{"type":"string","description":"Value of the UI parameter","is_array":false,"required":false,"hidden":false,"readonly":false,"validated":false,"displayInChild":false,"restricted":false}}},"query_url_path":{"type":"string","description":"URL path to call to run the search query","is_array":false,"required":true,"validated":false,"displayInChild":false,"restricted":false},"query_url_parameters":{"type":"object","description":"Dictionary of query parameters used to make the search REST call.","is_array":false,"required":false,"hidden":false,"readonly":false,"validated":false,"displayInChild":false,"restricted":false,"properties":{"{user-defined-property}":{"type":"string","description":"Value of the url parameter","is_array":false,"required":false,"hidden":false,"readonly":false,"validated":false,"displayInChild":false,"restricted":false}}},"query_body":{"type":"string","description":"JSON query body (as a string) used to run the search query.","is_array":false,"required":true,"validated":false,"displayInChild":false,"restricted":false}},"localized_metadata_attributes":{"name":{"default":"Saved search query","en":"Saved search query","de":"Gespeicherte Suchabfrage","es":"Consulta de búsqueda guardada","fr":"Requête de recherche sauvegardée","it":"Query di ricerca salvata","ja":"保存済み検索照会","ko":"저장된 검색 조회","pt":"Consulta de procura salva","ru":"Сохраненный запрос поиска","sv":"Sparad sökfråga","zh":"已保存的搜索查询","zh-TW":"已儲存的搜尋查詢"}},"global_search_searchable":["filtered_container_id","filtered_artifact_type"],"attribute_only":false,"is_column_custom_attribute":false,"can_have_image":false,"version":1,"name":"ibm_global_search_query","scope":"GLOBAL","allow_decorators":true}