{"description":"The modelfacts global AssetType.","fields":[{"key":"model_id","type":"string","facet":false,"is_array":false,"search_path":"physical_models[].id","is_searchable_across_types":false},{"key":"has_alert","type":"boolean","facet":false,"is_array":false,"search_path":"physical_models[].deployments[].has_alert","is_searchable_across_types":false},{"key":"alerts","type":"string","facet":false,"is_array":true,"search_path":"physical_models[].deployments[].alerts","is_searchable_across_types":false},{"key":"container_id","type":"string","facet":false,"is_array":false,"search_path":"physical_models[].container_id","is_searchable_across_types":false}],"relationships":[],"properties":{"physical_models":{"type":"object","description":"physical model","is_array":true,"required":false,"hidden":true,"readonly":true,"validated":false,"displayInChild":false,"restricted":false,"properties":{"master_id":{"type":"string","description":"id identifying all models considered to be identical","is_array":false,"required":false,"hidden":true,"readonly":true,"validated":false,"displayInChild":false,"restricted":false,"default_value":""},"openpages_details":{"type":"object","description":"OpenPages model details","is_array":true,"required":false,"hidden":true,"readonly":true,"validated":false,"displayInChild":false,"restricted":false,"properties":{"name":{"type":"string","description":"status of the OpenPages model object","is_array":false,"required":false,"hidden":true,"readonly":true,"validated":false,"displayInChild":false,"restricted":false,"default_value":""},"id":{"type":"string","description":"id of the OpenPages model object","is_array":false,"required":false,"hidden":true,"readonly":true,"validated":false,"displayInChild":false,"restricted":false,"default_value":""},"is_deleted":{"type":"bool","description":"Is OpenPages model object deleted","is_array":false,"required":false,"hidden":true,"readonly":true,"validated":false,"displayInChild":false,"restricted":false,"default_value":false},"status":{"type":"string","description":"status of the OpenPages model object","is_array":false,"required":false,"hidden":true,"readonly":true,"validated":false,"displayInChild":false,"restricted":false,"default_value":""}}},"source_asset_id":{"type":"string","description":"source asset information of the model","is_array":false,"required":false,"hidden":true,"readonly":true,"validated":false,"displayInChild":false,"restricted":false,"default_value":""},"version_details":{"type":"object","description":"Model version details","is_array":false,"required":false,"hidden":true,"readonly":true,"validated":false,"displayInChild":false,"restricted":false,"properties":{"number":{"type":"string","description":"Model version number","is_array":false,"required":false,"hidden":true,"readonly":true,"validated":false,"displayInChild":false,"restricted":false,"default_value":""},"comment":{"type":"string","description":"Additional information on model versioning","is_array":false,"required":false,"hidden":true,"readonly":true,"validated":false,"displayInChild":false,"restricted":false,"default_value":""},"approach_id":{"type":"string","description":"Id of the approach considered to develop the model","is_array":false,"required":false,"hidden":true,"readonly":true,"validated":false,"displayInChild":false,"restricted":false,"default_value":""}}},"model_identity_key":{"type":"string","description":"id identifying all models considered to be identical based on resource_key","is_array":false,"required":false,"hidden":true,"readonly":true,"validated":false,"displayInChild":false,"restricted":false,"default_value":""},"type":{"type":"string","description":"physical model type","is_array":false,"required":false,"hidden":true,"readonly":true,"validated":false,"displayInChild":false,"restricted":false,"default_value":"wml_model"},"deployments":{"type":"object","description":"physical model deployments","is_array":true,"required":false,"hidden":true,"readonly":true,"validated":false,"displayInChild":false,"restricted":false,"properties":{"alerts":{"type":"string","description":"alerts","placeholder":"Put a value here","is_array":true,"required":false,"hidden":true,"readonly":true,"validated":false,"displayInChild":false,"restricted":false,"default_value":""},"is_deleted":{"type":"bool","description":"deployment deletion info","is_array":false,"required":false,"hidden":true,"readonly":true,"validated":false,"displayInChild":false,"restricted":false,"default_value":false},"model_revision_id":{"type":"string","description":"model revision id used to deploy","is_array":false,"required":false,"hidden":true,"readonly":true,"validated":false,"displayInChild":false,"restricted":false,"default_value":""},"has_alert":{"type":"bool","description":"deployment alert info","is_array":false,"required":false,"hidden":true,"readonly":true,"validated":false,"displayInChild":false,"restricted":false,"default_value":false},"name":{"type":"string","description":"deployment name","is_array":false,"required":false,"hidden":true,"readonly":true,"validated":false,"displayInChild":false,"restricted":false,"default_value":""},"id":{"type":"string","description":"deployment id","is_array":false,"required":false,"hidden":true,"readonly":true,"validated":false,"displayInChild":false,"restricted":false,"default_value":""},"model_revision_commit_message":{"type":"string","description":"model revision id commit message used to deploy","is_array":false,"required":false,"hidden":true,"readonly":true,"validated":false,"displayInChild":false,"restricted":false,"default_value":""},"status":{"type":"string","description":"deployment status","is_array":false,"required":false,"hidden":true,"readonly":true,"validated":false,"displayInChild":false,"restricted":false,"default_value":"Pending Evaluation"}}},"is_deleted":{"type":"bool","description":"model deletion status","is_array":false,"required":false,"hidden":true,"readonly":true,"validated":false,"displayInChild":false,"restricted":false,"default_value":false},"container_name":{"type":"string","description":"physical model container name","is_array":false,"required":false,"hidden":true,"readonly":true,"validated":false,"displayInChild":false,"restricted":false,"default_value":""},"name":{"type":"string","description":"physical model name","is_array":false,"required":false,"hidden":true,"readonly":true,"validated":false,"displayInChild":false,"restricted":false,"default_value":""},"container_type":{"type":"string","description":"physical model container type","is_array":false,"required":false,"hidden":true,"readonly":true,"validated":false,"displayInChild":false,"restricted":false,"default_value":""},"id":{"type":"string","description":"physical model id","is_array":false,"required":false,"hidden":true,"readonly":true,"validated":false,"displayInChild":false,"restricted":false,"default_value":""},"container_id":{"type":"string","description":"physical model container id","is_array":false,"required":false,"hidden":true,"readonly":true,"validated":false,"displayInChild":false,"restricted":false,"default_value":""},"deployment_space_type":{"type":"string","description":"deployment space type","is_array":false,"required":false,"hidden":true,"readonly":true,"validated":false,"displayInChild":false,"restricted":false,"default_value":"development"},"algorithm":{"type":"string","description":"Algorithm used to develop the model","is_array":false,"required":false,"hidden":true,"readonly":true,"validated":false,"displayInChild":false,"restricted":false,"default_value":""}}}},"localized_metadata_attributes":{"name":{"default":"Derived model use case facts","en":"Derived model use case facts"}},"global_search_searchable":["has_alert","alerts","model_id","container_id"],"attribute_only":true,"is_column_custom_attribute":false,"can_have_image":false,"version":1,"name":"modelfacts_global","scope":"GLOBAL","allow_decorators":false}