{"fields":[],"relationships":[],"properties":{"rule_threshold_tjjfkp":{"type":"integer","is_array":false,"validated":false,"displayInChild":false,"restricted":false,"label":{"default":"Rule Threshold"}}},"localized_metadata_attributes":{"name":{"default":"Threshold"}},"decorates":[{"asset_type_name":"data_rule"}],"global_search_searchable":[],"attribute_only":true,"is_column_custom_attribute":false,"can_have_image":false,"version":1,"name":"threshold_wwcwco","scope":"PROJECT","allow_decorators":false}