{"metadata":[{"metadata":{"create_time":"2023-07-27T08:33:35.000Z","created":1690446815017,"owner_id":"1000331065","usage":{"last_update_time":"2023-07-27T08:33:35.278Z","last_updated_at":"2023-07-27T08:33:35Z","last_updater_id":"1000331065","access_count":0,"last_accessed_at":"2023-07-27T08:33:35Z","last_accessor_id":"1000331065","last_access_time":"2023-07-27T08:33:35.278Z"},"rating":0,"description":"","created_at":"2023-07-27T08:33:35Z","asset_id":"c284b045-1e4d-4e2a-a3bd-5134e01c2ebf","version":2,"origin_country":"us","catalog_id":"e5619c0d-e6ac-42cd-8ac2-c3f3576e6d6c","asset_category":"USER","total_ratings":0,"size":1509,"project_id":"11a0e63f-f198-416b-b25b-e0ec10bd4a44","resource_key":"ds_xml_schema_library/Final_Json_Format_Schema","asset_attributes":["ds_xml_schema_library"],"asset_state":"available","sandbox_id":"11a0e63f-f198-416b-b25b-e0ec10bd4a44","rov":{"mode":0,"member_roles":{"1000331065":{"roles":["OWNER"],"user_iam_id":"1000331065"}},"collaborator_ids":{}},"name":"Final_Json_Format_Schema","asset_type":"ds_xml_schema_library","creator_id":"1000331065"},"attachments":[{"test_doc":0,"object_key":"ds_xml_schema_library/Final_Json_Format_Schema_c284b045-1e4d-4e2a-a3bd-5134e01c2ebf/asset.zip","create_time":1690446815165,"complete_time_ticks":1690446815165,"mime":"application/octet-stream","usage":{"access_count":0,"last_accessor_id":"1000331065","last_access_time":1690446815165},"is_remote":false,"handle":{"max_part_num":1,"upload_id":"done","type":"assetfiles","key":"ds_xml_schema_library/Final_Json_Format_Schema_c284b045-1e4d-4e2a-a3bd-5134e01c2ebf/asset.zip"},"is_user_provided_path_key":true,"user_data":{},"version":2,"size":579,"is_partitioned":false,"datasource_type":"81bafdbd-b7c6-45c5-a4fd-6ec135f66f4e","transfer_complete":true,"asset_type":"ds_xml_schema_library","name":"asset.zip","creator_id":"1000331065","id":"07f91a2e-8bb6-4bd6-9c19-5b0db5a17a38","is_referenced":true,"is_managed":false,"is_object_key_read_only":false},{"test_doc":0,"object_key":"ds_xml_schema_library/Final_Json_Format_Schema_c284b045-1e4d-4e2a-a3bd-5134e01c2ebf/schema.zip","create_time":1690446815277,"complete_time_ticks":1690446815277,"mime":"application/octet-stream","usage":{"access_count":0,"last_accessor_id":"1000331065","last_access_time":1690446815277},"is_remote":false,"handle":{"max_part_num":1,"upload_id":"done","type":"assetfiles","key":"ds_xml_schema_library/Final_Json_Format_Schema_c284b045-1e4d-4e2a-a3bd-5134e01c2ebf/schema.zip"},"is_user_provided_path_key":true,"user_data":{},"version":2,"size":930,"is_partitioned":false,"datasource_type":"81bafdbd-b7c6-45c5-a4fd-6ec135f66f4e","transfer_complete":true,"asset_type":"ds_xml_schema_library","name":"schema.zip","creator_id":"1000331065","id":"a24651d7-1e47-47b3-8556-f0bdffe4cc1a","is_referenced":true,"is_managed":false,"is_object_key_read_only":false}],"href":"/v2/assets/c284b045-1e4d-4e2a-a3bd-5134e01c2ebf?project_id=11a0e63f-f198-416b-b25b-e0ec10bd4a44","entity":{"ds_xml_schema_library":{"attachments":[{"create_by":"1000331066","last_modified_on":"1690276240283","size":1557,"name":"Final_json_format.json.xsd","create_on":"1690276240283","description":"not stored by DirectoryBasedModelServices","last_modified_by":"1000331066","type":"XML","uri":"urn|library|Final_Json_Format_Schema|resource|Final_json_format.json.xsd"}],"parse_status":"OK","version":"1.4"}}}],"attachments":["ds_xml_schema_library/Final_Json_Format_Schema_c284b045-1e4d-4e2a-a3bd-5134e01c2ebf/asset.zip","ds_xml_schema_library/Final_Json_Format_Schema_c284b045-1e4d-4e2a-a3bd-5134e01c2ebf/schema.zip"]}