{"metadata":[{"metadata":{"create_time":"2024-06-27T16:42:52.000Z","created":1719506572510,"owner_id":"1000331142","usage":{"last_update_time":"2024-06-27T16:42:54.194Z","last_updated_at":"2024-06-27T16:42:54Z","last_updater_id":"icp4d-dev","access_count":0,"last_accessed_at":"2024-06-27T16:42:54Z","last_accessor_id":"icp4d-dev","last_access_time":"2024-06-27T16:42:54.194Z"},"rating":0,"description":"","created_at":"2024-06-27T16:42:52Z","asset_id":"42497918-951d-43af-9801-85778e4519cf","version":2,"origin_country":"us","catalog_id":"e5619c0d-e6ac-42cd-8ac2-c3f3576e6d6c","asset_category":"USER","total_ratings":0,"size":6078,"project_id":"11a0e63f-f198-416b-b25b-e0ec10bd4a44","resource_key":"ds_xml_schema_library/Person_Behaviour","asset_attributes":["ds_xml_schema_library"],"asset_state":"available","sandbox_id":"11a0e63f-f198-416b-b25b-e0ec10bd4a44","rov":{"mode":0,"member_roles":{"1000331142":{"roles":["OWNER"],"user_iam_id":"1000331142"}},"collaborator_ids":{}},"name":"Person_Behaviour","asset_type":"ds_xml_schema_library","creator_id":"1000331142"},"attachments":[{"test_doc":0,"object_key":"ds_xml_schema_library/Person_Behaviour_69d3d59f-337e-4025-9fcc-20898904e36d/schema.zip","create_time":1719506573145,"complete_time_ticks":1719506573145,"usage":{"access_count":0,"last_accessor_id":"icp4d-dev","last_access_time":1719506573145},"is_remote":false,"handle":{"max_part_num":1,"upload_id":"done","type":"assetfiles","key":"ds_xml_schema_library/Person_Behaviour_69d3d59f-337e-4025-9fcc-20898904e36d/schema.zip"},"is_user_provided_path_key":true,"user_data":{},"version":2,"size":4218,"is_partitioned":false,"datasource_type":"81bafdbd-b7c6-45c5-a4fd-6ec135f66f4e","transfer_complete":true,"asset_type":"ds_xml_schema_library","name":"schema.zip","creator_id":"icp4d-dev","id":"9704e8c2-22d4-4c14-b64e-4aedb58452f4","is_referenced":true,"is_managed":false,"is_object_key_read_only":false},{"test_doc":0,"object_key":"ds_xml_schema_library/Person_Behaviour_69d3d59f-337e-4025-9fcc-20898904e36d/asset.zip","create_time":1719506573508,"complete_time_ticks":1719506573508,"usage":{"access_count":0,"last_accessor_id":"icp4d-dev","last_access_time":1719506573508},"is_remote":false,"handle":{"max_part_num":1,"upload_id":"done","type":"assetfiles","key":"ds_xml_schema_library/Person_Behaviour_69d3d59f-337e-4025-9fcc-20898904e36d/asset.zip"},"is_user_provided_path_key":true,"user_data":{},"version":2,"size":1860,"is_partitioned":false,"datasource_type":"81bafdbd-b7c6-45c5-a4fd-6ec135f66f4e","transfer_complete":true,"asset_type":"ds_xml_schema_library","name":"asset.zip","creator_id":"icp4d-dev","id":"33313f1b-1d9b-4f53-94ad-96f5a47e8dd1","is_referenced":true,"is_managed":false,"is_object_key_read_only":false}],"href":"/v2/assets/42497918-951d-43af-9801-85778e4519cf?project_id=11a0e63f-f198-416b-b25b-e0ec10bd4a44","entity":{"ds_xml_schema_library":{"attachments":[{"create_by":"1000331046","last_modified_on":"1689238350097","size":21002,"name":"New_Person_Behaviour_Schema.json.xsd","create_on":"1689238350097","description":"not stored by DirectoryBasedModelServices","last_modified_by":"1000331046","type":"XML","uri":"urn|library|Person_Behaviour|resource|New_Person_Behaviour_Schema.json.xsd"}],"parse_status":"OK","version":"1.4"}}}],"attachments":["ds_xml_schema_library/Person_Behaviour_69d3d59f-337e-4025-9fcc-20898904e36d/schema.zip","ds_xml_schema_library/Person_Behaviour_69d3d59f-337e-4025-9fcc-20898904e36d/asset.zip"]}