{"metadata":[{"metadata":{"create_time":"2023-07-27T08:34:49.000Z","created":1690446889033,"owner_id":"1000331065","usage":{"last_update_time":"2023-08-03T06:15:07.792Z","last_updated_at":"2023-08-03T06:15:07Z","last_updater_id":"1000331065","access_count":0,"last_accessed_at":"2023-08-03T06:15:07Z","last_accessor_id":"1000331065","last_access_time":"2023-08-03T06:15:07.792Z"},"rating":0,"description":"","created_at":"2023-07-27T08:34:49Z","asset_id":"aff4b1f9-454d-4662-b655-9d898302b940","version":2,"origin_country":"us","catalog_id":"e5619c0d-e6ac-42cd-8ac2-c3f3576e6d6c","asset_category":"USER","total_ratings":0,"size":3073,"project_id":"11a0e63f-f198-416b-b25b-e0ec10bd4a44","resource_key":"ds_xml_schema_library/Person_Interaction","asset_attributes":["ds_xml_schema_library"],"asset_state":"available","sandbox_id":"11a0e63f-f198-416b-b25b-e0ec10bd4a44","rov":{"mode":0,"member_roles":{"1000331065":{"roles":["OWNER"],"user_iam_id":"1000331065"}},"collaborator_ids":{}},"name":"Person_Interaction","asset_type":"ds_xml_schema_library","creator_id":"1000331065"},"attachments":[{"test_doc":0,"object_key":"ds_xml_schema_library/Person_Interaction_aff4b1f9-454d-4662-b655-9d898302b940/schema.zip","create_time":1691043307576,"complete_time_ticks":1691043307576,"mime":"application/octet-stream","usage":{"access_count":0,"last_accessor_id":"1000331065","last_access_time":1691043307576},"is_remote":false,"handle":{"max_part_num":1,"upload_id":"done","type":"assetfiles","key":"ds_xml_schema_library/Person_Interaction_aff4b1f9-454d-4662-b655-9d898302b940/schema.zip"},"is_user_provided_path_key":true,"user_data":{},"version":2,"size":2024,"is_partitioned":false,"datasource_type":"81bafdbd-b7c6-45c5-a4fd-6ec135f66f4e","transfer_complete":true,"asset_type":"ds_xml_schema_library","name":"schema.zip","creator_id":"1000331065","id":"16863e8d-1185-4fed-8cfb-37292fb5549b","is_referenced":true,"is_managed":false,"is_object_key_read_only":false},{"test_doc":0,"object_key":"ds_xml_schema_library/Person_Interaction_aff4b1f9-454d-4662-b655-9d898302b940/asset.zip","create_time":1691043307708,"complete_time_ticks":1691043307708,"mime":"application/octet-stream","usage":{"access_count":0,"last_accessor_id":"1000331065","last_access_time":1691043307708},"is_remote":false,"handle":{"max_part_num":1,"upload_id":"done","type":"assetfiles","key":"ds_xml_schema_library/Person_Interaction_aff4b1f9-454d-4662-b655-9d898302b940/asset.zip"},"is_user_provided_path_key":true,"user_data":{},"version":2,"size":1049,"is_partitioned":false,"datasource_type":"81bafdbd-b7c6-45c5-a4fd-6ec135f66f4e","transfer_complete":true,"asset_type":"ds_xml_schema_library","name":"asset.zip","creator_id":"1000331065","id":"9874e3d9-f594-4d89-a18a-3a1049faf7f3","is_referenced":true,"is_managed":false,"is_object_key_read_only":false}],"href":"/v2/assets/aff4b1f9-454d-4662-b655-9d898302b940?project_id=11a0e63f-f198-416b-b25b-e0ec10bd4a44","entity":{"ds_xml_schema_library":{"attachments":[{"create_by":"1000331065","last_modified_on":"1691043307767","size":8207,"name":"New_person_interaction_json_schema.json.xsd","create_on":"1691043307767","description":"not stored by DirectoryBasedModelServices","last_modified_by":"1000331065","type":"XML","uri":"urn|library|Person_Interaction|resource|New_person_interaction_json_schema.json.xsd"}],"parse_status":"OK","version":"1.4"}}}],"attachments":["ds_xml_schema_library/Person_Interaction_aff4b1f9-454d-4662-b655-9d898302b940/schema.zip","ds_xml_schema_library/Person_Interaction_aff4b1f9-454d-4662-b655-9d898302b940/asset.zip"]}