{"metadata":[{"metadata":{"create_time":"2023-09-01T17:11:53.000Z","created":1693588313372,"owner_id":"1000331066","usage":{"last_update_time":"2023-09-01T17:12:20.804Z","last_updated_at":"2023-09-01T17:12:20Z","last_updater_id":"1000331066","access_count":0,"last_accessed_at":"2023-09-01T17:12:20Z","last_accessor_id":"1000331066","last_access_time":"2023-09-01T17:12:20.804Z"},"rating":0,"description":"","created_at":"2023-09-01T17:11:53Z","asset_id":"10b6c106-536c-4355-9561-a426537c121b","version":2,"origin_country":"us","catalog_id":"e5619c0d-e6ac-42cd-8ac2-c3f3576e6d6c","asset_category":"USER","total_ratings":0,"size":7198,"project_id":"11a0e63f-f198-416b-b25b-e0ec10bd4a44","resource_key":"ds_xml_schema_library/Person_Entity_v2","asset_attributes":["ds_xml_schema_library"],"asset_state":"available","sandbox_id":"11a0e63f-f198-416b-b25b-e0ec10bd4a44","rov":{"mode":0,"member_roles":{"1000331066":{"roles":["OWNER"],"user_iam_id":"1000331066"}},"collaborator_ids":{}},"name":"Person_Entity_v2","asset_type":"ds_xml_schema_library","creator_id":"1000331066"},"attachments":[{"test_doc":0,"object_key":"ds_xml_schema_library/Person_Entity_v2_10b6c106-536c-4355-9561-a426537c121b/schema.zip","create_time":1693588340337,"complete_time_ticks":1693588340337,"mime":"application/octet-stream","usage":{"access_count":0,"last_accessor_id":"1000331066","last_access_time":1693588340337},"is_remote":false,"handle":{"max_part_num":1,"upload_id":"done","type":"assetfiles","key":"ds_xml_schema_library/Person_Entity_v2_10b6c106-536c-4355-9561-a426537c121b/schema.zip"},"is_user_provided_path_key":true,"user_data":{},"version":2,"size":5146,"is_partitioned":false,"datasource_type":"81bafdbd-b7c6-45c5-a4fd-6ec135f66f4e","transfer_complete":true,"asset_type":"ds_xml_schema_library","name":"schema.zip","creator_id":"1000331066","id":"bc15fb18-5ba6-440a-bf6b-036697f940fa","is_referenced":true,"is_managed":false,"is_object_key_read_only":false},{"test_doc":0,"object_key":"ds_xml_schema_library/Person_Entity_v2_10b6c106-536c-4355-9561-a426537c121b/asset.zip","create_time":1693588340491,"complete_time_ticks":1693588340491,"mime":"application/octet-stream","usage":{"access_count":0,"last_accessor_id":"1000331066","last_access_time":1693588340491},"is_remote":false,"handle":{"max_part_num":1,"upload_id":"done","type":"assetfiles","key":"ds_xml_schema_library/Person_Entity_v2_10b6c106-536c-4355-9561-a426537c121b/asset.zip"},"is_user_provided_path_key":true,"user_data":{},"version":2,"size":2052,"is_partitioned":false,"datasource_type":"81bafdbd-b7c6-45c5-a4fd-6ec135f66f4e","transfer_complete":true,"asset_type":"ds_xml_schema_library","name":"asset.zip","creator_id":"1000331066","id":"5702cc5c-e423-46da-895a-0d8cac68ed03","is_referenced":true,"is_managed":false,"is_object_key_read_only":false}],"href":"/v2/assets/10b6c106-536c-4355-9561-a426537c121b?project_id=11a0e63f-f198-416b-b25b-e0ec10bd4a44","entity":{"ds_xml_schema_library":{"attachments":[{"create_by":"1000331066","last_modified_on":"1693588340650","size":40171,"name":"New_Person_Entity_Schema_v2.json.xsd","create_on":"1693588340650","description":"not stored by DirectoryBasedModelServices","last_modified_by":"1000331066","type":"XML","uri":"urn|library|Person_Entity_v2|resource|New_Person_Entity_Schema_v2.json.xsd"}],"parse_status":"OK","version":"1.4"}}}],"attachments":["ds_xml_schema_library/Person_Entity_v2_10b6c106-536c-4355-9561-a426537c121b/schema.zip","ds_xml_schema_library/Person_Entity_v2_10b6c106-536c-4355-9561-a426537c121b/asset.zip"]}