{"metadata":[{"metadata":{"create_time":"2023-07-27T08:35:38.000Z","created":1690446938309,"owner_id":"1000331065","usage":{"last_update_time":"2023-07-27T08:35:38.581Z","last_updated_at":"2023-07-27T08:35:38Z","last_updater_id":"1000331065","access_count":0,"last_accessed_at":"2023-07-27T08:35:38Z","last_accessor_id":"1000331065","last_access_time":"2023-07-27T08:35:38.581Z"},"rating":0,"description":"","created_at":"2023-07-27T08:35:38Z","asset_id":"9326fcb3-5ab9-4d8b-b42a-5f2b0ef59c26","version":2,"origin_country":"us","catalog_id":"e5619c0d-e6ac-42cd-8ac2-c3f3576e6d6c","asset_category":"USER","total_ratings":0,"size":7224,"project_id":"11a0e63f-f198-416b-b25b-e0ec10bd4a44","resource_key":"ds_xml_schema_library/Person_record","asset_attributes":["ds_xml_schema_library"],"asset_state":"available","sandbox_id":"11a0e63f-f198-416b-b25b-e0ec10bd4a44","rov":{"mode":0,"member_roles":{"1000331065":{"roles":["OWNER"],"user_iam_id":"1000331065"}},"collaborator_ids":{}},"name":"Person_record","asset_type":"ds_xml_schema_library","creator_id":"1000331065"},"attachments":[{"test_doc":0,"object_key":"ds_xml_schema_library/Person_record_9326fcb3-5ab9-4d8b-b42a-5f2b0ef59c26/asset.zip","create_time":1690446938448,"complete_time_ticks":1690446938448,"mime":"application/octet-stream","usage":{"access_count":0,"last_accessor_id":"1000331065","last_access_time":1690446938448},"is_remote":false,"handle":{"max_part_num":1,"upload_id":"done","type":"assetfiles","key":"ds_xml_schema_library/Person_record_9326fcb3-5ab9-4d8b-b42a-5f2b0ef59c26/asset.zip"},"is_user_provided_path_key":true,"user_data":{},"version":2,"size":2050,"is_partitioned":false,"datasource_type":"81bafdbd-b7c6-45c5-a4fd-6ec135f66f4e","transfer_complete":true,"asset_type":"ds_xml_schema_library","name":"asset.zip","creator_id":"1000331065","id":"9b02bb3a-48e5-4afa-87b7-da66e83076f8","is_referenced":true,"is_managed":false,"is_object_key_read_only":false},{"test_doc":0,"object_key":"ds_xml_schema_library/Person_record_9326fcb3-5ab9-4d8b-b42a-5f2b0ef59c26/schema.zip","create_time":1690446938580,"complete_time_ticks":1690446938580,"mime":"application/octet-stream","usage":{"access_count":0,"last_accessor_id":"1000331065","last_access_time":1690446938580},"is_remote":false,"handle":{"max_part_num":1,"upload_id":"done","type":"assetfiles","key":"ds_xml_schema_library/Person_record_9326fcb3-5ab9-4d8b-b42a-5f2b0ef59c26/schema.zip"},"is_user_provided_path_key":true,"user_data":{},"version":2,"size":5174,"is_partitioned":false,"datasource_type":"81bafdbd-b7c6-45c5-a4fd-6ec135f66f4e","transfer_complete":true,"asset_type":"ds_xml_schema_library","name":"schema.zip","creator_id":"1000331065","id":"3ed70485-24ab-4355-83d1-e4248d82072a","is_referenced":true,"is_managed":false,"is_object_key_read_only":false}],"href":"/v2/assets/9326fcb3-5ab9-4d8b-b42a-5f2b0ef59c26?project_id=11a0e63f-f198-416b-b25b-e0ec10bd4a44","entity":{"ds_xml_schema_library":{"attachments":[{"create_by":"1000331036","last_modified_on":"1689942084965","size":40404,"name":"New_Person_Json_Schema.json.xsd","create_on":"1689942084965","description":"not stored by DirectoryBasedModelServices","last_modified_by":"1000331036","type":"XML","uri":"urn|library|Person_record|resource|New_Person_Json_Schema.json.xsd"}],"parse_status":"OK","version":"1.4"}}}],"attachments":["ds_xml_schema_library/Person_record_9326fcb3-5ab9-4d8b-b42a-5f2b0ef59c26/asset.zip","ds_xml_schema_library/Person_record_9326fcb3-5ab9-4d8b-b42a-5f2b0ef59c26/schema.zip"]}