{"metadata":[{"metadata":{"create_time":"2023-07-27T08:37:42.000Z","created":1690447062468,"owner_id":"1000331065","usage":{"last_update_time":"2024-06-27T16:51:25.548Z","last_updated_at":"2024-06-27T16:51:25Z","last_updater_id":"1000331142","access_count":0,"last_accessed_at":"2024-06-27T16:51:25Z","last_accessor_id":"1000331142","last_access_time":"2024-06-27T16:51:25.548Z"},"rating":0,"description":"","created_at":"2023-07-27T08:37:42Z","asset_id":"a0b60d89-c8bb-4286-81f3-9413d92ff852","version":2,"origin_country":"us","catalog_id":"e5619c0d-e6ac-42cd-8ac2-c3f3576e6d6c","asset_category":"USER","total_ratings":0,"size":7230,"project_id":"11a0e63f-f198-416b-b25b-e0ec10bd4a44","resource_key":"ds_xml_schema_library/Person_Entity","asset_attributes":["ds_xml_schema_library"],"asset_state":"available","sandbox_id":"11a0e63f-f198-416b-b25b-e0ec10bd4a44","rov":{"mode":0,"member_roles":{"1000331065":{"roles":["OWNER"],"user_iam_id":"1000331065"}},"collaborator_ids":{}},"name":"Person_Entity","asset_type":"ds_xml_schema_library","creator_id":"1000331065"},"attachments":[{"test_doc":0,"object_key":"ds_xml_schema_library/Person_Entity_a0b60d89-c8bb-4286-81f3-9413d92ff852/schema.zip","create_time":1719507085291,"complete_time_ticks":1719507085291,"mime":"application/octet-stream","usage":{"access_count":0,"last_accessor_id":"1000331142","last_access_time":1719507085291},"is_remote":false,"handle":{"max_part_num":1,"upload_id":"done","type":"assetfiles","key":"ds_xml_schema_library/Person_Entity_a0b60d89-c8bb-4286-81f3-9413d92ff852/schema.zip"},"is_user_provided_path_key":true,"user_data":{},"version":2,"size":5169,"is_partitioned":false,"datasource_type":"81bafdbd-b7c6-45c5-a4fd-6ec135f66f4e","transfer_complete":true,"asset_type":"ds_xml_schema_library","name":"schema.zip","creator_id":"1000331142","id":"29e330b6-2497-4068-931f-a06033e6b27f","is_referenced":true,"is_managed":false,"is_object_key_read_only":false},{"test_doc":0,"object_key":"ds_xml_schema_library/Person_Entity_a0b60d89-c8bb-4286-81f3-9413d92ff852/asset.zip","create_time":1719507085450,"complete_time_ticks":1719507085450,"mime":"application/octet-stream","usage":{"access_count":0,"last_accessor_id":"1000331142","last_access_time":1719507085450},"is_remote":false,"handle":{"max_part_num":1,"upload_id":"done","type":"assetfiles","key":"ds_xml_schema_library/Person_Entity_a0b60d89-c8bb-4286-81f3-9413d92ff852/asset.zip"},"is_user_provided_path_key":true,"user_data":{},"version":2,"size":2061,"is_partitioned":false,"datasource_type":"81bafdbd-b7c6-45c5-a4fd-6ec135f66f4e","transfer_complete":true,"asset_type":"ds_xml_schema_library","name":"asset.zip","creator_id":"1000331142","id":"f7aa13b0-cabe-4123-9e1e-17b9467eceb0","is_referenced":true,"is_managed":false,"is_object_key_read_only":false}],"href":"/v2/assets/a0b60d89-c8bb-4286-81f3-9413d92ff852?project_id=11a0e63f-f198-416b-b25b-e0ec10bd4a44","entity":{"ds_xml_schema_library":{"attachments":[{"create_by":"1000331065","last_modified_on":"1719507085502","size":40264,"name":"New_Person_Entity_Schema.json.xsd","create_on":"1719507085502","description":"not stored by DirectoryBasedModelServices","last_modified_by":"1000331065","type":"XML","uri":"urn|library|Person_Entity|resource|New_Person_Entity_Schema.json.xsd"}],"parse_status":"OK","version":"1.4"}}}],"attachments":["ds_xml_schema_library/Person_Entity_a0b60d89-c8bb-4286-81f3-9413d92ff852/schema.zip","ds_xml_schema_library/Person_Entity_a0b60d89-c8bb-4286-81f3-9413d92ff852/asset.zip"]}