{"metadata":[{"metadata":{"create_time":"2023-07-27T08:33:34.000Z","created":1690446814989,"owner_id":"1000331065","usage":{"last_update_time":"2023-07-27T08:33:35.293Z","last_updated_at":"2023-07-27T08:33:35Z","last_updater_id":"1000331065","access_count":0,"last_accessed_at":"2023-07-27T08:33:35Z","last_accessor_id":"1000331065","last_access_time":"2023-07-27T08:33:35.293Z"},"rating":0,"description":"","created_at":"2023-07-27T08:33:34Z","asset_id":"2585adf7-2ef2-4525-8107-5016ac34d3a3","version":2,"origin_country":"us","catalog_id":"e5619c0d-e6ac-42cd-8ac2-c3f3576e6d6c","asset_category":"USER","total_ratings":0,"size":4970,"project_id":"11a0e63f-f198-416b-b25b-e0ec10bd4a44","resource_key":"ds_xml_schema_library/Person_Consent","asset_attributes":["ds_xml_schema_library"],"asset_state":"available","sandbox_id":"11a0e63f-f198-416b-b25b-e0ec10bd4a44","rov":{"mode":0,"member_roles":{"1000331065":{"roles":["OWNER"],"user_iam_id":"1000331065"}},"collaborator_ids":{}},"name":"Person_Consent","asset_type":"ds_xml_schema_library","creator_id":"1000331065"},"attachments":[{"test_doc":0,"object_key":"ds_xml_schema_library/Person_Consent_2585adf7-2ef2-4525-8107-5016ac34d3a3/asset.zip","create_time":1690446815163,"complete_time_ticks":1690446815163,"mime":"application/octet-stream","usage":{"access_count":0,"last_accessor_id":"1000331065","last_access_time":1690446815163},"is_remote":false,"handle":{"max_part_num":1,"upload_id":"done","type":"assetfiles","key":"ds_xml_schema_library/Person_Consent_2585adf7-2ef2-4525-8107-5016ac34d3a3/asset.zip"},"is_user_provided_path_key":true,"user_data":{},"version":2,"size":1554,"is_partitioned":false,"datasource_type":"81bafdbd-b7c6-45c5-a4fd-6ec135f66f4e","transfer_complete":true,"asset_type":"ds_xml_schema_library","name":"asset.zip","creator_id":"1000331065","id":"ca78b625-eea6-4d51-bda8-38a2b10487cf","is_referenced":true,"is_managed":false,"is_object_key_read_only":false},{"test_doc":0,"object_key":"ds_xml_schema_library/Person_Consent_2585adf7-2ef2-4525-8107-5016ac34d3a3/schema.zip","create_time":1690446815293,"complete_time_ticks":1690446815293,"mime":"application/octet-stream","usage":{"access_count":0,"last_accessor_id":"1000331065","last_access_time":1690446815293},"is_remote":false,"handle":{"max_part_num":1,"upload_id":"done","type":"assetfiles","key":"ds_xml_schema_library/Person_Consent_2585adf7-2ef2-4525-8107-5016ac34d3a3/schema.zip"},"is_user_provided_path_key":true,"user_data":{},"version":2,"size":3416,"is_partitioned":false,"datasource_type":"81bafdbd-b7c6-45c5-a4fd-6ec135f66f4e","transfer_complete":true,"asset_type":"ds_xml_schema_library","name":"schema.zip","creator_id":"1000331065","id":"73d89f8e-e887-4414-97dd-2092f6961741","is_referenced":true,"is_managed":false,"is_object_key_read_only":false}],"href":"/v2/assets/2585adf7-2ef2-4525-8107-5016ac34d3a3?project_id=11a0e63f-f198-416b-b25b-e0ec10bd4a44","entity":{"ds_xml_schema_library":{"attachments":[{"create_by":"1000331046","last_modified_on":"1689171665512","size":18987,"name":"New_Consent_Json_Schema.json.xsd","create_on":"1689171665512","description":"not stored by DirectoryBasedModelServices","last_modified_by":"1000331046","type":"XML","uri":"urn|library|Person_Consent|resource|New_Consent_Json_Schema.json.xsd"}],"parse_status":"OK","version":"1.4"}}}],"attachments":["ds_xml_schema_library/Person_Consent_2585adf7-2ef2-4525-8107-5016ac34d3a3/asset.zip","ds_xml_schema_library/Person_Consent_2585adf7-2ef2-4525-8107-5016ac34d3a3/schema.zip"]}