{"metadata":[{"metadata":{"create_time":"2023-07-27T08:36:49.000Z","created":1690447009178,"owner_id":"1000331065","usage":{"last_update_time":"2023-09-04T14:30:40.847Z","last_updated_at":"2023-09-04T14:30:40Z","last_updater_id":"1000331065","access_count":0,"last_accessed_at":"2023-09-04T14:30:40Z","last_accessor_id":"1000331065","last_access_time":"2023-09-04T14:30:40.847Z"},"rating":0,"description":"","created_at":"2023-07-27T08:36:49Z","asset_id":"06808f15-933b-40a3-a603-3ddf2613629e","version":2,"origin_country":"us","catalog_id":"e5619c0d-e6ac-42cd-8ac2-c3f3576e6d6c","asset_category":"USER","total_ratings":0,"size":4625,"project_id":"11a0e63f-f198-416b-b25b-e0ec10bd4a44","resource_key":"ds_xml_schema_library/Person_Account","asset_attributes":["ds_xml_schema_library"],"asset_state":"available","sandbox_id":"11a0e63f-f198-416b-b25b-e0ec10bd4a44","rov":{"mode":0,"member_roles":{"1000331065":{"roles":["OWNER"],"user_iam_id":"1000331065"}},"collaborator_ids":{}},"name":"Person_Account","asset_type":"ds_xml_schema_library","creator_id":"1000331065"},"attachments":[{"test_doc":0,"object_key":"ds_xml_schema_library/Person_Account_06808f15-933b-40a3-a603-3ddf2613629e/schema.zip","create_time":1693837840256,"complete_time_ticks":1693837840256,"mime":"application/octet-stream","usage":{"access_count":0,"last_accessor_id":"1000331065","last_access_time":1693837840256},"is_remote":false,"handle":{"max_part_num":1,"upload_id":"done","type":"assetfiles","key":"ds_xml_schema_library/Person_Account_06808f15-933b-40a3-a603-3ddf2613629e/schema.zip"},"is_user_provided_path_key":true,"user_data":{},"version":2,"size":3161,"is_partitioned":false,"datasource_type":"81bafdbd-b7c6-45c5-a4fd-6ec135f66f4e","transfer_complete":true,"asset_type":"ds_xml_schema_library","name":"schema.zip","creator_id":"1000331065","id":"1d6e772c-050a-4381-bdde-9244f9ea6a3d","is_referenced":true,"is_managed":false,"is_object_key_read_only":false},{"test_doc":0,"object_key":"ds_xml_schema_library/Person_Account_06808f15-933b-40a3-a603-3ddf2613629e/asset.zip","create_time":1693837840405,"complete_time_ticks":1693837840405,"mime":"application/octet-stream","usage":{"access_count":0,"last_accessor_id":"1000331065","last_access_time":1693837840405},"is_remote":false,"handle":{"max_part_num":1,"upload_id":"done","type":"assetfiles","key":"ds_xml_schema_library/Person_Account_06808f15-933b-40a3-a603-3ddf2613629e/asset.zip"},"is_user_provided_path_key":true,"user_data":{},"version":2,"size":1464,"is_partitioned":false,"datasource_type":"81bafdbd-b7c6-45c5-a4fd-6ec135f66f4e","transfer_complete":true,"asset_type":"ds_xml_schema_library","name":"asset.zip","creator_id":"1000331065","id":"6da8fbb0-6665-4091-bf0a-5fc57a5f5405","is_referenced":true,"is_managed":false,"is_object_key_read_only":false}],"href":"/v2/assets/06808f15-933b-40a3-a603-3ddf2613629e?project_id=11a0e63f-f198-416b-b25b-e0ec10bd4a44","entity":{"ds_xml_schema_library":{"attachments":[{"create_by":"1000331065","last_modified_on":"1693837840608","size":16717,"name":"New_person_account_Json_Schema.json.xsd","create_on":"1693837840608","description":"not stored by DirectoryBasedModelServices","last_modified_by":"1000331065","type":"XML","uri":"urn|library|Person_Account|resource|New_person_account_Json_Schema.json.xsd"}],"parse_status":"OK","version":"1.4"}}}],"attachments":["ds_xml_schema_library/Person_Account_06808f15-933b-40a3-a603-3ddf2613629e/schema.zip","ds_xml_schema_library/Person_Account_06808f15-933b-40a3-a603-3ddf2613629e/asset.zip"]}