{"metadata":{"asset_id":"d68f5d15-7863-410e-bf48-32cc870b3133","asset_attributes":["job"],"name":"job_plMain_Inbound_Schedule_IMS_2of2","asset_type":"job","created_at":"2024-06-06T15:35:24Z","description":"","origin_country":"us","owner_id":"1000331044","project_id":"11a0e63f-f198-416b-b25b-e0ec10bd4a44","size":0,"usage":{"last_update_time":1729864803747,"last_updated_at":"2024-10-25T14:00:03Z"}},"entity":{"job":{"asset_ref_type":"orchestration_flow","configuration":{"version":"8064e9f4-41c8-4482-8450-eb837b00440e-0","env_type":"","env_variables":[]},"last_run_initiator":"deprecated field","last_run_time":"deprecated field","last_run_status":"deprecated field","last_run_status_timestamp":0,"future_scheduled_runs":["2024-10-26T14:00:00.000Z","2024-10-27T14:00:00.000Z","2024-10-28T14:00:00.000Z","2024-10-29T14:00:00.000Z","2024-10-30T14:00:00.000Z","2024-10-31T14:00:00.000Z","2024-11-01T14:00:00.000Z","2024-11-02T14:00:00.000Z","2024-11-03T14:00:00.000Z","2024-11-04T14:00:00.000Z"],"enable_notifications":true,"project_name":"Customer-MDM","asset_ref":"8064e9f4-41c8-4482-8450-eb837b00440e","job_parameters":[{"name":"SourceName","value":"IMS"},{"name":"RecordType","value":"PERSON"}],"schedule_id":"fddd2942-7912-4e5f-a899-555432bf4c95","schedule_creator_id":"1000331044","schedule":"0 14 * * *","schedule_info":{"startOn":1729798200000,"repeat":true}}}}