{"metadata":{"asset_id":"220700ef-cdef-47ea-ada7-d7fb957ec4e5","asset_attributes":["job"],"name":"GIGYA_IL_PERSON_12 job","asset_type":"job","created_at":"2024-06-19T14:21:16Z","description":"","origin_country":"us","owner_id":"1000331142","project_id":"11a0e63f-f198-416b-b25b-e0ec10bd4a44","size":0,"usage":{"last_update_time":1718806876819,"last_updated_at":"2024-06-19T14:21:16Z"}},"entity":{"job":{"asset_ref_type":"metadata_import","configuration":{"env_type":"","env_variables":[]},"last_run_initiator":"deprecated field","last_run_time":"deprecated field","last_run_status":"deprecated field","last_run_status_timestamp":0,"future_scheduled_runs":[],"enable_notifications":true,"project_name":"Customer-MDM","asset_ref":"72629577-9a1d-4dfb-b2ce-f5da7eea751e","schedule_id":"","schedule_creator_id":""}}}