{"metadata":{"asset_id":"20ea1d67-c2ce-4f59-909d-ce888da4bf3a","asset_attributes":["job"],"name":"MPOS_IL_PERSON_7 job","asset_type":"job","created_at":"2024-10-01T12:58:19Z","description":"","origin_country":"us","owner_id":"1000331142","project_id":"11a0e63f-f198-416b-b25b-e0ec10bd4a44","size":0,"usage":{"last_update_time":1727787499770,"last_updated_at":"2024-10-01T12:58:19Z"}},"entity":{"job":{"asset_ref_type":"metadata_import","configuration":{"env_type":"","env_variables":[]},"last_run_initiator":"deprecated field","last_run_time":"deprecated field","last_run_status":"deprecated field","last_run_status_timestamp":0,"future_scheduled_runs":[],"enable_notifications":true,"project_name":"Customer-MDM","asset_ref":"b62e7e0a-732c-4246-ab70-a2e127b056a1","schedule_id":"","schedule_creator_id":""}}}