{"metadata":{"asset_id":"5a4cdc67-060e-46a8-9e8f-c483873d372d","asset_attributes":["job"],"name":"EPSILON_IL_PERSON_COMMUNICATION_CONSENT_12_2 job","asset_type":"job","created_at":"2024-10-10T16:17:32Z","description":"","origin_country":"us","owner_id":"1000331142","project_id":"11a0e63f-f198-416b-b25b-e0ec10bd4a44","size":0,"usage":{"last_update_time":1728577052438,"last_updated_at":"2024-10-10T16:17:32Z"}},"entity":{"job":{"asset_ref_type":"metadata_import","configuration":{"env_type":"","env_variables":[]},"last_run_initiator":"deprecated field","last_run_time":"deprecated field","last_run_status":"deprecated field","last_run_status_timestamp":0,"future_scheduled_runs":[],"enable_notifications":true,"project_name":"Customer-MDM","asset_ref":"7663e7d2-a637-4a38-bf36-b70389288536","schedule_id":"","schedule_creator_id":""}}}