{"metadata":{"asset_id":"264a26a6-3123-4c14-8840-d36326778295","asset_attributes":["job"],"name":"EPSILON_IL_PERSON_12_2 job","asset_type":"job","created_at":"2024-10-14T00:19:33Z","description":"","origin_country":"us","owner_id":"1000331142","project_id":"11a0e63f-f198-416b-b25b-e0ec10bd4a44","size":0,"usage":{"last_update_time":1728865173552,"last_updated_at":"2024-10-14T00:19:33Z"}},"entity":{"job":{"asset_ref_type":"metadata_import","configuration":{"env_type":"","env_variables":[]},"last_run_initiator":"deprecated field","last_run_time":"deprecated field","last_run_status":"deprecated field","last_run_status_timestamp":0,"future_scheduled_runs":[],"enable_notifications":true,"project_name":"Customer-MDM","asset_ref":"bb2a8130-7423-4087-ae54-a914e5aa44f3","schedule_id":"","schedule_creator_id":""}}}