{"metadata":{"asset_id":"d9908d1d-f275-4441-a749-fe4bff33788b","asset_attributes":["job"],"name":"EPSILON_IL_PERSON_COMMUNICATION_CONSENT_6_1 job","asset_type":"job","created_at":"2024-10-10T14:59:55Z","description":"","origin_country":"us","owner_id":"1000331142","project_id":"11a0e63f-f198-416b-b25b-e0ec10bd4a44","size":0,"usage":{"last_update_time":1728572395848,"last_updated_at":"2024-10-10T14:59:55Z"}},"entity":{"job":{"asset_ref_type":"metadata_import","configuration":{"env_type":"","env_variables":[]},"last_run_initiator":"deprecated field","last_run_time":"deprecated field","last_run_status":"deprecated field","last_run_status_timestamp":0,"future_scheduled_runs":[],"enable_notifications":true,"project_name":"Customer-MDM","asset_ref":"2a26b43d-d934-451d-97cc-7ffd9f8db2cc","schedule_id":"","schedule_creator_id":""}}}