{"metadata":{"asset_id":"a5b5f48f-f6b0-430b-b329-78c52fcb8d8b","asset_attributes":["job"],"name":"job_plOutbound_Ongoing_Organization_Behaviour_Process","asset_type":"job","created_at":"2024-06-06T15:55:04Z","description":"","origin_country":"us","owner_id":"1000331044","project_id":"11a0e63f-f198-416b-b25b-e0ec10bd4a44","size":0,"usage":{"last_update_time":1717689304955,"last_updated_at":"2024-06-06T15:55:04Z"}},"entity":{"job":{"asset_ref_type":"orchestration_flow","configuration":{"version":"385dc8c4-2243-41d5-8702-a1d0236cc6d1-0","env_type":"","env_variables":[]},"last_run_initiator":"deprecated field","last_run_time":"deprecated field","last_run_status":"deprecated field","last_run_status_timestamp":0,"future_scheduled_runs":[],"enable_notifications":true,"project_name":"Customer-MDM","asset_ref":"385dc8c4-2243-41d5-8702-a1d0236cc6d1","parameter_sets":[{"name":"PS_Outbound_Kafka_Topics"},{"name":"PS_Match360_Connection"}],"schedule_id":"","schedule_creator_id":""}}}