{"metadata":{"asset_id":"135d3d08-ab1a-4390-a402-e4e8df8bc53b","asset_attributes":["job"],"name":"GIGYA_IL_PERSON_7 job","asset_type":"job","created_at":"2024-06-19T14:28:04Z","description":"","origin_country":"us","owner_id":"1000331142","project_id":"11a0e63f-f198-416b-b25b-e0ec10bd4a44","size":0,"usage":{"last_update_time":1718807284959,"last_updated_at":"2024-06-19T14:28:04Z"}},"entity":{"job":{"asset_ref_type":"metadata_import","configuration":{"env_type":"","env_variables":[]},"last_run_initiator":"deprecated field","last_run_time":"deprecated field","last_run_status":"deprecated field","last_run_status_timestamp":0,"future_scheduled_runs":[],"enable_notifications":true,"project_name":"Customer-MDM","asset_ref":"5340e120-193c-49a7-b957-817445a9e9ac","schedule_id":"","schedule_creator_id":""}}}