{"metadata":{"asset_id":"77073b8d-dcbc-42c4-ab2f-30d349ee92e8","asset_attributes":["job"],"name":"Outbound_Initial_Person_Behavior_Record.DataStage job","asset_type":"job","created_at":"2024-07-08T20:43:25Z","origin_country":"us","owner_id":"1000331142","project_id":"11a0e63f-f198-416b-b25b-e0ec10bd4a44","size":0,"usage":{"last_update_time":1720482551377,"last_updated_at":"2024-07-08T23:49:11Z"}},"entity":{"job":{"asset_ref_type":"data_intg_flow","configuration":{"env_variables":[],"flow_limits":{"warn_limit":0},"runPriorityQueue":"High","env_id":"128d5608-cdfc-42dc-89ea-fc897ffbf806","env_type":"datastage"},"last_run_initiator":"deprecated field","last_run_time":"deprecated field","last_run_status":"deprecated field","last_run_status_timestamp":0,"future_scheduled_runs":[],"enable_notifications":true,"project_name":"Customer-MDM","asset_ref":"2340c7bc-75b8-40ef-888c-0fa9baede8d5","parameter_sets":[],"schedule_id":"","schedule_creator_id":"","retention_policy":{},"job_parameters":[]}}}