{"metadata":{"asset_id":"8daffe98-380f-4e2a-8bc3-6cc0c3f71960","asset_attributes":["job"],"name":"GIGYA_IL_PC_8 job","asset_type":"job","created_at":"2024-06-25T20:26:42Z","description":"","origin_country":"us","owner_id":"1000331142","project_id":"11a0e63f-f198-416b-b25b-e0ec10bd4a44","size":0,"usage":{"last_update_time":1719347202649,"last_updated_at":"2024-06-25T20:26:42Z"}},"entity":{"job":{"asset_ref_type":"metadata_import","configuration":{"env_type":"","env_variables":[]},"last_run_initiator":"deprecated field","last_run_time":"deprecated field","last_run_status":"deprecated field","last_run_status_timestamp":0,"future_scheduled_runs":[],"enable_notifications":true,"project_name":"Customer-MDM","asset_ref":"1ecc634e-c931-49b4-b727-f624f17f90ed","schedule_id":"","schedule_creator_id":""}}}