{"metadata":{"asset_id":"75daf7f9-621f-4bfc-a2de-4fbc2050458e","asset_attributes":["job"],"name":"GIGYA_IL_PC_1 job","asset_type":"job","created_at":"2024-06-25T20:34:28Z","description":"","origin_country":"us","owner_id":"1000331142","project_id":"11a0e63f-f198-416b-b25b-e0ec10bd4a44","size":0,"usage":{"last_update_time":1719347668020,"last_updated_at":"2024-06-25T20:34:28Z"}},"entity":{"job":{"asset_ref_type":"metadata_import","configuration":{"env_type":"","env_variables":[]},"last_run_initiator":"deprecated field","last_run_time":"deprecated field","last_run_status":"deprecated field","last_run_status_timestamp":0,"future_scheduled_runs":[],"enable_notifications":true,"project_name":"Customer-MDM","asset_ref":"f3af4594-6ff7-4618-b40c-be247859afa7","schedule_id":"","schedule_creator_id":""}}}