{"metadata":{"asset_id":"6385b0a8-6ca0-4fe9-9506-30ddfee53dec","asset_attributes":["job"],"name":"job_plMain_Inbound_Schedule_MYSIGNUPS_ORG_2of2","asset_type":"job","created_at":"2024-05-09T14:45:29Z","description":"","origin_country":"us","owner_id":"1000331044","project_id":"11a0e63f-f198-416b-b25b-e0ec10bd4a44","size":0,"usage":{"last_update_time":1729898428761,"last_updated_at":"2024-10-25T23:20:28Z"}},"entity":{"job":{"asset_ref_type":"orchestration_flow","configuration":{"version":"1b2fbd3a-dc9e-474b-a3ba-0f774dbe1d7f-0","env_type":"","env_variables":[]},"last_run_initiator":"deprecated field","last_run_time":"deprecated field","last_run_status":"deprecated field","last_run_status_timestamp":0,"future_scheduled_runs":["2024-10-26T23:20:00.000Z","2024-10-27T23:20:00.000Z","2024-10-28T23:20:00.000Z","2024-10-29T23:20:00.000Z","2024-10-30T23:20:00.000Z","2024-10-31T23:20:00.000Z","2024-11-01T23:20:00.000Z","2024-11-02T23:20:00.000Z","2024-11-03T23:20:00.000Z","2024-11-04T23:20:00.000Z"],"enable_notifications":true,"project_name":"Customer-MDM","asset_ref":"1b2fbd3a-dc9e-474b-a3ba-0f774dbe1d7f","job_parameters":[{"name":"SourceName","value":"MY SIGNUPS"},{"name":"RecordType","value":"ORG,ORGANIZATION_ACCOUNT"}],"schedule_id":"56e1787d-4d4c-4891-b682-25d78da0cb9a","schedule_creator_id":"1000331044","schedule":"20 23 * * *","schedule_info":{"startOn":1729798200000,"repeat":true}}}}