{"metadata":{"asset_id":"e3fbf48f-0b28-44c8-985e-952029a62f93","asset_attributes":["job"],"name":"GIGYA_IL_PA_6 job","asset_type":"job","created_at":"2024-06-24T21:02:55Z","description":"","origin_country":"us","owner_id":"1000331142","project_id":"11a0e63f-f198-416b-b25b-e0ec10bd4a44","size":0,"usage":{"last_update_time":1719262975262,"last_updated_at":"2024-06-24T21:02:55Z"}},"entity":{"job":{"asset_ref_type":"metadata_import","configuration":{"env_type":"","env_variables":[]},"last_run_initiator":"deprecated field","last_run_time":"deprecated field","last_run_status":"deprecated field","last_run_status_timestamp":0,"future_scheduled_runs":[],"enable_notifications":true,"project_name":"Customer-MDM","asset_ref":"1cbf6dfd-7391-47b2-a035-b7c0ee75d410","schedule_id":"","schedule_creator_id":""}}}