{"metadata":{"asset_id":"167e9b6f-7db6-4356-82a7-3d44d49bebd1","asset_attributes":["job"],"name":"job_plMain_Inbound_Schedule_IMS_1of2","asset_type":"job","created_at":"2024-06-06T15:34:59Z","description":"","origin_country":"us","owner_id":"1000331044","project_id":"11a0e63f-f198-416b-b25b-e0ec10bd4a44","size":0,"usage":{"last_update_time":1729832402762,"last_updated_at":"2024-10-25T05:00:02Z"}},"entity":{"job":{"asset_ref_type":"orchestration_flow","configuration":{"version":"8064e9f4-41c8-4482-8450-eb837b00440e-0","env_type":"","env_variables":[]},"last_run_initiator":"deprecated field","last_run_time":"deprecated field","last_run_status":"deprecated field","last_run_status_timestamp":0,"future_scheduled_runs":["2024-10-26T05:00:00.000Z","2024-10-27T05:00:00.000Z","2024-10-28T05:00:00.000Z","2024-10-29T05:00:00.000Z","2024-10-30T05:00:00.000Z","2024-10-31T05:00:00.000Z","2024-11-01T05:00:00.000Z","2024-11-02T05:00:00.000Z","2024-11-03T05:00:00.000Z","2024-11-04T05:00:00.000Z"],"enable_notifications":true,"project_name":"Customer-MDM","asset_ref":"8064e9f4-41c8-4482-8450-eb837b00440e","job_parameters":[{"name":"SourceName","value":"IMS"},{"name":"RecordType","value":"PERSON"}],"schedule_id":"60523b54-0468-4e0c-a811-3b633cb3ad42","schedule_creator_id":"1000331044","schedule":"0 5 * * *","schedule_info":{"startOn":1729798200000,"repeat":true}}}}