{"metadata":{"asset_id":"721fe1c5-3aff-4ce0-8e03-ef1620aa819d","asset_attributes":["job"],"name":"EPSILON_IL_PERSON_18 job","asset_type":"job","created_at":"2024-09-26T21:07:36Z","description":"","origin_country":"us","owner_id":"1000331142","project_id":"11a0e63f-f198-416b-b25b-e0ec10bd4a44","size":0,"usage":{"last_update_time":1727384856341,"last_updated_at":"2024-09-26T21:07:36Z"}},"entity":{"job":{"asset_ref_type":"metadata_import","configuration":{"env_type":"","env_variables":[]},"last_run_initiator":"deprecated field","last_run_time":"deprecated field","last_run_status":"deprecated field","last_run_status_timestamp":0,"future_scheduled_runs":[],"enable_notifications":true,"project_name":"Customer-MDM","asset_ref":"41746751-61da-491a-9de7-20c76e92750b","schedule_id":"","schedule_creator_id":""}}}