{"metadata":{"asset_id":"2ca18232-9414-41fe-9a34-217be1272780","asset_attributes":["job"],"name":"EPSILON_IL_PERSON_ACCOUNT_3 job","asset_type":"job","created_at":"2024-09-30T16:28:18Z","description":"","origin_country":"us","owner_id":"1000331142","project_id":"11a0e63f-f198-416b-b25b-e0ec10bd4a44","size":0,"usage":{"last_update_time":1727713698945,"last_updated_at":"2024-09-30T16:28:18Z"}},"entity":{"job":{"asset_ref_type":"metadata_import","configuration":{"env_type":"","env_variables":[]},"last_run_initiator":"deprecated field","last_run_time":"deprecated field","last_run_status":"deprecated field","last_run_status_timestamp":0,"future_scheduled_runs":[],"enable_notifications":true,"project_name":"Customer-MDM","asset_ref":"331b9b4a-b4ba-41fe-98ca-00d0701ec70a","schedule_id":"","schedule_creator_id":""}}}