{"metadata":{"asset_id":"00e58794-3f2f-4f7e-9468-154414c891bc","asset_attributes":["job"],"name":"EPSILON_IL_PERSON_13 job","asset_type":"job","created_at":"2024-09-26T21:01:17Z","description":"","origin_country":"us","owner_id":"1000331142","project_id":"11a0e63f-f198-416b-b25b-e0ec10bd4a44","size":0,"usage":{"last_update_time":1727384477036,"last_updated_at":"2024-09-26T21:01:17Z"}},"entity":{"job":{"asset_ref_type":"metadata_import","configuration":{"env_type":"","env_variables":[]},"last_run_initiator":"deprecated field","last_run_time":"deprecated field","last_run_status":"deprecated field","last_run_status_timestamp":0,"future_scheduled_runs":[],"enable_notifications":true,"project_name":"Customer-MDM","asset_ref":"8f64638a-76ee-4de1-be4d-7601c02d0719","schedule_id":"","schedule_creator_id":""}}}