{"metadata":{"asset_id":"c0bc8b09-d6d4-43eb-8586-1709f98bcc33","asset_attributes":["job"],"name":"EPSILON_IL_PERSON_8_1 job","asset_type":"job","created_at":"2024-10-14T00:07:11Z","description":"","origin_country":"us","owner_id":"1000331142","project_id":"11a0e63f-f198-416b-b25b-e0ec10bd4a44","size":0,"usage":{"last_update_time":1728864431651,"last_updated_at":"2024-10-14T00:07:11Z"}},"entity":{"job":{"asset_ref_type":"metadata_import","configuration":{"env_type":"","env_variables":[]},"last_run_initiator":"deprecated field","last_run_time":"deprecated field","last_run_status":"deprecated field","last_run_status_timestamp":0,"future_scheduled_runs":[],"enable_notifications":true,"project_name":"Customer-MDM","asset_ref":"3de91804-37de-4ae1-b770-65d4c027a9a1","schedule_id":"","schedule_creator_id":""}}}