{"metadata":{"asset_id":"053fb7c6-a180-476b-bb7c-138e058bc279","asset_attributes":["job"],"name":"EPSILON_IL_PERSON_16 job","asset_type":"job","created_at":"2024-09-26T21:04:58Z","description":"","origin_country":"us","owner_id":"1000331142","project_id":"11a0e63f-f198-416b-b25b-e0ec10bd4a44","size":0,"usage":{"last_update_time":1727384698574,"last_updated_at":"2024-09-26T21:04:58Z"}},"entity":{"job":{"asset_ref_type":"metadata_import","configuration":{"env_type":"","env_variables":[]},"last_run_initiator":"deprecated field","last_run_time":"deprecated field","last_run_status":"deprecated field","last_run_status_timestamp":0,"future_scheduled_runs":[],"enable_notifications":true,"project_name":"Customer-MDM","asset_ref":"74267e9d-7fb4-47a2-8777-b48595f6f12e","schedule_id":"","schedule_creator_id":""}}}