{"metadata":{"asset_id":"8af6e44a-5701-4971-acaf-fb142d2de2c3","asset_attributes":["job"],"name":"EPSILON_IL_PERSON_COMMUNICATION_CONSENT_8 job","asset_type":"job","created_at":"2024-09-30T16:42:46Z","description":"","origin_country":"us","owner_id":"1000331142","project_id":"11a0e63f-f198-416b-b25b-e0ec10bd4a44","size":0,"usage":{"last_update_time":1727714566548,"last_updated_at":"2024-09-30T16:42:46Z"}},"entity":{"job":{"asset_ref_type":"metadata_import","configuration":{"env_type":"","env_variables":[]},"last_run_initiator":"deprecated field","last_run_time":"deprecated field","last_run_status":"deprecated field","last_run_status_timestamp":0,"future_scheduled_runs":[],"enable_notifications":true,"project_name":"Customer-MDM","asset_ref":"66474698-6068-4389-a99d-450632f35f6c","schedule_id":"","schedule_creator_id":""}}}