{"metadata":{"asset_id":"b114b95a-ad44-4397-87c3-19c78156d276","asset_attributes":["job"],"name":"GIGYA_IL_PERSON_4 job","asset_type":"job","created_at":"2024-06-19T14:33:51Z","description":"","origin_country":"us","owner_id":"1000331142","project_id":"11a0e63f-f198-416b-b25b-e0ec10bd4a44","size":0,"usage":{"last_update_time":1718807631823,"last_updated_at":"2024-06-19T14:33:51Z"}},"entity":{"job":{"asset_ref_type":"metadata_import","configuration":{"env_type":"","env_variables":[]},"last_run_initiator":"deprecated field","last_run_time":"deprecated field","last_run_status":"deprecated field","last_run_status_timestamp":0,"future_scheduled_runs":[],"enable_notifications":true,"project_name":"Customer-MDM","asset_ref":"8316ae5d-b32a-4153-9a4c-45ea5b7cfcf6","schedule_id":"","schedule_creator_id":""}}}