{"metadata":{"asset_id":"0620dc5f-45b3-4498-9082-0e08ced31f17","asset_attributes":["job"],"name":"EPSILON_IL_PERSON_COMMUNICATION_CONSENT_10_2 job","asset_type":"job","created_at":"2024-10-10T16:03:08Z","description":"","origin_country":"us","owner_id":"1000331142","project_id":"11a0e63f-f198-416b-b25b-e0ec10bd4a44","size":0,"usage":{"last_update_time":1728576188076,"last_updated_at":"2024-10-10T16:03:08Z"}},"entity":{"job":{"asset_ref_type":"metadata_import","configuration":{"env_type":"","env_variables":[]},"last_run_initiator":"deprecated field","last_run_time":"deprecated field","last_run_status":"deprecated field","last_run_status_timestamp":0,"future_scheduled_runs":[],"enable_notifications":true,"project_name":"Customer-MDM","asset_ref":"2ce673ff-1413-48a0-9e35-8a5bb75148e9","schedule_id":"","schedule_creator_id":""}}}