{"metadata":{"asset_id":"f3cbee22-8797-4827-8864-a6b01f603b85","asset_attributes":["job"],"name":"EPSILON_IL_PERSON_COMMUNICATION_CONSENT_3_1 job","asset_type":"job","created_at":"2024-10-09T23:37:03Z","description":"","origin_country":"us","owner_id":"1000331142","project_id":"11a0e63f-f198-416b-b25b-e0ec10bd4a44","size":0,"usage":{"last_update_time":1728517023374,"last_updated_at":"2024-10-09T23:37:03Z"}},"entity":{"job":{"asset_ref_type":"metadata_import","configuration":{"env_type":"","env_variables":[]},"last_run_initiator":"deprecated field","last_run_time":"deprecated field","last_run_status":"deprecated field","last_run_status_timestamp":0,"future_scheduled_runs":[],"enable_notifications":true,"project_name":"Customer-MDM","asset_ref":"fcb9439f-2e82-46a5-80d3-b3f28a9bd2bb","schedule_id":"","schedule_creator_id":""}}}