{"metadata":{"asset_id":"c67983fd-327a-4f28-bcf6-46b7d63099da","asset_attributes":["job"],"name":"GIGYA_IL_PC_7 job","asset_type":"job","created_at":"2024-06-25T20:27:43Z","description":"","origin_country":"us","owner_id":"1000331142","project_id":"11a0e63f-f198-416b-b25b-e0ec10bd4a44","size":0,"usage":{"last_update_time":1719347263899,"last_updated_at":"2024-06-25T20:27:43Z"}},"entity":{"job":{"asset_ref_type":"metadata_import","configuration":{"env_type":"","env_variables":[]},"last_run_initiator":"deprecated field","last_run_time":"deprecated field","last_run_status":"deprecated field","last_run_status_timestamp":0,"future_scheduled_runs":[],"enable_notifications":true,"project_name":"Customer-MDM","asset_ref":"1786c173-15dc-409e-9964-83dffdcee574","schedule_id":"","schedule_creator_id":""}}}