{"metadata":{"asset_id":"f4b3df15-f14a-4bfd-9777-d04440fcf39a","asset_attributes":["job"],"name":"GIGYA_IL_PC_2 job","asset_type":"job","created_at":"2024-06-25T20:33:13Z","description":"","origin_country":"us","owner_id":"1000331142","project_id":"11a0e63f-f198-416b-b25b-e0ec10bd4a44","size":0,"usage":{"last_update_time":1719347593114,"last_updated_at":"2024-06-25T20:33:13Z"}},"entity":{"job":{"asset_ref_type":"metadata_import","configuration":{"env_type":"","env_variables":[]},"last_run_initiator":"deprecated field","last_run_time":"deprecated field","last_run_status":"deprecated field","last_run_status_timestamp":0,"future_scheduled_runs":[],"enable_notifications":true,"project_name":"Customer-MDM","asset_ref":"48b52c68-1710-41a4-909c-2a903449d1f6","schedule_id":"","schedule_creator_id":""}}}