{"metadata":{"asset_id":"b8cf5b10-d909-4325-ab90-0a7a224c267d","asset_attributes":["job"],"name":"GIGYA_IL_PA_1 job","asset_type":"job","created_at":"2024-06-24T21:07:59Z","description":"","origin_country":"us","owner_id":"1000331142","project_id":"11a0e63f-f198-416b-b25b-e0ec10bd4a44","size":0,"usage":{"last_update_time":1719263279355,"last_updated_at":"2024-06-24T21:07:59Z"}},"entity":{"job":{"asset_ref_type":"metadata_import","configuration":{"env_type":"","env_variables":[]},"last_run_initiator":"deprecated field","last_run_time":"deprecated field","last_run_status":"deprecated field","last_run_status_timestamp":0,"future_scheduled_runs":[],"enable_notifications":true,"project_name":"Customer-MDM","asset_ref":"a941147e-c7d4-4947-b7ea-32f24e46ae89","schedule_id":"","schedule_creator_id":""}}}