{"metadata":{"asset_id":"59385a5f-4fbf-46cf-a734-8bb5fdfa040b","asset_attributes":["job"],"name":"GIGYA_IL_PERSON_ACCOUNT_1 job","asset_type":"job","created_at":"2024-07-24T18:54:12Z","description":"","origin_country":"us","owner_id":"1000331142","project_id":"11a0e63f-f198-416b-b25b-e0ec10bd4a44","size":0,"usage":{"last_update_time":1721847252050,"last_updated_at":"2024-07-24T18:54:12Z"}},"entity":{"job":{"asset_ref_type":"metadata_import","configuration":{"env_type":"","env_variables":[]},"last_run_initiator":"deprecated field","last_run_time":"deprecated field","last_run_status":"deprecated field","last_run_status_timestamp":0,"future_scheduled_runs":[],"enable_notifications":true,"project_name":"Customer-MDM","asset_ref":"314cbe47-a975-468c-b520-026779ba79b9","schedule_id":"","schedule_creator_id":""}}}