{"metadata":{"asset_id":"ea373c3b-fa0c-4893-aa4c-43e8e3af4fa3","asset_attributes":["job"],"name":"EPSILON_IL_PERSON_5_2 job","asset_type":"job","created_at":"2024-10-13T00:18:28Z","description":"","origin_country":"us","owner_id":"1000331142","project_id":"11a0e63f-f198-416b-b25b-e0ec10bd4a44","size":0,"usage":{"last_update_time":1728778708159,"last_updated_at":"2024-10-13T00:18:28Z"}},"entity":{"job":{"asset_ref_type":"metadata_import","configuration":{"env_type":"","env_variables":[]},"last_run_initiator":"deprecated field","last_run_time":"deprecated field","last_run_status":"deprecated field","last_run_status_timestamp":0,"future_scheduled_runs":[],"enable_notifications":true,"project_name":"Customer-MDM","asset_ref":"7013254e-554c-4d87-ae03-5490a5d0bbe0","schedule_id":"","schedule_creator_id":""}}}