{"metadata":{"asset_id":"a30cf88a-2528-4c5c-9b3f-499019760fc6","asset_attributes":["job"],"name":"export-gigyalargeexp","asset_type":"job","created_at":"2024-09-06T14:13:07Z","origin_country":"us","owner_id":"icp4d-dev","project_id":"11a0e63f-f198-416b-b25b-e0ec10bd4a44","size":0,"usage":{"last_update_time":1725631987132,"last_updated_at":"2024-09-06T14:13:07Z"}},"entity":{"job":{"asset_ref_type":"master-data-management","configuration":{"env_type":"master-data-management","env_variables":[]},"last_run_initiator":"deprecated field","last_run_time":"deprecated field","last_run_status":"deprecated field","last_run_status_timestamp":0,"future_scheduled_runs":[],"enable_notifications":true,"hide_run_ui_display":true,"project_name":"Customer-MDM","schedule_id":"","schedule_creator_id":""}}}