{"metadata":{"asset_id":"c3e0ffa9-2dba-431c-bccf-73a21e2c020a","asset_attributes":["job"],"name":"job_plMain_Inbound_Schedule_MOBILITY_DATABASE_ORG_2of2","asset_type":"job","created_at":"2024-06-06T15:34:30Z","description":"","origin_country":"us","owner_id":"1000331044","project_id":"11a0e63f-f198-416b-b25b-e0ec10bd4a44","size":0,"usage":{"last_update_time":1729895702777,"last_updated_at":"2024-10-25T22:35:02Z"}},"entity":{"job":{"asset_ref_type":"orchestration_flow","configuration":{"version":"7b6b6597-e98b-4b5a-b50f-46991fef67c4-0","env_type":"","env_variables":[]},"last_run_initiator":"deprecated field","last_run_time":"deprecated field","last_run_status":"deprecated field","last_run_status_timestamp":0,"future_scheduled_runs":["2024-10-26T22:35:00.000Z","2024-10-27T22:35:00.000Z","2024-10-28T22:35:00.000Z","2024-10-29T22:35:00.000Z","2024-10-30T22:35:00.000Z","2024-10-31T22:35:00.000Z","2024-11-01T22:35:00.000Z","2024-11-02T22:35:00.000Z","2024-11-03T22:35:00.000Z","2024-11-04T22:35:00.000Z"],"enable_notifications":true,"project_name":"Customer-MDM","asset_ref":"7b6b6597-e98b-4b5a-b50f-46991fef67c4","job_parameters":[{"name":"SourceName","value":"MOBILITY"},{"name":"RecordType","value":"ORG,ORGANIZATION_ACCOUNT,ORGANIZATION_BEHAVIOUR,ORGANIZATION_INTERACTION"}],"schedule_id":"3856659e-672c-4cd0-93c2-35a8a9db75ee","schedule_creator_id":"1000331044","schedule":"35 22 * * *","schedule_info":{"startOn":1729800000000,"repeat":true}}}}