{"metadata":{"asset_id":"8633bd67-7dd8-4158-bd75-63c3a51be174","asset_attributes":["job"],"name":"XPOS_PERSON_3 job","asset_type":"job","created_at":"2024-05-10T15:54:14Z","description":"","origin_country":"us","owner_id":"1000331044","project_id":"11a0e63f-f198-416b-b25b-e0ec10bd4a44","size":0,"usage":{"last_update_time":1715356454088,"last_updated_at":"2024-05-10T15:54:14Z"}},"entity":{"job":{"asset_ref_type":"metadata_import","configuration":{"env_type":"","env_variables":[]},"last_run_initiator":"deprecated field","last_run_time":"deprecated field","last_run_status":"deprecated field","last_run_status_timestamp":0,"future_scheduled_runs":[],"enable_notifications":true,"project_name":"Customer-MDM","asset_ref":"944dc298-780e-494d-9c89-e97f8b05e41e","schedule_id":"","schedule_creator_id":""}}}