{"metadata":{"asset_id":"84740c88-df02-4362-86dc-229705fec0ba","asset_attributes":["job"],"name":"job_plOutbound_Ongoing_Person_Behaviour_Process","asset_type":"job","created_at":"2024-04-10T23:19:33Z","description":"","origin_country":"us","owner_id":"1000331142","project_id":"11a0e63f-f198-416b-b25b-e0ec10bd4a44","size":0,"usage":{"last_update_time":1712791173131,"last_updated_at":"2024-04-10T23:19:33Z"}},"entity":{"job":{"asset_ref_type":"orchestration_flow","configuration":{"version":"3c1ce4c9-03a8-4c21-a421-834c1506de89-0","env_type":"","env_variables":[]},"last_run_initiator":"deprecated field","last_run_time":"deprecated field","last_run_status":"deprecated field","last_run_status_timestamp":0,"future_scheduled_runs":[],"enable_notifications":true,"project_name":"Customer-MDM","asset_ref":"3c1ce4c9-03a8-4c21-a421-834c1506de89","parameter_sets":[{"name":"PS_Match360_Connection"},{"name":"PS_Outbound_Kafka_Topics"}],"schedule_id":"","schedule_creator_id":""}}}