{"metadata":{"asset_id":"1dfc4b40-5d29-4f92-bcff-5da3a4e26c30","asset_attributes":["job"],"name":"MPOS_IL_PERSON_2 job","asset_type":"job","created_at":"2024-10-01T12:52:19Z","description":"","origin_country":"us","owner_id":"1000331142","project_id":"11a0e63f-f198-416b-b25b-e0ec10bd4a44","size":0,"usage":{"last_update_time":1727787139279,"last_updated_at":"2024-10-01T12:52:19Z"}},"entity":{"job":{"asset_ref_type":"metadata_import","configuration":{"env_type":"","env_variables":[]},"last_run_initiator":"deprecated field","last_run_time":"deprecated field","last_run_status":"deprecated field","last_run_status_timestamp":0,"future_scheduled_runs":[],"enable_notifications":true,"project_name":"Customer-MDM","asset_ref":"0f4c4ef6-89ac-49d0-a192-5f1f6887ebae","schedule_id":"","schedule_creator_id":""}}}