{"metadata":{"asset_id":"082f00e5-16a1-44ac-bd74-aae005eaaa2f","asset_attributes":["job"],"name":"GIGYA_IL_PC_5 job","asset_type":"job","created_at":"2024-06-25T20:29:55Z","description":"","origin_country":"us","owner_id":"1000331142","project_id":"11a0e63f-f198-416b-b25b-e0ec10bd4a44","size":0,"usage":{"last_update_time":1719347395944,"last_updated_at":"2024-06-25T20:29:55Z"}},"entity":{"job":{"asset_ref_type":"metadata_import","configuration":{"env_type":"","env_variables":[]},"last_run_initiator":"deprecated field","last_run_time":"deprecated field","last_run_status":"deprecated field","last_run_status_timestamp":0,"future_scheduled_runs":[],"enable_notifications":true,"project_name":"Customer-MDM","asset_ref":"c12b5139-1ae9-477a-8ec8-f670d6c94c46","schedule_id":"","schedule_creator_id":""}}}