{"metadata":{"asset_id":"89314bf3-cfd6-4b7a-9e79-00abfcb72e97","asset_attributes":["job"],"name":"GIGYA_IL_PC_3 job","asset_type":"job","created_at":"2024-06-25T20:32:04Z","description":"","origin_country":"us","owner_id":"1000331142","project_id":"11a0e63f-f198-416b-b25b-e0ec10bd4a44","size":0,"usage":{"last_update_time":1719347524327,"last_updated_at":"2024-06-25T20:32:04Z"}},"entity":{"job":{"asset_ref_type":"metadata_import","configuration":{"env_type":"","env_variables":[]},"last_run_initiator":"deprecated field","last_run_time":"deprecated field","last_run_status":"deprecated field","last_run_status_timestamp":0,"future_scheduled_runs":[],"enable_notifications":true,"project_name":"Customer-MDM","asset_ref":"eb05397a-6a5d-4b6b-aaf1-fc936fa8415b","schedule_id":"","schedule_creator_id":""}}}