{"metadata":{"asset_id":"15b274d1-5c32-44bc-b07d-625d417ea0e8","asset_attributes":["job"],"name":"GIGYA_IL_PC_19 job","asset_type":"job","created_at":"2024-06-25T20:06:04Z","description":"","origin_country":"us","owner_id":"1000331142","project_id":"11a0e63f-f198-416b-b25b-e0ec10bd4a44","size":0,"usage":{"last_update_time":1719345964718,"last_updated_at":"2024-06-25T20:06:04Z"}},"entity":{"job":{"asset_ref_type":"metadata_import","configuration":{"env_type":"","env_variables":[]},"last_run_initiator":"deprecated field","last_run_time":"deprecated field","last_run_status":"deprecated field","last_run_status_timestamp":0,"future_scheduled_runs":[],"enable_notifications":true,"project_name":"Customer-MDM","asset_ref":"a551929f-f2c0-4d9b-ac80-75178c9df609","schedule_id":"","schedule_creator_id":""}}}