{"metadata":{"asset_id":"11ba4397-2af1-44a1-beac-4e17c8f32a86","asset_attributes":["job"],"name":"job_plMain_Inbound_Schedule_ROUTEIQUE_ORG_1of2","asset_type":"job","created_at":"2024-04-02T17:38:01Z","description":"","origin_country":"us","owner_id":"1000331364","project_id":"11a0e63f-f198-416b-b25b-e0ec10bd4a44","size":0,"usage":{"last_update_time":1729874403652,"last_updated_at":"2024-10-25T16:40:03Z"}},"entity":{"job":{"asset_ref_type":"orchestration_flow","configuration":{"version":"ffddbd16-9599-4804-88f9-c0f21dfcd318-0","env_type":"","env_variables":[]},"last_run_initiator":"deprecated field","last_run_time":"deprecated field","last_run_status":"deprecated field","last_run_status_timestamp":0,"future_scheduled_runs":["2024-10-26T16:40:00.000Z","2024-10-27T16:40:00.000Z","2024-10-28T16:40:00.000Z","2024-10-29T16:40:00.000Z","2024-10-30T16:40:00.000Z","2024-10-31T16:40:00.000Z","2024-11-01T16:40:00.000Z","2024-11-02T16:40:00.000Z","2024-11-03T16:40:00.000Z","2024-11-04T16:40:00.000Z"],"enable_notifications":true,"project_name":"Customer-MDM","asset_ref":"ffddbd16-9599-4804-88f9-c0f21dfcd318","job_parameters":[{"name":"SourceName","value":"ROUTEIQUE"},{"name":"RecordType","value":"ORG"}],"schedule_id":"1b1b65de-e77f-4824-909a-19531bc25049","schedule_creator_id":"1000331044","schedule":"40 16 * * *","schedule_info":{"startOn":1729798200000,"repeat":true}}}}