{"metadata":{"asset_id":"e1fec409-e525-4499-9092-aa548fa883b1","asset_attributes":["job"],"name":"GIGYA_IL_PERSON_3 job","asset_type":"job","created_at":"2024-06-19T14:35:08Z","description":"","origin_country":"us","owner_id":"1000331142","project_id":"11a0e63f-f198-416b-b25b-e0ec10bd4a44","size":0,"usage":{"last_update_time":1718807708253,"last_updated_at":"2024-06-19T14:35:08Z"}},"entity":{"job":{"asset_ref_type":"metadata_import","configuration":{"env_type":"","env_variables":[]},"last_run_initiator":"deprecated field","last_run_time":"deprecated field","last_run_status":"deprecated field","last_run_status_timestamp":0,"future_scheduled_runs":[],"enable_notifications":true,"project_name":"Customer-MDM","asset_ref":"f6ba0493-cb13-4ac1-b227-051be18312a9","schedule_id":"","schedule_creator_id":""}}}