{"metadata":{"asset_id":"2001353e-0aec-4a5f-8f0f-8238ad284e1f","asset_attributes":["job"],"name":"Outbound_Offset_Table_Maintenance.DataStage job","asset_type":"job","created_at":"2024-05-02T15:14:26Z","origin_country":"us","owner_id":"1000331044","project_id":"11a0e63f-f198-416b-b25b-e0ec10bd4a44","size":0,"usage":{"last_update_time":1714662866658,"last_updated_at":"2024-05-02T15:14:26Z"}},"entity":{"job":{"asset_ref_type":"data_intg_flow","configuration":{"env_variables":[],"flow_limits":{"warn_limit":100},"runPriorityQueue":"High","env_id":"8c36c74a-f485-4333-8fe1-445130090bce","env_type":"datastage"},"last_run_initiator":"deprecated field","last_run_time":"deprecated field","last_run_status":"deprecated field","last_run_status_timestamp":0,"future_scheduled_runs":[],"enable_notifications":true,"project_name":"Customer-MDM","asset_ref":"e60eb520-728e-4e5f-8645-bc5709a931cf","job_parameters":[{"name":"$APT_JOB_MONITOR_TIMEOUT","value":-1}],"parameter_sets":[],"schedule_id":"","schedule_creator_id":""}}}