{"metadata":{"asset_id":"f1970b2c-bc30-48ec-98b9-058768e82743","asset_attributes":["job"],"name":"EPSILON_IL_PERSON_COMMUNICATION_CONSENT_11_2 job","asset_type":"job","created_at":"2024-10-10T16:08:34Z","description":"","origin_country":"us","owner_id":"1000331142","project_id":"11a0e63f-f198-416b-b25b-e0ec10bd4a44","size":0,"usage":{"last_update_time":1728576514310,"last_updated_at":"2024-10-10T16:08:34Z"}},"entity":{"job":{"asset_ref_type":"metadata_import","configuration":{"env_type":"","env_variables":[]},"last_run_initiator":"deprecated field","last_run_time":"deprecated field","last_run_status":"deprecated field","last_run_status_timestamp":0,"future_scheduled_runs":[],"enable_notifications":true,"project_name":"Customer-MDM","asset_ref":"c1aed54b-43f9-4b62-bb07-d545415da692","schedule_id":"","schedule_creator_id":""}}}