{"metadata":{"asset_id":"4bc2cdcd-d54f-4e5d-85ac-db018aa18268","asset_attributes":["job"],"name":"EPSILON_IL_PERSON_COMMUNICATION_CONSENT_2_2 job","asset_type":"job","created_at":"2024-10-09T23:35:52Z","description":"","origin_country":"us","owner_id":"1000331142","project_id":"11a0e63f-f198-416b-b25b-e0ec10bd4a44","size":0,"usage":{"last_update_time":1728516952644,"last_updated_at":"2024-10-09T23:35:52Z"}},"entity":{"job":{"asset_ref_type":"metadata_import","configuration":{"env_type":"","env_variables":[]},"last_run_initiator":"deprecated field","last_run_time":"deprecated field","last_run_status":"deprecated field","last_run_status_timestamp":0,"future_scheduled_runs":[],"enable_notifications":true,"project_name":"Customer-MDM","asset_ref":"90c0dee6-0b5c-4317-908b-f63ade6f9ced","schedule_id":"","schedule_creator_id":""}}}