{"metadata":{"asset_id":"b4af2df3-f3be-4df2-a089-67578eac079d","asset_attributes":["job"],"name":"EPSILON_IL_PERSON_2_1 job","asset_type":"job","created_at":"2024-10-12T23:14:28Z","description":"","origin_country":"us","owner_id":"1000331142","project_id":"11a0e63f-f198-416b-b25b-e0ec10bd4a44","size":0,"usage":{"last_update_time":1728774868339,"last_updated_at":"2024-10-12T23:14:28Z"}},"entity":{"job":{"asset_ref_type":"metadata_import","configuration":{"env_type":"","env_variables":[]},"last_run_initiator":"deprecated field","last_run_time":"deprecated field","last_run_status":"deprecated field","last_run_status_timestamp":0,"future_scheduled_runs":[],"enable_notifications":true,"project_name":"Customer-MDM","asset_ref":"573e102d-3552-4b2a-b3f8-48ae0b7116e4","schedule_id":"","schedule_creator_id":""}}}