{"metadata":{"asset_id":"ae0e81b9-fa0f-4bb6-b64b-7b0ebee9fcd2","asset_attributes":["job"],"name":"EPSILON_IL_PERSON_4_2 job","asset_type":"job","created_at":"2024-10-13T00:16:21Z","description":"","origin_country":"us","owner_id":"1000331142","project_id":"11a0e63f-f198-416b-b25b-e0ec10bd4a44","size":0,"usage":{"last_update_time":1728778581498,"last_updated_at":"2024-10-13T00:16:21Z"}},"entity":{"job":{"asset_ref_type":"metadata_import","configuration":{"env_type":"","env_variables":[]},"last_run_initiator":"deprecated field","last_run_time":"deprecated field","last_run_status":"deprecated field","last_run_status_timestamp":0,"future_scheduled_runs":[],"enable_notifications":true,"project_name":"Customer-MDM","asset_ref":"a271d7ea-6158-4212-8601-f1519ae8404f","schedule_id":"","schedule_creator_id":""}}}