{"metadata":{"asset_id":"70256404-bd96-4c11-af9d-9d60a3331839","asset_attributes":["job"],"name":"EPSILON_IL_PERSON_COMMUNICATION_CONSENT_1 job","asset_type":"job","created_at":"2024-09-30T16:31:24Z","description":"","origin_country":"us","owner_id":"1000331142","project_id":"11a0e63f-f198-416b-b25b-e0ec10bd4a44","size":0,"usage":{"last_update_time":1727713884535,"last_updated_at":"2024-09-30T16:31:24Z"}},"entity":{"job":{"asset_ref_type":"metadata_import","configuration":{"env_type":"","env_variables":[]},"last_run_initiator":"deprecated field","last_run_time":"deprecated field","last_run_status":"deprecated field","last_run_status_timestamp":0,"future_scheduled_runs":[],"enable_notifications":true,"project_name":"Customer-MDM","asset_ref":"05ccd958-7ae2-4f80-a9b2-0b9879d570de","schedule_id":"","schedule_creator_id":""}}}