{"metadata":{"asset_id":"af03f7a9-ae59-440f-8ecc-e9e5f08e29ad","asset_attributes":["job"],"name":"Outbound_Ongoing_Organization_Consent.DataStage job","asset_type":"job","created_at":"2024-04-29T15:50:26Z","origin_country":"us","owner_id":"1000331044","project_id":"11a0e63f-f198-416b-b25b-e0ec10bd4a44","size":0,"usage":{"last_update_time":1720115386730,"last_updated_at":"2024-07-04T17:49:46Z"}},"entity":{"job":{"asset_ref_type":"data_intg_flow","configuration":{"env_variables":[],"flow_limits":{"warn_limit":0},"runPriorityQueue":"High","env_id":"03b34e68-e701-4b44-bf5a-52193f68a97e","env_type":"datastage"},"last_run_initiator":"deprecated field","last_run_time":"deprecated field","last_run_status":"deprecated field","last_run_status_timestamp":0,"future_scheduled_runs":[],"enable_notifications":true,"project_name":"Customer-MDM","asset_ref":"b676b4f3-b133-4ff5-a0fb-fd6c80d543ed","job_parameters":[],"parameter_sets":[{"name":"PS_Match360_Connection","ref":"00876fa9-0dcb-4199-b75d-9ddbeb510ba8"},{"name":"PS_Outbound_Kafka_Topics","ref":"5b03f0af-41f1-4ac0-9869-fd66b998bbdf"}],"schedule_id":"","schedule_creator_id":"","retention_policy":{}}}}