{"metadata":{"asset_id":"ec305249-7f9e-4569-9fdd-d72e1eb4d2e5","asset_attributes":["job"],"name":"XPOS_PERSON_COMMUNICATION_CONSENT job","asset_type":"job","created_at":"2024-05-09T12:56:38Z","description":"","origin_country":"us","owner_id":"1000331040","project_id":"11a0e63f-f198-416b-b25b-e0ec10bd4a44","size":0,"usage":{"last_update_time":1715259398605,"last_updated_at":"2024-05-09T12:56:38Z"}},"entity":{"job":{"asset_ref_type":"metadata_import","configuration":{"env_type":"","env_variables":[]},"last_run_initiator":"deprecated field","last_run_time":"deprecated field","last_run_status":"deprecated field","last_run_status_timestamp":0,"future_scheduled_runs":[],"enable_notifications":true,"project_name":"Customer-MDM","asset_ref":"cbe31c5a-8a2d-415b-9989-c129f8694e53","schedule_id":"","schedule_creator_id":""}}}