{"metadata":{"asset_id":"1cb0d7a1-cc5a-446e-b2b2-9615d6946bcf","asset_attributes":["job"],"name":"GIGYA_IL_PC_10 job","asset_type":"job","created_at":"2024-06-25T20:24:27Z","description":"","origin_country":"us","owner_id":"1000331142","project_id":"11a0e63f-f198-416b-b25b-e0ec10bd4a44","size":0,"usage":{"last_update_time":1719347067856,"last_updated_at":"2024-06-25T20:24:27Z"}},"entity":{"job":{"asset_ref_type":"metadata_import","configuration":{"env_type":"","env_variables":[]},"last_run_initiator":"deprecated field","last_run_time":"deprecated field","last_run_status":"deprecated field","last_run_status_timestamp":0,"future_scheduled_runs":[],"enable_notifications":true,"project_name":"Customer-MDM","asset_ref":"f9589355-1b7c-42f8-aed9-c139295b5779","schedule_id":"","schedule_creator_id":""}}}