{"metadata":{"asset_id":"ec4f4ceb-4a5b-4b93-ae22-8f2b22df7057","asset_attributes":["job"],"name":"EPSILON_IL_PERSON_6_2 job","asset_type":"job","created_at":"2024-10-13T00:20:50Z","description":"","origin_country":"us","owner_id":"1000331142","project_id":"11a0e63f-f198-416b-b25b-e0ec10bd4a44","size":0,"usage":{"last_update_time":1728778850505,"last_updated_at":"2024-10-13T00:20:50Z"}},"entity":{"job":{"asset_ref_type":"metadata_import","configuration":{"env_type":"","env_variables":[]},"last_run_initiator":"deprecated field","last_run_time":"deprecated field","last_run_status":"deprecated field","last_run_status_timestamp":0,"future_scheduled_runs":[],"enable_notifications":true,"project_name":"Customer-MDM","asset_ref":"a05ac296-0059-4568-aa4f-71dd5801adb9","schedule_id":"","schedule_creator_id":""}}}