{"metadata":{"asset_id":"5c165369-5bb6-47d0-bbaf-9bd752b12012","asset_attributes":["job"],"name":"EPSILON_IL_PERSON_15 job","asset_type":"job","created_at":"2024-09-26T21:03:33Z","description":"","origin_country":"us","owner_id":"1000331142","project_id":"11a0e63f-f198-416b-b25b-e0ec10bd4a44","size":0,"usage":{"last_update_time":1727384613674,"last_updated_at":"2024-09-26T21:03:33Z"}},"entity":{"job":{"asset_ref_type":"metadata_import","configuration":{"env_type":"","env_variables":[]},"last_run_initiator":"deprecated field","last_run_time":"deprecated field","last_run_status":"deprecated field","last_run_status_timestamp":0,"future_scheduled_runs":[],"enable_notifications":true,"project_name":"Customer-MDM","asset_ref":"362eed1d-89b6-4bd6-af43-b557a4b091df","schedule_id":"","schedule_creator_id":""}}}