{"metadata":{"asset_id":"80ca9df7-2ce1-40af-a182-cb018aa92379","asset_attributes":["job"],"name":"XPOS_PERSON_ACCOUNT_22 job","asset_type":"job","created_at":"2024-05-10T18:56:39Z","description":"","origin_country":"us","owner_id":"1000331044","project_id":"11a0e63f-f198-416b-b25b-e0ec10bd4a44","size":0,"usage":{"last_update_time":1715367399042,"last_updated_at":"2024-05-10T18:56:39Z"}},"entity":{"job":{"asset_ref_type":"metadata_import","configuration":{"env_type":"","env_variables":[]},"last_run_initiator":"deprecated field","last_run_time":"deprecated field","last_run_status":"deprecated field","last_run_status_timestamp":0,"future_scheduled_runs":[],"enable_notifications":true,"project_name":"Customer-MDM","asset_ref":"6ff1c100-52d1-43eb-994c-ef8af0746ba1","schedule_id":"","schedule_creator_id":""}}}