{"metadata":{"asset_id":"65badb3e-203c-450d-aa30-ca744e2ed456","asset_attributes":["job"],"name":"plInbound_BatchControl_Process_4_SF","asset_type":"job","created_at":"2024-04-18T18:52:51Z","description":"","origin_country":"us","owner_id":"1000331142","project_id":"11a0e63f-f198-416b-b25b-e0ec10bd4a44","size":0,"usage":{"last_update_time":1713466371901,"last_updated_at":"2024-04-18T18:52:51Z"}},"entity":{"job":{"asset_ref_type":"orchestration_flow","configuration":{"version":"cfa0f252-c27b-40dc-b1cf-bce17c71c8ad-0","env_type":"","env_variables":[]},"last_run_initiator":"deprecated field","last_run_time":"deprecated field","last_run_status":"deprecated field","last_run_status_timestamp":0,"future_scheduled_runs":[],"enable_notifications":true,"project_name":"Customer-MDM","asset_ref":"cfa0f252-c27b-40dc-b1cf-bce17c71c8ad","job_parameters":[{"name":"SourceName","value":"EPSILON"},{"name":"RecordType","value":"PERSON_INTERACTION"}],"schedule_id":"","schedule_creator_id":""}}}