{"metadata":{"asset_id":"729bbfa2-a126-40ce-8c1c-6844505cfb2e","asset_attributes":["job"],"name":"EPSILON_IL_PERSON_15_1 job","asset_type":"job","created_at":"2024-10-14T00:26:45Z","description":"","origin_country":"us","owner_id":"1000331142","project_id":"11a0e63f-f198-416b-b25b-e0ec10bd4a44","size":0,"usage":{"last_update_time":1728865605946,"last_updated_at":"2024-10-14T00:26:45Z"}},"entity":{"job":{"asset_ref_type":"metadata_import","configuration":{"env_type":"","env_variables":[]},"last_run_initiator":"deprecated field","last_run_time":"deprecated field","last_run_status":"deprecated field","last_run_status_timestamp":0,"future_scheduled_runs":[],"enable_notifications":true,"project_name":"Customer-MDM","asset_ref":"0efb4412-931f-46dc-9ee5-e766ce2a59ba","schedule_id":"","schedule_creator_id":""}}}