{"metadata":{"asset_id":"c7f8d9f4-1e08-4546-a0a3-258f68110fef","asset_attributes":["job"],"name":"job_plMain_Inbound_Schedule_COSTAR_ORG_2of2","asset_type":"job","created_at":"2024-09-04T13:14:29Z","description":"","origin_country":"us","owner_id":"1000331044","project_id":"11a0e63f-f198-416b-b25b-e0ec10bd4a44","size":0,"usage":{"last_update_time":1729893606432,"last_updated_at":"2024-10-25T22:00:06Z"}},"entity":{"job":{"asset_ref_type":"orchestration_flow","configuration":{"version":"15614111-ca68-4976-8a7a-dcd6a65db15e-0","env_type":"","env_variables":[]},"last_run_initiator":"deprecated field","last_run_time":"deprecated field","last_run_status":"deprecated field","last_run_status_timestamp":0,"future_scheduled_runs":["2024-10-26T22:00:00.000Z","2024-10-27T22:00:00.000Z","2024-10-28T22:00:00.000Z","2024-10-29T22:00:00.000Z","2024-10-30T22:00:00.000Z","2024-10-31T22:00:00.000Z","2024-11-01T22:00:00.000Z","2024-11-02T22:00:00.000Z","2024-11-03T22:00:00.000Z","2024-11-04T22:00:00.000Z"],"enable_notifications":true,"project_name":"Customer-MDM","asset_ref":"15614111-ca68-4976-8a7a-dcd6a65db15e","job_parameters":[{"name":"SourceName","value":"COSTAR"},{"name":"RecordType","value":"ORG,ORGANIZATION_ACCOUNT,ORGANIZATION_CONSENT"}],"schedule_id":"db276f6d-8114-4a17-882e-3b72bb57fab6","schedule_creator_id":"1000331044","schedule":"0 22 * * *","schedule_info":{"startOn":1729798200000,"repeat":true}}}}