{"metadata":{"asset_id":"0f4c5d21-c040-4b45-9cd0-c246d40a6e24","asset_attributes":["job"],"name":"GIGYA_IL_PA_5 job","asset_type":"job","created_at":"2024-06-24T21:04:02Z","description":"","origin_country":"us","owner_id":"1000331142","project_id":"11a0e63f-f198-416b-b25b-e0ec10bd4a44","size":0,"usage":{"last_update_time":1719263042576,"last_updated_at":"2024-06-24T21:04:02Z"}},"entity":{"job":{"asset_ref_type":"metadata_import","configuration":{"env_type":"","env_variables":[]},"last_run_initiator":"deprecated field","last_run_time":"deprecated field","last_run_status":"deprecated field","last_run_status_timestamp":0,"future_scheduled_runs":[],"enable_notifications":true,"project_name":"Customer-MDM","asset_ref":"32b0b87a-e301-46e1-a8df-8f3327e68f79","schedule_id":"","schedule_creator_id":""}}}