{"metadata":{"asset_id":"334f053f-79ca-4eab-8984-02221e13b633","asset_attributes":["job"],"name":"EPSILON_IL_PERSON_13_2 job","asset_type":"job","created_at":"2024-10-14T00:21:59Z","description":"","origin_country":"us","owner_id":"1000331142","project_id":"11a0e63f-f198-416b-b25b-e0ec10bd4a44","size":0,"usage":{"last_update_time":1728865319608,"last_updated_at":"2024-10-14T00:21:59Z"}},"entity":{"job":{"asset_ref_type":"metadata_import","configuration":{"env_type":"","env_variables":[]},"last_run_initiator":"deprecated field","last_run_time":"deprecated field","last_run_status":"deprecated field","last_run_status_timestamp":0,"future_scheduled_runs":[],"enable_notifications":true,"project_name":"Customer-MDM","asset_ref":"a768dd03-c27e-4273-ac91-0e765faa0b97","schedule_id":"","schedule_creator_id":""}}}