{"metadata":{"asset_id":"00377dda-c2c3-4f9f-9649-fd6f900cacf6","asset_attributes":["job"],"name":"EPSILON_IL_PERSON_ACCOUNT_2 job","asset_type":"job","created_at":"2024-09-30T16:26:56Z","description":"","origin_country":"us","owner_id":"1000331142","project_id":"11a0e63f-f198-416b-b25b-e0ec10bd4a44","size":0,"usage":{"last_update_time":1727713616646,"last_updated_at":"2024-09-30T16:26:56Z"}},"entity":{"job":{"asset_ref_type":"metadata_import","configuration":{"env_type":"","env_variables":[]},"last_run_initiator":"deprecated field","last_run_time":"deprecated field","last_run_status":"deprecated field","last_run_status_timestamp":0,"future_scheduled_runs":[],"enable_notifications":true,"project_name":"Customer-MDM","asset_ref":"99627b7c-60e1-4945-aa2b-8878b279d767","schedule_id":"","schedule_creator_id":""}}}