{"metadata":{"asset_id":"061855ae-e1ef-4f7a-aa74-99b18647f188","asset_attributes":["job"],"name":"EPSILON_IL_PERSON_COMMUNICATION_CONSENT_6 job","asset_type":"job","created_at":"2024-09-30T16:40:14Z","description":"","origin_country":"us","owner_id":"1000331142","project_id":"11a0e63f-f198-416b-b25b-e0ec10bd4a44","size":0,"usage":{"last_update_time":1727714414027,"last_updated_at":"2024-09-30T16:40:14Z"}},"entity":{"job":{"asset_ref_type":"metadata_import","configuration":{"env_type":"","env_variables":[]},"last_run_initiator":"deprecated field","last_run_time":"deprecated field","last_run_status":"deprecated field","last_run_status_timestamp":0,"future_scheduled_runs":[],"enable_notifications":true,"project_name":"Customer-MDM","asset_ref":"c1d0987b-2cdf-4ea7-811b-ebe507c1f92d","schedule_id":"","schedule_creator_id":""}}}