{"metadata":{"asset_id":"f46a03a7-1b10-4a09-b192-939d95de75c7","asset_attributes":["job"],"name":"MPOS_IL_PERSON_MDI job","asset_type":"job","created_at":"2024-10-22T15:57:37Z","description":"","origin_country":"us","owner_id":"1000331636","project_id":"11a0e63f-f198-416b-b25b-e0ec10bd4a44","size":0,"usage":{"last_update_time":1729612657650,"last_updated_at":"2024-10-22T15:57:37Z"}},"entity":{"job":{"asset_ref_type":"metadata_import","configuration":{"env_type":"","env_variables":[]},"last_run_initiator":"deprecated field","last_run_time":"deprecated field","last_run_status":"deprecated field","last_run_status_timestamp":0,"future_scheduled_runs":[],"enable_notifications":true,"project_name":"Customer-MDM","asset_ref":"bdc912cb-e71a-44f5-b558-36b2a1435a6c","schedule_id":"","schedule_creator_id":""}}}