{"metadata":{"asset_id":"4959b7d8-91ed-4f42-bc08-22a8db323f9e","asset_attributes":["job"],"name":"EPSILON_IL_PERSON_12 job","asset_type":"job","created_at":"2024-09-26T20:59:57Z","description":"","origin_country":"us","owner_id":"1000331142","project_id":"11a0e63f-f198-416b-b25b-e0ec10bd4a44","size":0,"usage":{"last_update_time":1727384397476,"last_updated_at":"2024-09-26T20:59:57Z"}},"entity":{"job":{"asset_ref_type":"metadata_import","configuration":{"env_type":"","env_variables":[]},"last_run_initiator":"deprecated field","last_run_time":"deprecated field","last_run_status":"deprecated field","last_run_status_timestamp":0,"future_scheduled_runs":[],"enable_notifications":true,"project_name":"Customer-MDM","asset_ref":"7debe7d8-1102-470e-8154-5b7f4283678d","schedule_id":"","schedule_creator_id":""}}}