{"metadata":{"asset_id":"9fcebdff-883e-4491-b412-aff8b1b8d3e9","asset_attributes":["job"],"name":"EPSILON_IL_PERSON_COMMUNICATION_CONSENT_9_2 job","asset_type":"job","created_at":"2024-10-10T15:10:08Z","description":"","origin_country":"us","owner_id":"1000331142","project_id":"11a0e63f-f198-416b-b25b-e0ec10bd4a44","size":0,"usage":{"last_update_time":1728573008334,"last_updated_at":"2024-10-10T15:10:08Z"}},"entity":{"job":{"asset_ref_type":"metadata_import","configuration":{"env_type":"","env_variables":[]},"last_run_initiator":"deprecated field","last_run_time":"deprecated field","last_run_status":"deprecated field","last_run_status_timestamp":0,"future_scheduled_runs":[],"enable_notifications":true,"project_name":"Customer-MDM","asset_ref":"e592be35-65d5-4b69-a6c9-53a29b9bb83e","schedule_id":"","schedule_creator_id":""}}}