{"metadata":{"asset_id":"2f3ae53d-40d2-45c6-bea2-0c17042fe65a","asset_attributes":["job"],"name":"Outbound_Initial_Person_Comm_Consent_EPSILON_DELETE_FLAG.DataStage job","asset_type":"job","created_at":"2024-09-19T17:18:18Z","origin_country":"us","owner_id":"1000331142","project_id":"11a0e63f-f198-416b-b25b-e0ec10bd4a44","size":0,"usage":{"last_update_time":1726766349811,"last_updated_at":"2024-09-19T17:19:09Z"}},"entity":{"job":{"asset_ref_type":"data_intg_flow","configuration":{"env_variables":[],"flow_limits":{"warn_limit":0},"runPriorityQueue":"High","env_id":"128d5608-cdfc-42dc-89ea-fc897ffbf806","env_type":"datastage"},"last_run_initiator":"deprecated field","last_run_time":"deprecated field","last_run_status":"deprecated field","last_run_status_timestamp":0,"future_scheduled_runs":[],"enable_notifications":true,"project_name":"Customer-MDM","asset_ref":"836c60f5-cb93-4699-8d9f-44d2ca040693","job_parameters":[],"parameter_sets":[],"schedule_id":"","schedule_creator_id":"","retention_policy":{}}}}