{"metadata":{"asset_id":"0b908739-effe-4ffb-ae44-44a95c6674de","asset_attributes":["job"],"name":"GIGYA_IL_PC_15 job","asset_type":"job","created_at":"2024-06-25T20:10:31Z","description":"","origin_country":"us","owner_id":"1000331142","project_id":"11a0e63f-f198-416b-b25b-e0ec10bd4a44","size":0,"usage":{"last_update_time":1719346231276,"last_updated_at":"2024-06-25T20:10:31Z"}},"entity":{"job":{"asset_ref_type":"metadata_import","configuration":{"env_type":"","env_variables":[]},"last_run_initiator":"deprecated field","last_run_time":"deprecated field","last_run_status":"deprecated field","last_run_status_timestamp":0,"future_scheduled_runs":[],"enable_notifications":true,"project_name":"Customer-MDM","asset_ref":"01a56bf4-69bf-48ab-9f2d-ade5b45c7a1d","schedule_id":"","schedule_creator_id":""}}}