{"metadata":{"asset_id":"dd79def1-9828-4390-a82b-2430d9c5b66f","asset_attributes":["job"],"name":"XPOS_PERSON_1 job","asset_type":"job","created_at":"2024-05-10T15:52:22Z","description":"","origin_country":"us","owner_id":"1000331044","project_id":"11a0e63f-f198-416b-b25b-e0ec10bd4a44","size":0,"usage":{"last_update_time":1715356342770,"last_updated_at":"2024-05-10T15:52:22Z"}},"entity":{"job":{"asset_ref_type":"metadata_import","configuration":{"env_type":"","env_variables":[]},"last_run_initiator":"deprecated field","last_run_time":"deprecated field","last_run_status":"deprecated field","last_run_status_timestamp":0,"future_scheduled_runs":[],"enable_notifications":true,"project_name":"Customer-MDM","asset_ref":"0d71c230-5e87-4643-b023-22184331b4db","schedule_id":"","schedule_creator_id":""}}}