{"metadata":{"asset_id":"a8f7b4ff-bace-48f5-a5c2-e080ff1e7915","asset_attributes":["job"],"name":"GIGYA_IL_PERSON_1 job","asset_type":"job","created_at":"2024-06-19T12:58:13Z","description":"","origin_country":"us","owner_id":"1000331142","project_id":"11a0e63f-f198-416b-b25b-e0ec10bd4a44","size":0,"usage":{"last_update_time":1718801893116,"last_updated_at":"2024-06-19T12:58:13Z"}},"entity":{"job":{"asset_ref_type":"metadata_import","configuration":{"env_type":"","env_variables":[]},"last_run_initiator":"deprecated field","last_run_time":"deprecated field","last_run_status":"deprecated field","last_run_status_timestamp":0,"future_scheduled_runs":[],"enable_notifications":true,"project_name":"Customer-MDM","asset_ref":"1a767871-06d3-4164-bdf4-8d5b2d206c94","schedule_id":"","schedule_creator_id":""}}}