{"metadata":{"asset_id":"da2526b5-4167-4b9c-b000-37b59479f669","asset_attributes":["job"],"name":"EPSILON_IL_PERSON_COMMUNICATION_CONSENT_17 job","asset_type":"job","created_at":"2024-09-30T16:53:39Z","description":"","origin_country":"us","owner_id":"1000331142","project_id":"11a0e63f-f198-416b-b25b-e0ec10bd4a44","size":0,"usage":{"last_update_time":1727715219905,"last_updated_at":"2024-09-30T16:53:39Z"}},"entity":{"job":{"asset_ref_type":"metadata_import","configuration":{"env_type":"","env_variables":[]},"last_run_initiator":"deprecated field","last_run_time":"deprecated field","last_run_status":"deprecated field","last_run_status_timestamp":0,"future_scheduled_runs":[],"enable_notifications":true,"project_name":"Customer-MDM","asset_ref":"c256e9db-ac16-46b2-b40e-0807503c8066","schedule_id":"","schedule_creator_id":""}}}