{"metadata":{"asset_id":"5c4a774e-f927-4740-8e22-8fd79eddccfc","asset_attributes":["job"],"name":"EPSILON_IL_PERSON_8_2 job","asset_type":"job","created_at":"2024-10-14T00:08:23Z","description":"","origin_country":"us","owner_id":"1000331142","project_id":"11a0e63f-f198-416b-b25b-e0ec10bd4a44","size":0,"usage":{"last_update_time":1728864503019,"last_updated_at":"2024-10-14T00:08:23Z"}},"entity":{"job":{"asset_ref_type":"metadata_import","configuration":{"env_type":"","env_variables":[]},"last_run_initiator":"deprecated field","last_run_time":"deprecated field","last_run_status":"deprecated field","last_run_status_timestamp":0,"future_scheduled_runs":[],"enable_notifications":true,"project_name":"Customer-MDM","asset_ref":"36d440ea-d5ef-47be-b08c-6fc93b401ab7","schedule_id":"","schedule_creator_id":""}}}