{"metadata":{"asset_id":"0857f36a-260c-404f-a68c-2ee51e0e85a3","asset_attributes":["job"],"name":"GIGYA_IL_PERSON_10 job","asset_type":"job","created_at":"2024-06-19T14:24:04Z","description":"","origin_country":"us","owner_id":"1000331142","project_id":"11a0e63f-f198-416b-b25b-e0ec10bd4a44","size":0,"usage":{"last_update_time":1718807044286,"last_updated_at":"2024-06-19T14:24:04Z"}},"entity":{"job":{"asset_ref_type":"metadata_import","configuration":{"env_type":"","env_variables":[]},"last_run_initiator":"deprecated field","last_run_time":"deprecated field","last_run_status":"deprecated field","last_run_status_timestamp":0,"future_scheduled_runs":[],"enable_notifications":true,"project_name":"Customer-MDM","asset_ref":"08b73e21-2662-4f5f-9b15-0ae0dd64926d","schedule_id":"","schedule_creator_id":""}}}