{"metadata":{"asset_id":"15883ffb-0bae-4da7-839d-e108d9e94202","asset_attributes":["job"],"name":"EPSILON_IL_PERSON_COMMUNICATION_CONSENT_4 job","asset_type":"job","created_at":"2024-09-30T16:35:48Z","description":"","origin_country":"us","owner_id":"1000331142","project_id":"11a0e63f-f198-416b-b25b-e0ec10bd4a44","size":0,"usage":{"last_update_time":1727714148539,"last_updated_at":"2024-09-30T16:35:48Z"}},"entity":{"job":{"asset_ref_type":"metadata_import","configuration":{"env_type":"","env_variables":[]},"last_run_initiator":"deprecated field","last_run_time":"deprecated field","last_run_status":"deprecated field","last_run_status_timestamp":0,"future_scheduled_runs":[],"enable_notifications":true,"project_name":"Customer-MDM","asset_ref":"d6a84397-9470-4a49-9f80-29d3a8360d66","schedule_id":"","schedule_creator_id":""}}}