{"metadata":{"asset_id":"645cec7e-d25b-4ade-8639-532a5087b903","asset_attributes":["job"],"name":"EPSILON_IL_PERSON_COMMUNICATION_CONSENT_7 job","asset_type":"job","created_at":"2024-09-30T16:41:36Z","description":"","origin_country":"us","owner_id":"1000331142","project_id":"11a0e63f-f198-416b-b25b-e0ec10bd4a44","size":0,"usage":{"last_update_time":1727714496397,"last_updated_at":"2024-09-30T16:41:36Z"}},"entity":{"job":{"asset_ref_type":"metadata_import","configuration":{"env_type":"","env_variables":[]},"last_run_initiator":"deprecated field","last_run_time":"deprecated field","last_run_status":"deprecated field","last_run_status_timestamp":0,"future_scheduled_runs":[],"enable_notifications":true,"project_name":"Customer-MDM","asset_ref":"f2e6e307-88cc-4ce8-839b-efeab744c3e8","schedule_id":"","schedule_creator_id":""}}}