{"metadata":{"asset_id":"94e5a29f-431b-4de0-9a8d-64d6025a17d8","asset_attributes":["job"],"name":"job_plMain_Inbound_Schedule_BLUESUN_ORG_2of2","asset_type":"job","created_at":"2024-09-04T13:24:26Z","description":"","origin_country":"us","owner_id":"1000331044","project_id":"11a0e63f-f198-416b-b25b-e0ec10bd4a44","size":0,"usage":{"last_update_time":1729897203619,"last_updated_at":"2024-10-25T23:00:03Z"}},"entity":{"job":{"asset_ref_type":"orchestration_flow","configuration":{"version":"0edbb491-39a0-43d4-b201-e5d683cd0e90-0","env_type":"","env_variables":[]},"last_run_initiator":"deprecated field","last_run_time":"deprecated field","last_run_status":"deprecated field","last_run_status_timestamp":0,"future_scheduled_runs":["2024-10-26T23:00:00.000Z","2024-10-27T23:00:00.000Z","2024-10-28T23:00:00.000Z","2024-10-29T23:00:00.000Z","2024-10-30T23:00:00.000Z","2024-10-31T23:00:00.000Z","2024-11-01T23:00:00.000Z","2024-11-02T23:00:00.000Z","2024-11-03T23:00:00.000Z","2024-11-04T23:00:00.000Z"],"enable_notifications":true,"project_name":"Customer-MDM","asset_ref":"0edbb491-39a0-43d4-b201-e5d683cd0e90","job_parameters":[{"name":"SourceName","value":"BLUESUN"},{"name":"RecordType","value":"ORG,ORGANIZATION_ACCOUNT"}],"schedule_id":"3d0c4273-2606-4688-a085-6bb26d9e020a","schedule_creator_id":"1000331044","schedule":"0 23 * * *","schedule_info":{"startOn":1729796400000,"repeat":true}}}}