{"metadata":{"asset_id":"2f16a926-09f9-4dd5-a7de-ccb786d8cbc2","asset_attributes":["job"],"name":"EPSILON_IL_PERSON_16_1 job","asset_type":"job","created_at":"2024-10-14T00:48:40Z","description":"","origin_country":"us","owner_id":"1000331142","project_id":"11a0e63f-f198-416b-b25b-e0ec10bd4a44","size":0,"usage":{"last_update_time":1728866920536,"last_updated_at":"2024-10-14T00:48:40Z"}},"entity":{"job":{"asset_ref_type":"metadata_import","configuration":{"env_type":"","env_variables":[]},"last_run_initiator":"deprecated field","last_run_time":"deprecated field","last_run_status":"deprecated field","last_run_status_timestamp":0,"future_scheduled_runs":[],"enable_notifications":true,"project_name":"Customer-MDM","asset_ref":"0c2397f1-7204-4f9a-bb7d-dbf644f84a97","schedule_id":"","schedule_creator_id":""}}}