{"metadata":{"asset_id":"b94587e3-d01e-47e8-8348-a9e5ae37e3fa","asset_attributes":["job"],"name":"EPSILON_IL_PERSON_COMMUNICATION_CONSENT_15_1 job","asset_type":"job","created_at":"2024-10-10T21:55:48Z","description":"","origin_country":"us","owner_id":"1000331142","project_id":"11a0e63f-f198-416b-b25b-e0ec10bd4a44","size":0,"usage":{"last_update_time":1728597348230,"last_updated_at":"2024-10-10T21:55:48Z"}},"entity":{"job":{"asset_ref_type":"metadata_import","configuration":{"env_type":"","env_variables":[]},"last_run_initiator":"deprecated field","last_run_time":"deprecated field","last_run_status":"deprecated field","last_run_status_timestamp":0,"future_scheduled_runs":[],"enable_notifications":true,"project_name":"Customer-MDM","asset_ref":"b95d1c44-5714-47c5-95da-f9ef1c30f555","schedule_id":"","schedule_creator_id":""}}}