{"metadata":{"asset_id":"3eaf9c29-8f41-4391-b824-a08bf2977e4b","asset_attributes":["job"],"name":"job_plMain_Inbound_Schedule_BLUESUN_ORG_1of2","asset_type":"job","created_at":"2024-04-02T18:17:10Z","description":"","origin_country":"us","owner_id":"1000331364","project_id":"11a0e63f-f198-416b-b25b-e0ec10bd4a44","size":0,"usage":{"last_update_time":1729879203531,"last_updated_at":"2024-10-25T18:00:03Z"}},"entity":{"job":{"asset_ref_type":"orchestration_flow","configuration":{"version":"0edbb491-39a0-43d4-b201-e5d683cd0e90-0","env_type":"","env_variables":[]},"last_run_initiator":"deprecated field","last_run_time":"deprecated field","last_run_status":"deprecated field","last_run_status_timestamp":0,"future_scheduled_runs":["2024-10-26T18:00:00.000Z","2024-10-27T18:00:00.000Z","2024-10-28T18:00:00.000Z","2024-10-29T18:00:00.000Z","2024-10-30T18:00:00.000Z","2024-10-31T18:00:00.000Z","2024-11-01T18:00:00.000Z","2024-11-02T18:00:00.000Z","2024-11-03T18:00:00.000Z","2024-11-04T18:00:00.000Z"],"enable_notifications":true,"project_name":"Customer-MDM","asset_ref":"0edbb491-39a0-43d4-b201-e5d683cd0e90","job_parameters":[{"name":"SourceName","value":"BLUESUN"},{"name":"RecordType","value":"ORG,ORGANIZATION_ACCOUNT"}],"schedule_id":"7115603e-015a-4e20-8b06-303f062e02c5","schedule_creator_id":"1000331044","schedule":"0 18 * * *","schedule_info":{"startOn":1729798200000,"repeat":true}}}}