{"metadata":{"asset_id":"e16450ec-021e-4054-9b24-fbbc3c1d10c7","asset_attributes":["job"],"name":"Outbound_Initial_Person_Record_EPSILON_DELETE_FLAG.DataStage job","asset_type":"job","created_at":"2024-09-20T04:09:07Z","origin_country":"us","owner_id":"1000331142","project_id":"11a0e63f-f198-416b-b25b-e0ec10bd4a44","size":0,"usage":{"last_update_time":1726805475171,"last_updated_at":"2024-09-20T04:11:15Z"}},"entity":{"job":{"asset_ref_type":"data_intg_flow","configuration":{"env_variables":[],"flow_limits":{"warn_limit":0},"runPriorityQueue":"High","env_id":"128d5608-cdfc-42dc-89ea-fc897ffbf806","env_type":"datastage"},"last_run_initiator":"deprecated field","last_run_time":"deprecated field","last_run_status":"deprecated field","last_run_status_timestamp":0,"future_scheduled_runs":[],"enable_notifications":true,"project_name":"Customer-MDM","asset_ref":"00edaccf-4b43-428d-aabb-e8ac2ba7d04d","job_parameters":[],"parameter_sets":[],"schedule_id":"","schedule_creator_id":"","retention_policy":{}}}}