{"metadata":{"asset_id":"6a5a44bc-b7a0-4935-9b04-c9a4c5fc117e","asset_attributes":["job"],"name":"EPSILON_IL_PERSON_10_2 job","asset_type":"job","created_at":"2024-10-14T00:14:33Z","description":"","origin_country":"us","owner_id":"1000331142","project_id":"11a0e63f-f198-416b-b25b-e0ec10bd4a44","size":0,"usage":{"last_update_time":1728864873692,"last_updated_at":"2024-10-14T00:14:33Z"}},"entity":{"job":{"asset_ref_type":"metadata_import","configuration":{"env_type":"","env_variables":[]},"last_run_initiator":"deprecated field","last_run_time":"deprecated field","last_run_status":"deprecated field","last_run_status_timestamp":0,"future_scheduled_runs":[],"enable_notifications":true,"project_name":"Customer-MDM","asset_ref":"7f81a25f-111d-4007-a46b-47f917913649","schedule_id":"","schedule_creator_id":""}}}