{"metadata":{"asset_id":"9e168329-6897-4e23-b509-892d01e07a8f","asset_attributes":["job"],"name":"job_plMain_Inbound_Schedule_FPOS_1of2","asset_type":"job","created_at":"2024-04-09T09:00:44Z","description":"","origin_country":"us","owner_id":"1000331142","project_id":"11a0e63f-f198-416b-b25b-e0ec10bd4a44","size":0,"usage":{"last_update_time":1729882803828,"last_updated_at":"2024-10-25T19:00:03Z"}},"entity":{"job":{"asset_ref_type":"orchestration_flow","configuration":{"version":"83059f6c-42ff-439a-aef5-97c376d6e41f-0","env_type":"","env_variables":[]},"last_run_initiator":"deprecated field","last_run_time":"deprecated field","last_run_status":"deprecated field","last_run_status_timestamp":0,"future_scheduled_runs":["2024-10-26T19:00:00.000Z","2024-10-27T19:00:00.000Z","2024-10-28T19:00:00.000Z","2024-10-29T19:00:00.000Z","2024-10-30T19:00:00.000Z","2024-10-31T19:00:00.000Z","2024-11-01T19:00:00.000Z","2024-11-02T19:00:00.000Z","2024-11-03T19:00:00.000Z","2024-11-04T19:00:00.000Z"],"enable_notifications":true,"project_name":"Customer-MDM","asset_ref":"83059f6c-42ff-439a-aef5-97c376d6e41f","job_parameters":[{"name":"SourceName","value":"FPOS"},{"name":"RecordType","value":"PERSON,PERSON_ACCOUNT,PERSON_COMMUNICATION_CONSENT"}],"schedule_id":"61f1bb95-e1d2-4044-8842-13d7a2973ff8","schedule_creator_id":"1000331044","schedule":"0 19 * * *","schedule_info":{"startOn":1729796100000,"repeat":true}}}}