{"metadata":{"asset_id":"1c5497f8-2806-4972-abeb-4f5dd81ff6b1","asset_attributes":["job"],"name":"XPOS_PERSON_ACCOUNT_3 job","asset_type":"job","created_at":"2024-05-10T16:38:59Z","description":"","origin_country":"us","owner_id":"1000331044","project_id":"11a0e63f-f198-416b-b25b-e0ec10bd4a44","size":0,"usage":{"last_update_time":1715359139773,"last_updated_at":"2024-05-10T16:38:59Z"}},"entity":{"job":{"asset_ref_type":"metadata_import","configuration":{"env_type":"","env_variables":[]},"last_run_initiator":"deprecated field","last_run_time":"deprecated field","last_run_status":"deprecated field","last_run_status_timestamp":0,"future_scheduled_runs":[],"enable_notifications":true,"project_name":"Customer-MDM","asset_ref":"48fff61b-df7c-4969-b568-02f40bf66c79","schedule_id":"","schedule_creator_id":""}}}