{"metadata":{"asset_id":"1c4471b8-0911-4ce8-86cd-667cc1c71171","asset_attributes":["job"],"name":"EPSILON_IL_PERSON_9_1 job","asset_type":"job","created_at":"2024-10-14T00:09:48Z","description":"","origin_country":"us","owner_id":"1000331142","project_id":"11a0e63f-f198-416b-b25b-e0ec10bd4a44","size":0,"usage":{"last_update_time":1728864588118,"last_updated_at":"2024-10-14T00:09:48Z"}},"entity":{"job":{"asset_ref_type":"metadata_import","configuration":{"env_type":"","env_variables":[]},"last_run_initiator":"deprecated field","last_run_time":"deprecated field","last_run_status":"deprecated field","last_run_status_timestamp":0,"future_scheduled_runs":[],"enable_notifications":true,"project_name":"Customer-MDM","asset_ref":"35f3b67b-ae30-4107-89df-3cea02b78a7e","schedule_id":"","schedule_creator_id":""}}}