{"metadata":{"asset_id":"95863d8d-8416-44b4-9c94-155b11d22563","asset_attributes":["job"],"name":"EPSILON_IL_PERSON_COMMUNICATION_CONSENT_13_2 job","asset_type":"job","created_at":"2024-10-10T21:51:24Z","description":"","origin_country":"us","owner_id":"1000331142","project_id":"11a0e63f-f198-416b-b25b-e0ec10bd4a44","size":0,"usage":{"last_update_time":1728597084918,"last_updated_at":"2024-10-10T21:51:24Z"}},"entity":{"job":{"asset_ref_type":"metadata_import","configuration":{"env_type":"","env_variables":[]},"last_run_initiator":"deprecated field","last_run_time":"deprecated field","last_run_status":"deprecated field","last_run_status_timestamp":0,"future_scheduled_runs":[],"enable_notifications":true,"project_name":"Customer-MDM","asset_ref":"5235a164-494f-4755-99b2-dfe2eeded1f6","schedule_id":"","schedule_creator_id":""}}}