{"metadata":{"asset_id":"4f6658cc-82f9-4b1d-aa2a-aa9e2844f29c","asset_attributes":["job"],"name":"plInbound_BatchControl_Process_4_Costar_INT","asset_type":"job","created_at":"2024-04-07T02:04:27Z","description":"","origin_country":"us","owner_id":"1000331142","project_id":"11a0e63f-f198-416b-b25b-e0ec10bd4a44","size":0,"usage":{"last_update_time":1712455467072,"last_updated_at":"2024-04-07T02:04:27Z"}},"entity":{"job":{"asset_ref_type":"orchestration_flow","configuration":{"version":"4e304abe-1759-4bd4-a22f-352e761df045-0","env_type":"","env_variables":[]},"last_run_initiator":"deprecated field","last_run_time":"deprecated field","last_run_status":"deprecated field","last_run_status_timestamp":0,"future_scheduled_runs":[],"enable_notifications":true,"project_name":"Customer-MDM","asset_ref":"4e304abe-1759-4bd4-a22f-352e761df045","job_parameters":[{"name":"SourceName","value":"EPSILON"},{"name":"RecordType","value":"PERSON_INTERACTION"}],"schedule_id":"","schedule_creator_id":""}}}