{"metadata":{"asset_id":"5b5b5e5f-21c1-4ffa-b5cb-cd0bd535871e","asset_attributes":["job"],"name":"GIGYA_IL_PERSON_5 job","asset_type":"job","created_at":"2024-06-19T14:32:35Z","description":"","origin_country":"us","owner_id":"1000331142","project_id":"11a0e63f-f198-416b-b25b-e0ec10bd4a44","size":0,"usage":{"last_update_time":1718807555723,"last_updated_at":"2024-06-19T14:32:35Z"}},"entity":{"job":{"asset_ref_type":"metadata_import","configuration":{"env_type":"","env_variables":[]},"last_run_initiator":"deprecated field","last_run_time":"deprecated field","last_run_status":"deprecated field","last_run_status_timestamp":0,"future_scheduled_runs":[],"enable_notifications":true,"project_name":"Customer-MDM","asset_ref":"5c905cc6-a1f2-4672-9cd3-8d08e51332b5","schedule_id":"","schedule_creator_id":""}}}