{"metadata":{"asset_id":"c1fcc2f7-4a66-4058-92ec-5f912642f022","asset_attributes":["job"],"name":"XPOS_PERSON_ACCOUNT job","asset_type":"job","created_at":"2024-05-09T12:55:10Z","description":"","origin_country":"us","owner_id":"1000331040","project_id":"11a0e63f-f198-416b-b25b-e0ec10bd4a44","size":0,"usage":{"last_update_time":1715259310564,"last_updated_at":"2024-05-09T12:55:10Z"}},"entity":{"job":{"asset_ref_type":"metadata_import","configuration":{"env_type":"","env_variables":[]},"last_run_initiator":"deprecated field","last_run_time":"deprecated field","last_run_status":"deprecated field","last_run_status_timestamp":0,"future_scheduled_runs":[],"enable_notifications":true,"project_name":"Customer-MDM","asset_ref":"dd31ccea-c66a-41e1-8b82-f6696df92f8e","schedule_id":"","schedule_creator_id":""}}}