{"metadata":{"asset_id":"2e8dce87-e79a-4e69-b1e1-a59abe566390","asset_attributes":["job"],"name":"job_plOutbound_Ongoing_Organization_Interaction_Process","asset_type":"job","created_at":"2024-06-06T15:53:54Z","description":"","origin_country":"us","owner_id":"1000331044","project_id":"11a0e63f-f198-416b-b25b-e0ec10bd4a44","size":0,"usage":{"last_update_time":1717689234950,"last_updated_at":"2024-06-06T15:53:54Z"}},"entity":{"job":{"asset_ref_type":"orchestration_flow","configuration":{"version":"10664a6e-adec-495d-8dff-54b4b1c31e6a-0","env_type":"","env_variables":[]},"last_run_initiator":"deprecated field","last_run_time":"deprecated field","last_run_status":"deprecated field","last_run_status_timestamp":0,"future_scheduled_runs":[],"enable_notifications":true,"project_name":"Customer-MDM","asset_ref":"10664a6e-adec-495d-8dff-54b4b1c31e6a","parameter_sets":[{"name":"PS_Outbound_Kafka_Topics"},{"name":"PS_Match360_Connection"}],"schedule_id":"","schedule_creator_id":""}}}