{"metadata":{"asset_id":"699befa4-ad93-4fb3-ac45-3369fb4be6a8","asset_attributes":["job"],"name":" job_plMain_Inbound_Schedule_ROUTEIQUE_ORG_2of2","asset_type":"job","created_at":"2024-09-04T13:18:20Z","description":"","origin_country":"us","owner_id":"1000331044","project_id":"11a0e63f-f198-416b-b25b-e0ec10bd4a44","size":0,"usage":{"last_update_time":1729892403539,"last_updated_at":"2024-10-25T21:40:03Z"}},"entity":{"job":{"asset_ref_type":"orchestration_flow","configuration":{"version":"ffddbd16-9599-4804-88f9-c0f21dfcd318-0","env_type":"","env_variables":[]},"last_run_initiator":"deprecated field","last_run_time":"deprecated field","last_run_status":"deprecated field","last_run_status_timestamp":0,"future_scheduled_runs":["2024-10-26T21:40:00.000Z","2024-10-27T21:40:00.000Z","2024-10-28T21:40:00.000Z","2024-10-29T21:40:00.000Z","2024-10-30T21:40:00.000Z","2024-10-31T21:40:00.000Z","2024-11-01T21:40:00.000Z","2024-11-02T21:40:00.000Z","2024-11-03T21:40:00.000Z","2024-11-04T21:40:00.000Z"],"enable_notifications":true,"project_name":"Customer-MDM","asset_ref":"ffddbd16-9599-4804-88f9-c0f21dfcd318","job_parameters":[{"name":"SourceName","value":"ROUTEIQUE"},{"name":"RecordType","value":"ORG"}],"schedule_id":"d15e7017-c066-491e-a41a-e15724137f02","schedule_creator_id":"1000331044","schedule":"40 21 * * *","schedule_info":{"startOn":1729798200000,"repeat":true}}}}