{"metadata":{"asset_id":"c10fcde8-0b20-41d5-b1ef-451fcc36c27f","asset_attributes":["job"],"name":"EPSILON_IL_PERSON_10_1 job","asset_type":"job","created_at":"2024-10-14T00:13:10Z","description":"","origin_country":"us","owner_id":"1000331142","project_id":"11a0e63f-f198-416b-b25b-e0ec10bd4a44","size":0,"usage":{"last_update_time":1728864790148,"last_updated_at":"2024-10-14T00:13:10Z"}},"entity":{"job":{"asset_ref_type":"metadata_import","configuration":{"env_type":"","env_variables":[]},"last_run_initiator":"deprecated field","last_run_time":"deprecated field","last_run_status":"deprecated field","last_run_status_timestamp":0,"future_scheduled_runs":[],"enable_notifications":true,"project_name":"Customer-MDM","asset_ref":"4c899f2d-a871-40d9-bd96-d54cba56366a","schedule_id":"","schedule_creator_id":""}}}