{"metadata":{"asset_id":"b1db5537-221d-4473-a760-5d1ddc6e7c54","asset_attributes":["job"],"name":"EPSILON_IL_PERSON_COMMUNICATION_CONSENT_15 job","asset_type":"job","created_at":"2024-09-30T16:51:07Z","description":"","origin_country":"us","owner_id":"1000331142","project_id":"11a0e63f-f198-416b-b25b-e0ec10bd4a44","size":0,"usage":{"last_update_time":1727715067289,"last_updated_at":"2024-09-30T16:51:07Z"}},"entity":{"job":{"asset_ref_type":"metadata_import","configuration":{"env_type":"","env_variables":[]},"last_run_initiator":"deprecated field","last_run_time":"deprecated field","last_run_status":"deprecated field","last_run_status_timestamp":0,"future_scheduled_runs":[],"enable_notifications":true,"project_name":"Customer-MDM","asset_ref":"2dcb9fe1-d646-471c-8e36-b1d55f6cfb95","schedule_id":"","schedule_creator_id":""}}}