{"metadata":{"asset_id":"26f4a349-14f6-41ba-8c34-d46ceb61bfad","asset_attributes":["job"],"name":"EPSILON_IL_PERSON_13_1 job","asset_type":"job","created_at":"2024-10-14T00:20:52Z","description":"","origin_country":"us","owner_id":"1000331142","project_id":"11a0e63f-f198-416b-b25b-e0ec10bd4a44","size":0,"usage":{"last_update_time":1728865252038,"last_updated_at":"2024-10-14T00:20:52Z"}},"entity":{"job":{"asset_ref_type":"metadata_import","configuration":{"env_type":"","env_variables":[]},"last_run_initiator":"deprecated field","last_run_time":"deprecated field","last_run_status":"deprecated field","last_run_status_timestamp":0,"future_scheduled_runs":[],"enable_notifications":true,"project_name":"Customer-MDM","asset_ref":"f6994f23-0826-4b8f-9153-d60a26be5fb7","schedule_id":"","schedule_creator_id":""}}}