{"metadata":{"asset_id":"7cbf2a25-b119-4403-868e-415f5f743853","asset_attributes":["job"],"name":"GIGYA_IL_PI_4 job","asset_type":"job","created_at":"2024-06-25T20:36:54Z","description":"","origin_country":"us","owner_id":"1000331142","project_id":"11a0e63f-f198-416b-b25b-e0ec10bd4a44","size":0,"usage":{"last_update_time":1719347814223,"last_updated_at":"2024-06-25T20:36:54Z"}},"entity":{"job":{"asset_ref_type":"metadata_import","configuration":{"env_type":"","env_variables":[]},"last_run_initiator":"deprecated field","last_run_time":"deprecated field","last_run_status":"deprecated field","last_run_status_timestamp":0,"future_scheduled_runs":[],"enable_notifications":true,"project_name":"Customer-MDM","asset_ref":"3c42f7de-3b00-4f22-a280-fab4108d8747","schedule_id":"","schedule_creator_id":""}}}