{"metadata":{"asset_id":"5650723b-e973-4b01-aced-3ba07becb8ae","asset_attributes":["job"],"name":"EPSILON_IL_PERSON_COMMUNICATION_CONSENT_16_2 job","asset_type":"job","created_at":"2024-10-10T21:59:11Z","description":"","origin_country":"us","owner_id":"1000331142","project_id":"11a0e63f-f198-416b-b25b-e0ec10bd4a44","size":0,"usage":{"last_update_time":1728597551442,"last_updated_at":"2024-10-10T21:59:11Z"}},"entity":{"job":{"asset_ref_type":"metadata_import","configuration":{"env_type":"","env_variables":[]},"last_run_initiator":"deprecated field","last_run_time":"deprecated field","last_run_status":"deprecated field","last_run_status_timestamp":0,"future_scheduled_runs":[],"enable_notifications":true,"project_name":"Customer-MDM","asset_ref":"78f29ec1-fe02-4329-b7ed-ad04cb3d7fe2","schedule_id":"","schedule_creator_id":""}}}