{"metadata":{"asset_id":"68f1be0f-ae29-43e1-8e27-8a9ebdf39b13","asset_attributes":["job"],"name":"EPSILON_IL_PERSON_17 job","asset_type":"job","created_at":"2024-09-26T21:06:17Z","description":"","origin_country":"us","owner_id":"1000331142","project_id":"11a0e63f-f198-416b-b25b-e0ec10bd4a44","size":0,"usage":{"last_update_time":1727384777798,"last_updated_at":"2024-09-26T21:06:17Z"}},"entity":{"job":{"asset_ref_type":"metadata_import","configuration":{"env_type":"","env_variables":[]},"last_run_initiator":"deprecated field","last_run_time":"deprecated field","last_run_status":"deprecated field","last_run_status_timestamp":0,"future_scheduled_runs":[],"enable_notifications":true,"project_name":"Customer-MDM","asset_ref":"6edefb27-4917-4ad1-afba-18db7094667d","schedule_id":"","schedule_creator_id":""}}}