{"metadata":{"asset_id":"f66ef09f-9ec4-442f-8969-81ac4f63c1e8","asset_attributes":["job"],"name":"export-4821564475012","asset_type":"job","created_at":"2024-09-20T04:11:37Z","origin_country":"us","owner_id":"icp4d-dev","project_id":"11a0e63f-f198-416b-b25b-e0ec10bd4a44","size":0,"usage":{"last_update_time":1726805497063,"last_updated_at":"2024-09-20T04:11:37Z"}},"entity":{"job":{"asset_ref_type":"master-data-management","configuration":{"env_type":"master-data-management","env_variables":[]},"last_run_initiator":"deprecated field","last_run_time":"deprecated field","last_run_status":"deprecated field","last_run_status_timestamp":0,"future_scheduled_runs":[],"enable_notifications":true,"hide_run_ui_display":true,"project_name":"Customer-MDM","schedule_id":"","schedule_creator_id":""}}}