{"metadata":{"asset_id":"012c21be-f4f6-4ef9-a9ad-4c2b600db247","asset_attributes":["job"],"name":"GIGYA_IL_PERSON_18 job","asset_type":"job","created_at":"2024-06-19T13:57:57Z","description":"","origin_country":"us","owner_id":"1000331142","project_id":"11a0e63f-f198-416b-b25b-e0ec10bd4a44","size":0,"usage":{"last_update_time":1718805477513,"last_updated_at":"2024-06-19T13:57:57Z"}},"entity":{"job":{"asset_ref_type":"metadata_import","configuration":{"env_type":"","env_variables":[]},"last_run_initiator":"deprecated field","last_run_time":"deprecated field","last_run_status":"deprecated field","last_run_status_timestamp":0,"future_scheduled_runs":[],"enable_notifications":true,"project_name":"Customer-MDM","asset_ref":"21dc8f73-4a93-4c11-aade-3b67acfd2616","schedule_id":"","schedule_creator_id":""}}}