{"metadata":{"asset_id":"4506f2e3-812c-46ea-ba36-5d891c663697","asset_attributes":["job"],"name":"MPOS_IL_PERSON_4 job","asset_type":"job","created_at":"2024-10-01T12:54:56Z","description":"","origin_country":"us","owner_id":"1000331142","project_id":"11a0e63f-f198-416b-b25b-e0ec10bd4a44","size":0,"usage":{"last_update_time":1727787296539,"last_updated_at":"2024-10-01T12:54:56Z"}},"entity":{"job":{"asset_ref_type":"metadata_import","configuration":{"env_type":"","env_variables":[]},"last_run_initiator":"deprecated field","last_run_time":"deprecated field","last_run_status":"deprecated field","last_run_status_timestamp":0,"future_scheduled_runs":[],"enable_notifications":true,"project_name":"Customer-MDM","asset_ref":"31dc946f-71fd-42f3-812d-3fa6d4da38d0","schedule_id":"","schedule_creator_id":""}}}