{"metadata":{"asset_id":"02395695-ed58-45ab-84ce-3287a00eacab","asset_attributes":["job"],"name":"GIGYA_IL_PA_7 job","asset_type":"job","created_at":"2024-06-24T21:01:47Z","description":"","origin_country":"us","owner_id":"1000331142","project_id":"11a0e63f-f198-416b-b25b-e0ec10bd4a44","size":0,"usage":{"last_update_time":1719262907194,"last_updated_at":"2024-06-24T21:01:47Z"}},"entity":{"job":{"asset_ref_type":"metadata_import","configuration":{"env_type":"","env_variables":[]},"last_run_initiator":"deprecated field","last_run_time":"deprecated field","last_run_status":"deprecated field","last_run_status_timestamp":0,"future_scheduled_runs":[],"enable_notifications":true,"project_name":"Customer-MDM","asset_ref":"ad3592e1-0312-4269-84d0-6d17075a8103","schedule_id":"","schedule_creator_id":""}}}