{"metadata":{"asset_id":"5475bda9-4168-4e77-a75f-44dec83e42cc","asset_attributes":["job"],"name":"EPSILON_IL_PERSON_7_2 job","asset_type":"job","created_at":"2024-10-14T00:06:16Z","description":"","origin_country":"us","owner_id":"1000331142","project_id":"11a0e63f-f198-416b-b25b-e0ec10bd4a44","size":0,"usage":{"last_update_time":1728864376163,"last_updated_at":"2024-10-14T00:06:16Z"}},"entity":{"job":{"asset_ref_type":"metadata_import","configuration":{"env_type":"","env_variables":[]},"last_run_initiator":"deprecated field","last_run_time":"deprecated field","last_run_status":"deprecated field","last_run_status_timestamp":0,"future_scheduled_runs":[],"enable_notifications":true,"project_name":"Customer-MDM","asset_ref":"07a2e82e-54e6-41b2-abb9-2f54e37acd6c","schedule_id":"","schedule_creator_id":""}}}