{"metadata":{"asset_id":"6682ac52-babd-4d64-9ae4-6cdb2e1e8b8c","asset_attributes":["job"],"name":"Job_plMain_Inbound_Schedule_MPOS_ORG_1Of2","asset_type":"job","created_at":"2024-09-03T19:51:56Z","description":"","origin_country":"us","owner_id":"1000331044","project_id":"11a0e63f-f198-416b-b25b-e0ec10bd4a44","size":0,"usage":{"last_update_time":1729888203020,"last_updated_at":"2024-10-25T20:30:03Z"}},"entity":{"job":{"asset_ref_type":"orchestration_flow","configuration":{"version":"55911deb-f3f7-49ca-95b8-84abe5a24d4f-0","env_type":"","env_variables":[]},"last_run_initiator":"deprecated field","last_run_time":"deprecated field","last_run_status":"deprecated field","last_run_status_timestamp":0,"future_scheduled_runs":["2024-10-26T20:30:00.000Z","2024-10-27T20:30:00.000Z","2024-10-28T20:30:00.000Z","2024-10-29T20:30:00.000Z","2024-10-30T20:30:00.000Z","2024-10-31T20:30:00.000Z","2024-11-01T20:30:00.000Z","2024-11-02T20:30:00.000Z","2024-11-03T20:30:00.000Z","2024-11-04T20:30:00.000Z"],"enable_notifications":true,"project_name":"Customer-MDM","asset_ref":"55911deb-f3f7-49ca-95b8-84abe5a24d4f","job_parameters":[{"name":"SourceName","value":"MPOS"},{"name":"RecordType","value":"ORG,ORGANIZATION_CONSENT"}],"schedule_id":"fe3c2f7c-9157-4957-9ffb-aa207324dfbd","schedule_creator_id":"1000331044","schedule":"30 20 * * *","schedule_info":{"startOn":1729796400000,"repeat":true}}}}