{"metadata":{"asset_id":"61f44158-0dfe-43b7-9cc4-d5eb90570d60","asset_attributes":["job"],"name":"EPSILON_IL_PERSON_COMMUNICATION_CONSENT_12_1 job","asset_type":"job","created_at":"2024-10-10T16:16:23Z","description":"","origin_country":"us","owner_id":"1000331142","project_id":"11a0e63f-f198-416b-b25b-e0ec10bd4a44","size":0,"usage":{"last_update_time":1728576983425,"last_updated_at":"2024-10-10T16:16:23Z"}},"entity":{"job":{"asset_ref_type":"metadata_import","configuration":{"env_type":"","env_variables":[]},"last_run_initiator":"deprecated field","last_run_time":"deprecated field","last_run_status":"deprecated field","last_run_status_timestamp":0,"future_scheduled_runs":[],"enable_notifications":true,"project_name":"Customer-MDM","asset_ref":"ef1b783b-e958-4562-8c84-be6c2b8b808c","schedule_id":"","schedule_creator_id":""}}}