{"metadata":{"asset_id":"bc0221a6-63e5-4980-9b94-8b7bb594fdd7","asset_attributes":["job"],"name":"EPSILON_IL_PERSON_COMMUNICATION_CONSENT_9_1 job","asset_type":"job","created_at":"2024-10-10T15:08:46Z","description":"","origin_country":"us","owner_id":"1000331142","project_id":"11a0e63f-f198-416b-b25b-e0ec10bd4a44","size":0,"usage":{"last_update_time":1728572926875,"last_updated_at":"2024-10-10T15:08:46Z"}},"entity":{"job":{"asset_ref_type":"metadata_import","configuration":{"env_type":"","env_variables":[]},"last_run_initiator":"deprecated field","last_run_time":"deprecated field","last_run_status":"deprecated field","last_run_status_timestamp":0,"future_scheduled_runs":[],"enable_notifications":true,"project_name":"Customer-MDM","asset_ref":"f240234b-5317-4f8c-8196-dbb354aabada","schedule_id":"","schedule_creator_id":""}}}