{"metadata":{"asset_id":"10087709-1a90-4aaf-b8b7-40d9ae16a361","asset_attributes":["job"],"name":"EPSILON_IL_PERSON_7_1 job","asset_type":"job","created_at":"2024-10-14T00:05:09Z","description":"","origin_country":"us","owner_id":"1000331142","project_id":"11a0e63f-f198-416b-b25b-e0ec10bd4a44","size":0,"usage":{"last_update_time":1728864309892,"last_updated_at":"2024-10-14T00:05:09Z"}},"entity":{"job":{"asset_ref_type":"metadata_import","configuration":{"env_type":"","env_variables":[]},"last_run_initiator":"deprecated field","last_run_time":"deprecated field","last_run_status":"deprecated field","last_run_status_timestamp":0,"future_scheduled_runs":[],"enable_notifications":true,"project_name":"Customer-MDM","asset_ref":"dcd6dd73-a485-412e-b8f2-84a74d20b4c0","schedule_id":"","schedule_creator_id":""}}}