{"metadata":{"asset_id":"631f64ef-2ac3-4f31-b0d6-c1c2935893a0","asset_attributes":["job"],"name":"GIGYA_IL_PC_22 job","asset_type":"job","created_at":"2024-06-25T20:01:55Z","description":"","origin_country":"us","owner_id":"1000331142","project_id":"11a0e63f-f198-416b-b25b-e0ec10bd4a44","size":0,"usage":{"last_update_time":1719345715814,"last_updated_at":"2024-06-25T20:01:55Z"}},"entity":{"job":{"asset_ref_type":"metadata_import","configuration":{"env_type":"","env_variables":[]},"last_run_initiator":"deprecated field","last_run_time":"deprecated field","last_run_status":"deprecated field","last_run_status_timestamp":0,"future_scheduled_runs":[],"enable_notifications":true,"project_name":"Customer-MDM","asset_ref":"434b73dc-cc29-4dc5-bdb3-bb85eb7dde38","schedule_id":"","schedule_creator_id":""}}}