{"metadata":{"asset_id":"03912d24-28d9-4d81-a2e9-a3450932c4d4","asset_attributes":["job"],"name":"GIGYA_IL_PC_17 job","asset_type":"job","created_at":"2024-06-25T20:08:12Z","description":"","origin_country":"us","owner_id":"1000331142","project_id":"11a0e63f-f198-416b-b25b-e0ec10bd4a44","size":0,"usage":{"last_update_time":1719346092765,"last_updated_at":"2024-06-25T20:08:12Z"}},"entity":{"job":{"asset_ref_type":"metadata_import","configuration":{"env_type":"","env_variables":[]},"last_run_initiator":"deprecated field","last_run_time":"deprecated field","last_run_status":"deprecated field","last_run_status_timestamp":0,"future_scheduled_runs":[],"enable_notifications":true,"project_name":"Customer-MDM","asset_ref":"72b889c6-aaaa-4f89-8a20-21c60e1d6958","schedule_id":"","schedule_creator_id":""}}}