{"metadata":{"asset_id":"a15bc9ed-33da-455f-ba43-83067ddf7c48","asset_attributes":["job"],"name":"EPSILON_IL_PERSON_COMMUNICATION_CONSENT_16 job","asset_type":"job","created_at":"2024-09-30T16:52:05Z","description":"","origin_country":"us","owner_id":"1000331142","project_id":"11a0e63f-f198-416b-b25b-e0ec10bd4a44","size":0,"usage":{"last_update_time":1727715125601,"last_updated_at":"2024-09-30T16:52:05Z"}},"entity":{"job":{"asset_ref_type":"metadata_import","configuration":{"env_type":"","env_variables":[]},"last_run_initiator":"deprecated field","last_run_time":"deprecated field","last_run_status":"deprecated field","last_run_status_timestamp":0,"future_scheduled_runs":[],"enable_notifications":true,"project_name":"Customer-MDM","asset_ref":"7af8a128-2ec7-4aad-b1b1-b72721d4148f","schedule_id":"","schedule_creator_id":""}}}