{"metadata":{"asset_id":"e3483241-f4fa-45fc-862e-fe9e58621528","asset_attributes":["job"],"name":"EPSILON_IL_PERSON_COMMUNICATION_CONSENT_14_1 job","asset_type":"job","created_at":"2024-10-10T21:52:56Z","description":"","origin_country":"us","owner_id":"1000331142","project_id":"11a0e63f-f198-416b-b25b-e0ec10bd4a44","size":0,"usage":{"last_update_time":1728597176943,"last_updated_at":"2024-10-10T21:52:56Z"}},"entity":{"job":{"asset_ref_type":"metadata_import","configuration":{"env_type":"","env_variables":[]},"last_run_initiator":"deprecated field","last_run_time":"deprecated field","last_run_status":"deprecated field","last_run_status_timestamp":0,"future_scheduled_runs":[],"enable_notifications":true,"project_name":"Customer-MDM","asset_ref":"ab5f7ef0-5ed0-4097-bd82-c910d31defa0","schedule_id":"","schedule_creator_id":""}}}