{"metadata":{"asset_id":"6f3a6700-f314-41fd-9835-85e00c88f3e2","asset_attributes":["job"],"name":"GIGYA_IL_PERSON_8 job","asset_type":"job","created_at":"2024-06-19T14:26:36Z","description":"","origin_country":"us","owner_id":"1000331142","project_id":"11a0e63f-f198-416b-b25b-e0ec10bd4a44","size":0,"usage":{"last_update_time":1718807196997,"last_updated_at":"2024-06-19T14:26:36Z"}},"entity":{"job":{"asset_ref_type":"metadata_import","configuration":{"env_type":"","env_variables":[]},"last_run_initiator":"deprecated field","last_run_time":"deprecated field","last_run_status":"deprecated field","last_run_status_timestamp":0,"future_scheduled_runs":[],"enable_notifications":true,"project_name":"Customer-MDM","asset_ref":"e8d09c2e-e046-4d86-b449-754b0ff0e889","schedule_id":"","schedule_creator_id":""}}}