{"metadata":{"asset_id":"ed893cbd-0455-4305-a16f-67f1f039cb77","asset_attributes":["job"],"name":"MPOS_IL_PERSON_3 job","asset_type":"job","created_at":"2024-10-01T12:53:49Z","description":"","origin_country":"us","owner_id":"1000331142","project_id":"11a0e63f-f198-416b-b25b-e0ec10bd4a44","size":0,"usage":{"last_update_time":1727787229970,"last_updated_at":"2024-10-01T12:53:49Z"}},"entity":{"job":{"asset_ref_type":"metadata_import","configuration":{"env_type":"","env_variables":[]},"last_run_initiator":"deprecated field","last_run_time":"deprecated field","last_run_status":"deprecated field","last_run_status_timestamp":0,"future_scheduled_runs":[],"enable_notifications":true,"project_name":"Customer-MDM","asset_ref":"750ad5ee-e220-49bb-98e1-f69824153109","schedule_id":"","schedule_creator_id":""}}}