{"metadata":{"asset_id":"9be153e8-18b0-496f-905a-bdc5baca5ed5","asset_attributes":["job"],"name":"EPSILON_IL_PERSON_COMMUNICATION_CONSENT_10_1 job","asset_type":"job","created_at":"2024-10-10T16:01:40Z","description":"","origin_country":"us","owner_id":"1000331142","project_id":"11a0e63f-f198-416b-b25b-e0ec10bd4a44","size":0,"usage":{"last_update_time":1728576100418,"last_updated_at":"2024-10-10T16:01:40Z"}},"entity":{"job":{"asset_ref_type":"metadata_import","configuration":{"env_type":"","env_variables":[]},"last_run_initiator":"deprecated field","last_run_time":"deprecated field","last_run_status":"deprecated field","last_run_status_timestamp":0,"future_scheduled_runs":[],"enable_notifications":true,"project_name":"Customer-MDM","asset_ref":"de728a4e-bb94-4444-81ab-48dd1235c030","schedule_id":"","schedule_creator_id":""}}}