{"metadata":{"asset_id":"4fca5fa9-160f-4c18-be3f-b7e728ba1f0c","asset_attributes":["job"],"name":"EPSILON_IL_PERSON_COMMUNICATION_CONSENT_8_1 job","asset_type":"job","created_at":"2024-10-10T15:05:43Z","description":"","origin_country":"us","owner_id":"1000331142","project_id":"11a0e63f-f198-416b-b25b-e0ec10bd4a44","size":0,"usage":{"last_update_time":1728572743334,"last_updated_at":"2024-10-10T15:05:43Z"}},"entity":{"job":{"asset_ref_type":"metadata_import","configuration":{"env_type":"","env_variables":[]},"last_run_initiator":"deprecated field","last_run_time":"deprecated field","last_run_status":"deprecated field","last_run_status_timestamp":0,"future_scheduled_runs":[],"enable_notifications":true,"project_name":"Customer-MDM","asset_ref":"f9a5bb4f-2a3f-43c4-8f2c-1e670b4f14da","schedule_id":"","schedule_creator_id":""}}}