{"metadata":{"asset_id":"bdab3ba8-cd96-413f-a3ac-c43613afd146","asset_attributes":["job"],"name":"Job_plMain_Inbound_Schedule_MPOS_1Of2","asset_type":"job","created_at":"2024-09-03T19:54:22Z","description":"","origin_country":"us","owner_id":"1000331044","project_id":"11a0e63f-f198-416b-b25b-e0ec10bd4a44","size":0,"usage":{"last_update_time":1729884604446,"last_updated_at":"2024-10-25T19:30:04Z"}},"entity":{"job":{"asset_ref_type":"orchestration_flow","configuration":{"version":"cc6ff28b-c014-4925-9b8e-14e7903cba8f-0","env_type":"","env_variables":[]},"last_run_initiator":"deprecated field","last_run_time":"deprecated field","last_run_status":"deprecated field","last_run_status_timestamp":0,"future_scheduled_runs":["2024-10-26T19:30:00.000Z","2024-10-27T19:30:00.000Z","2024-10-28T19:30:00.000Z","2024-10-29T19:30:00.000Z","2024-10-30T19:30:00.000Z","2024-10-31T19:30:00.000Z","2024-11-01T19:30:00.000Z","2024-11-02T19:30:00.000Z","2024-11-03T19:30:00.000Z","2024-11-04T19:30:00.000Z"],"enable_notifications":true,"project_name":"Customer-MDM","asset_ref":"cc6ff28b-c014-4925-9b8e-14e7903cba8f","job_parameters":[{"name":"SourceName","value":"MPOS"},{"name":"RecordType","value":"PERSON"}],"schedule_id":"7ed56646-5a4b-414f-babc-86b5d95deea6","schedule_creator_id":"1000331044","schedule":"30 19 * * *","schedule_info":{"startOn":1729796400000,"repeat":true}}}}