{"metadata":{"asset_id":"7acbfba0-0557-4b1c-920e-453e0c7ff75b","asset_attributes":["job"],"name":"EPSILON_IL_PERSON_11_2 job","asset_type":"job","created_at":"2024-10-14T00:17:08Z","description":"","origin_country":"us","owner_id":"1000331142","project_id":"11a0e63f-f198-416b-b25b-e0ec10bd4a44","size":0,"usage":{"last_update_time":1728865028063,"last_updated_at":"2024-10-14T00:17:08Z"}},"entity":{"job":{"asset_ref_type":"metadata_import","configuration":{"env_type":"","env_variables":[]},"last_run_initiator":"deprecated field","last_run_time":"deprecated field","last_run_status":"deprecated field","last_run_status_timestamp":0,"future_scheduled_runs":[],"enable_notifications":true,"project_name":"Customer-MDM","asset_ref":"915e41ea-bf70-411d-9bb4-81b452bcb152","schedule_id":"","schedule_creator_id":""}}}