{"metadata":{"asset_id":"f6d17abd-f12b-4972-8037-edadc9a1b01d","asset_attributes":["job"],"name":"EPSILON_IL_PERSON_4_1 job","asset_type":"job","created_at":"2024-10-13T00:15:12Z","description":"","origin_country":"us","owner_id":"1000331142","project_id":"11a0e63f-f198-416b-b25b-e0ec10bd4a44","size":0,"usage":{"last_update_time":1728778512639,"last_updated_at":"2024-10-13T00:15:12Z"}},"entity":{"job":{"asset_ref_type":"metadata_import","configuration":{"env_type":"","env_variables":[]},"last_run_initiator":"deprecated field","last_run_time":"deprecated field","last_run_status":"deprecated field","last_run_status_timestamp":0,"future_scheduled_runs":[],"enable_notifications":true,"project_name":"Customer-MDM","asset_ref":"3cc9f81a-8193-4813-953c-bd6df91347d5","schedule_id":"","schedule_creator_id":""}}}