{"metadata":{"asset_id":"e4b91d6c-1046-48ab-b497-a10910089448","asset_attributes":["job"],"name":"MPOS_IL_PERSON_8 job","asset_type":"job","created_at":"2024-10-01T12:59:29Z","description":"","origin_country":"us","owner_id":"1000331142","project_id":"11a0e63f-f198-416b-b25b-e0ec10bd4a44","size":0,"usage":{"last_update_time":1727787569734,"last_updated_at":"2024-10-01T12:59:29Z"}},"entity":{"job":{"asset_ref_type":"metadata_import","configuration":{"env_type":"","env_variables":[]},"last_run_initiator":"deprecated field","last_run_time":"deprecated field","last_run_status":"deprecated field","last_run_status_timestamp":0,"future_scheduled_runs":[],"enable_notifications":true,"project_name":"Customer-MDM","asset_ref":"598d0f19-0fce-457f-94ec-0d53a9525a8a","schedule_id":"","schedule_creator_id":""}}}