{"metadata":{"asset_id":"6e063164-3f1a-4924-87ff-83d5a72681f0","asset_attributes":["job"],"name":"EPSILON_IL_PERSON_1_1 job","asset_type":"job","created_at":"2024-10-12T23:12:11Z","description":"","origin_country":"us","owner_id":"1000331142","project_id":"11a0e63f-f198-416b-b25b-e0ec10bd4a44","size":0,"usage":{"last_update_time":1728774731105,"last_updated_at":"2024-10-12T23:12:11Z"}},"entity":{"job":{"asset_ref_type":"metadata_import","configuration":{"env_type":"","env_variables":[]},"last_run_initiator":"deprecated field","last_run_time":"deprecated field","last_run_status":"deprecated field","last_run_status_timestamp":0,"future_scheduled_runs":[],"enable_notifications":true,"project_name":"Customer-MDM","asset_ref":"de2a4b12-ecc3-4b3f-bab0-334d5ae5aaa7","schedule_id":"","schedule_creator_id":""}}}