{"metadata":{"asset_id":"4546f5dc-787a-49cd-af40-16310262f8ce","asset_attributes":["job"],"name":"EPSILON_IL_PERSON_5_1 job","asset_type":"job","created_at":"2024-10-13T00:17:28Z","description":"","origin_country":"us","owner_id":"1000331142","project_id":"11a0e63f-f198-416b-b25b-e0ec10bd4a44","size":0,"usage":{"last_update_time":1728778648583,"last_updated_at":"2024-10-13T00:17:28Z"}},"entity":{"job":{"asset_ref_type":"metadata_import","configuration":{"env_type":"","env_variables":[]},"last_run_initiator":"deprecated field","last_run_time":"deprecated field","last_run_status":"deprecated field","last_run_status_timestamp":0,"future_scheduled_runs":[],"enable_notifications":true,"project_name":"Customer-MDM","asset_ref":"1394c0ea-5d56-4842-91ad-2ffc37c127ec","schedule_id":"","schedule_creator_id":""}}}