{"metadata":{"asset_id":"6a811a4c-18c5-40f2-9556-aeff43e859ff","asset_attributes":["job"],"name":"Job_plMain_Inbound_Schedule_TRUEFIT_1Of2","asset_type":"job","created_at":"2024-09-03T19:53:38Z","description":"","origin_country":"us","owner_id":"1000331044","project_id":"11a0e63f-f198-416b-b25b-e0ec10bd4a44","size":0,"usage":{"last_update_time":1729794504012,"last_updated_at":"2024-10-24T18:28:24Z"}},"entity":{"job":{"asset_ref_type":"orchestration_flow","configuration":{"version":"ad0bc063-6e74-4238-8a3e-419ee0c1aa1f-0","env_type":"","env_variables":[]},"last_run_initiator":"deprecated field","last_run_time":"deprecated field","last_run_status":"deprecated field","last_run_status_timestamp":0,"future_scheduled_runs":["2024-10-29T12:00:00.000Z","2024-11-05T12:00:00.000Z","2024-11-12T12:00:00.000Z","2024-11-19T12:00:00.000Z","2024-11-26T12:00:00.000Z","2024-12-03T12:00:00.000Z","2024-12-10T12:00:00.000Z","2024-12-17T12:00:00.000Z","2024-12-24T12:00:00.000Z","2024-12-31T12:00:00.000Z"],"enable_notifications":true,"project_name":"Customer-MDM","asset_ref":"ad0bc063-6e74-4238-8a3e-419ee0c1aa1f","job_parameters":[{"name":"SourceName","value":"TRUEFIT"},{"name":"RecordType","value":"PERSON,PERSON_ACCOUNT,PERSON_COMMUNICATION_CONSENT,PERSON_BEHAVIOUR"}],"schedule_id":"41f16043-e4ea-46f3-a010-709ad3210c37","schedule_creator_id":"1000331044","schedule":"0 12 * * 2","schedule_info":{"startOn":1729796400000,"repeat":true}}}}