{"metadata":{"asset_id":"ed85b366-49d3-40b9-af27-90e6dccebcd4","asset_attributes":["job"],"name":"GIGYA_IL_PC_14 job","asset_type":"job","created_at":"2024-06-25T20:11:38Z","description":"","origin_country":"us","owner_id":"1000331142","project_id":"11a0e63f-f198-416b-b25b-e0ec10bd4a44","size":0,"usage":{"last_update_time":1719346298836,"last_updated_at":"2024-06-25T20:11:38Z"}},"entity":{"job":{"asset_ref_type":"metadata_import","configuration":{"env_type":"","env_variables":[]},"last_run_initiator":"deprecated field","last_run_time":"deprecated field","last_run_status":"deprecated field","last_run_status_timestamp":0,"future_scheduled_runs":[],"enable_notifications":true,"project_name":"Customer-MDM","asset_ref":"98c8e8a0-d44b-4b32-bff9-3472be338fba","schedule_id":"","schedule_creator_id":""}}}