{"metadata":{"asset_id":"ed877abc-ed35-4d7a-91ad-9b7619c271a7","asset_attributes":["job"],"name":"EPSILON_IL_PERSON_15_2 job","asset_type":"job","created_at":"2024-10-14T00:27:43Z","description":"","origin_country":"us","owner_id":"1000331142","project_id":"11a0e63f-f198-416b-b25b-e0ec10bd4a44","size":0,"usage":{"last_update_time":1728865663352,"last_updated_at":"2024-10-14T00:27:43Z"}},"entity":{"job":{"asset_ref_type":"metadata_import","configuration":{"env_type":"","env_variables":[]},"last_run_initiator":"deprecated field","last_run_time":"deprecated field","last_run_status":"deprecated field","last_run_status_timestamp":0,"future_scheduled_runs":[],"enable_notifications":true,"project_name":"Customer-MDM","asset_ref":"943261e7-d3f2-46ad-af01-cdf39f1fd731","schedule_id":"","schedule_creator_id":""}}}