{"metadata":{"asset_id":"ee4cf525-4c23-405e-8fda-c9d51c59a266","asset_attributes":["job"],"name":"job_plInbound_Reject_Process","asset_type":"job","created_at":"2024-06-03T14:43:13Z","description":"","origin_country":"us","owner_id":"1000331076","project_id":"11a0e63f-f198-416b-b25b-e0ec10bd4a44","size":0,"usage":{"last_update_time":1717425793982,"last_updated_at":"2024-06-03T14:43:13Z"}},"entity":{"job":{"asset_ref_type":"orchestration_flow","configuration":{"version":"0f09bcc7-ea12-4a42-9a7a-a600dec47cf1-0","env_type":"","env_variables":[]},"last_run_initiator":"deprecated field","last_run_time":"deprecated field","last_run_status":"deprecated field","last_run_status_timestamp":0,"future_scheduled_runs":[],"enable_notifications":true,"project_name":"Customer-MDM","asset_ref":"0f09bcc7-ea12-4a42-9a7a-a600dec47cf1","schedule_id":"","schedule_creator_id":""}}}