{"metadata":{"asset_id":"43f0433c-c5c1-4212-a60d-64618caac584","asset_attributes":["job"],"name":"Job_plMain_Inbound_Schedule_SHOPIFY_2Of2","asset_type":"job","created_at":"2024-09-03T20:01:32Z","description":"","origin_country":"us","owner_id":"1000331044","project_id":"11a0e63f-f198-416b-b25b-e0ec10bd4a44","size":0,"usage":{"last_update_time":1729794778103,"last_updated_at":"2024-10-24T18:32:58Z"}},"entity":{"job":{"asset_ref_type":"orchestration_flow","configuration":{"version":"56797ab9-89f8-4f0c-aa7a-ee9295e82f1d-0","env_type":"","env_variables":[]},"last_run_initiator":"deprecated field","last_run_time":"deprecated field","last_run_status":"deprecated field","last_run_status_timestamp":0,"future_scheduled_runs":["2024-10-29T23:00:00.000Z","2024-11-05T23:00:00.000Z","2024-11-12T23:00:00.000Z","2024-11-19T23:00:00.000Z","2024-11-26T23:00:00.000Z","2024-12-03T23:00:00.000Z","2024-12-10T23:00:00.000Z","2024-12-17T23:00:00.000Z","2024-12-24T23:00:00.000Z","2024-12-31T23:00:00.000Z"],"enable_notifications":true,"project_name":"Customer-MDM","asset_ref":"56797ab9-89f8-4f0c-aa7a-ee9295e82f1d","job_parameters":[{"name":"SourceName","value":"SHOPIFY"},{"name":"RecordType","value":"PERSON,PERSON_ACCOUNT,PERSON_COMMUNICATION_CONSENT"}],"schedule_id":"799a1830-710f-430b-8714-c625c6fd8757","schedule_creator_id":"1000331044","schedule":"0 23 * * 2","schedule_info":{"startOn":1729796400000,"repeat":true}}}}