{"metadata":{"asset_id":"fc80e7b1-1029-429c-87d7-fe8ac56b24ae","asset_attributes":["job"],"name":"XPOS_PERSON_2 job","asset_type":"job","created_at":"2024-05-10T15:53:25Z","description":"","origin_country":"us","owner_id":"1000331044","project_id":"11a0e63f-f198-416b-b25b-e0ec10bd4a44","size":0,"usage":{"last_update_time":1715356405853,"last_updated_at":"2024-05-10T15:53:25Z"}},"entity":{"job":{"asset_ref_type":"metadata_import","configuration":{"env_type":"","env_variables":[]},"last_run_initiator":"deprecated field","last_run_time":"deprecated field","last_run_status":"deprecated field","last_run_status_timestamp":0,"future_scheduled_runs":[],"enable_notifications":true,"project_name":"Customer-MDM","asset_ref":"51ce0453-2600-4266-b6eb-8868af099a3f","schedule_id":"","schedule_creator_id":""}}}