{"metadata":{"asset_id":"2df0d5e1-689a-48d9-b73b-71859c0125dd","asset_attributes":["job"],"name":"EPSILON_IL_PERSON_16_2 job","asset_type":"job","created_at":"2024-10-14T00:49:49Z","description":"","origin_country":"us","owner_id":"1000331142","project_id":"11a0e63f-f198-416b-b25b-e0ec10bd4a44","size":0,"usage":{"last_update_time":1728866989032,"last_updated_at":"2024-10-14T00:49:49Z"}},"entity":{"job":{"asset_ref_type":"metadata_import","configuration":{"env_type":"","env_variables":[]},"last_run_initiator":"deprecated field","last_run_time":"deprecated field","last_run_status":"deprecated field","last_run_status_timestamp":0,"future_scheduled_runs":[],"enable_notifications":true,"project_name":"Customer-MDM","asset_ref":"7d93f7d5-d2eb-4473-b32e-b35c16c07328","schedule_id":"","schedule_creator_id":""}}}