{"metadata":{"asset_id":"5aeb8462-029d-49f1-af1a-886f1ae80a8f","asset_attributes":["job"],"name":"job_plMain_Inbound_Schedule_COSTAR_2of2","asset_type":"job","created_at":"2024-09-04T13:13:22Z","description":"","origin_country":"us","owner_id":"1000331044","project_id":"11a0e63f-f198-416b-b25b-e0ec10bd4a44","size":0,"usage":{"last_update_time":1729893604198,"last_updated_at":"2024-10-25T22:00:04Z"}},"entity":{"job":{"asset_ref_type":"orchestration_flow","configuration":{"version":"6b2adf49-5235-43fc-9ddd-50753ab86926-0","env_type":"","env_variables":[]},"last_run_initiator":"deprecated field","last_run_time":"deprecated field","last_run_status":"deprecated field","last_run_status_timestamp":0,"future_scheduled_runs":["2024-10-26T22:00:00.000Z","2024-10-27T22:00:00.000Z","2024-10-28T22:00:00.000Z","2024-10-29T22:00:00.000Z","2024-10-30T22:00:00.000Z","2024-10-31T22:00:00.000Z","2024-11-01T22:00:00.000Z","2024-11-02T22:00:00.000Z","2024-11-03T22:00:00.000Z","2024-11-04T22:00:00.000Z"],"enable_notifications":true,"project_name":"Customer-MDM","asset_ref":"6b2adf49-5235-43fc-9ddd-50753ab86926","job_parameters":[{"name":"SourceName","value":"COSTAR"},{"name":"RecordType","value":"PERSON,PERSON_ACCOUNT,PERSON_INTERACTION,PERSON_COMMUNICATION_CONSENT"}],"schedule_id":"3d495c72-7f81-4fb4-943c-7acf08d46e75","schedule_creator_id":"1000331044","schedule":"0 22 * * *","schedule_info":{"startOn":1729796400000,"repeat":true}}}}