{"metadata":{"asset_id":"bbd69d47-30cb-4d2e-8061-cc439dc3c72c","asset_attributes":["job"],"name":"GIGYA_IL_PA_9 job","asset_type":"job","created_at":"2024-06-24T20:59:09Z","description":"","origin_country":"us","owner_id":"1000331142","project_id":"11a0e63f-f198-416b-b25b-e0ec10bd4a44","size":0,"usage":{"last_update_time":1719262749220,"last_updated_at":"2024-06-24T20:59:09Z"}},"entity":{"job":{"asset_ref_type":"metadata_import","configuration":{"env_type":"","env_variables":[]},"last_run_initiator":"deprecated field","last_run_time":"deprecated field","last_run_status":"deprecated field","last_run_status_timestamp":0,"future_scheduled_runs":[],"enable_notifications":true,"project_name":"Customer-MDM","asset_ref":"79980c18-45d4-40ab-9600-8f7b2a437beb","schedule_id":"","schedule_creator_id":""}}}