{"metadata":{"asset_id":"983d0b3c-88c2-433d-bd14-cd616b760725","asset_attributes":["job"],"name":"job_plMain_Inbound_Schedule_QUICK_CONTRACTORS_2of2","asset_type":"job","created_at":"2024-05-09T14:46:40Z","description":"","origin_country":"us","owner_id":"1000331044","project_id":"11a0e63f-f198-416b-b25b-e0ec10bd4a44","size":0,"usage":{"last_update_time":1729793012879,"last_updated_at":"2024-10-24T18:03:32Z"}},"entity":{"job":{"asset_ref_type":"orchestration_flow","configuration":{"version":"f9682a97-1600-494d-b31b-3e2209d4a8d6-0","env_type":"","env_variables":[]},"last_run_initiator":"deprecated field","last_run_time":"deprecated field","last_run_status":"deprecated field","last_run_status_timestamp":0,"future_scheduled_runs":["2024-10-30T23:00:00.000Z","2024-11-06T23:00:00.000Z","2024-11-13T23:00:00.000Z","2024-11-20T23:00:00.000Z","2024-11-27T23:00:00.000Z","2024-12-04T23:00:00.000Z","2024-12-11T23:00:00.000Z","2024-12-18T23:00:00.000Z","2024-12-25T23:00:00.000Z","2025-01-01T23:00:00.000Z"],"enable_notifications":true,"project_name":"Customer-MDM","asset_ref":"f9682a97-1600-494d-b31b-3e2209d4a8d6","job_parameters":[{"name":"SourceName","value":"QUICK CONTRACTORS"},{"name":"RecordType","value":"PERSON"}],"schedule_id":"61134707-ac14-45f1-989b-b03de70a4202","schedule_creator_id":"1000331044","schedule":"0 23 * * 3","schedule_info":{"startOn":1729798200000,"repeat":true}}}}