{"metadata":{"asset_id":"d71dd451-bc5a-493c-b1a5-a378641758f5","asset_attributes":["job"],"name":"Inbound_Reject_Process.DataStage job","asset_type":"job","created_at":"2024-06-03T14:41:56Z","origin_country":"us","owner_id":"1000331076","project_id":"11a0e63f-f198-416b-b25b-e0ec10bd4a44","size":0,"usage":{"last_update_time":1717437192235,"last_updated_at":"2024-06-03T17:53:12Z"}},"entity":{"job":{"asset_ref_type":"data_intg_flow","configuration":{"env_variables":[],"flow_limits":{"warn_limit":0},"runPriorityQueue":"High","env_id":"7f4eaf81-8dde-4fd9-81a8-bba803f9a821","env_type":"datastage"},"last_run_initiator":"deprecated field","last_run_time":"deprecated field","last_run_status":"deprecated field","last_run_status_timestamp":0,"future_scheduled_runs":[],"enable_notifications":true,"project_name":"Customer-MDM","asset_ref":"5f467fe0-5175-4e80-93d8-d530e5f935dc","parameter_sets":[{"name":"PS_Match360_Connection","ref":"00876fa9-0dcb-4199-b75d-9ddbeb510ba8"}],"schedule_id":"","schedule_creator_id":"","retention_policy":{},"job_parameters":[]}}}