{"metadata":{"asset_id":"849dad4f-1792-48f9-92ac-e696c1bbd22c","asset_attributes":["job"],"name":"EPSILON_IL_PERSON_14_2 job","asset_type":"job","created_at":"2024-10-14T00:25:44Z","description":"","origin_country":"us","owner_id":"1000331142","project_id":"11a0e63f-f198-416b-b25b-e0ec10bd4a44","size":0,"usage":{"last_update_time":1728865544973,"last_updated_at":"2024-10-14T00:25:44Z"}},"entity":{"job":{"asset_ref_type":"metadata_import","configuration":{"env_type":"","env_variables":[]},"last_run_initiator":"deprecated field","last_run_time":"deprecated field","last_run_status":"deprecated field","last_run_status_timestamp":0,"future_scheduled_runs":[],"enable_notifications":true,"project_name":"Customer-MDM","asset_ref":"e812f7fc-3a44-4f99-b855-626489d5b3a2","schedule_id":"","schedule_creator_id":""}}}