{"metadata":{"asset_id":"4476bd77-4eab-4b40-b9b4-c5631cd075ef","asset_attributes":["job"],"name":"EPSILON_IL_PERSON_14 job","asset_type":"job","created_at":"2024-09-26T21:02:24Z","description":"","origin_country":"us","owner_id":"1000331142","project_id":"11a0e63f-f198-416b-b25b-e0ec10bd4a44","size":0,"usage":{"last_update_time":1727384544716,"last_updated_at":"2024-09-26T21:02:24Z"}},"entity":{"job":{"asset_ref_type":"metadata_import","configuration":{"env_type":"","env_variables":[]},"last_run_initiator":"deprecated field","last_run_time":"deprecated field","last_run_status":"deprecated field","last_run_status_timestamp":0,"future_scheduled_runs":[],"enable_notifications":true,"project_name":"Customer-MDM","asset_ref":"242a487e-2246-4448-9c7d-33c7deacb137","schedule_id":"","schedule_creator_id":""}}}