{"metadata":{"asset_id":"f5ec4964-d909-4733-902b-4e583f41fa79","asset_attributes":["job"],"name":"GIGYA_IL_PERSON_13 job","asset_type":"job","created_at":"2024-06-19T14:20:03Z","description":"","origin_country":"us","owner_id":"1000331142","project_id":"11a0e63f-f198-416b-b25b-e0ec10bd4a44","size":0,"usage":{"last_update_time":1718806803337,"last_updated_at":"2024-06-19T14:20:03Z"}},"entity":{"job":{"asset_ref_type":"metadata_import","configuration":{"env_type":"","env_variables":[]},"last_run_initiator":"deprecated field","last_run_time":"deprecated field","last_run_status":"deprecated field","last_run_status_timestamp":0,"future_scheduled_runs":[],"enable_notifications":true,"project_name":"Customer-MDM","asset_ref":"41a871ad-4206-4421-a7a2-04fc32aafef8","schedule_id":"","schedule_creator_id":""}}}