{"metadata":{"asset_id":"e5cb9fc0-ae14-4e90-af5b-c9806a7fe88a","asset_attributes":["job"],"name":"EPSILON_IL_PERSON_12_1 job","asset_type":"job","created_at":"2024-10-14T00:18:17Z","description":"","origin_country":"us","owner_id":"1000331142","project_id":"11a0e63f-f198-416b-b25b-e0ec10bd4a44","size":0,"usage":{"last_update_time":1728865097629,"last_updated_at":"2024-10-14T00:18:17Z"}},"entity":{"job":{"asset_ref_type":"metadata_import","configuration":{"env_type":"","env_variables":[]},"last_run_initiator":"deprecated field","last_run_time":"deprecated field","last_run_status":"deprecated field","last_run_status_timestamp":0,"future_scheduled_runs":[],"enable_notifications":true,"project_name":"Customer-MDM","asset_ref":"23d5f442-1aec-4f81-a2bf-a5153512140c","schedule_id":"","schedule_creator_id":""}}}