{"metadata":{"asset_id":"872c40a7-5e18-4e56-a14c-7281fdca96f3","asset_attributes":["job"],"name":"EPSILON_IL_PERSON_COMMUNICATION_CONSENT_12 job","asset_type":"job","created_at":"2024-09-30T16:47:30Z","description":"","origin_country":"us","owner_id":"1000331142","project_id":"11a0e63f-f198-416b-b25b-e0ec10bd4a44","size":0,"usage":{"last_update_time":1727714850416,"last_updated_at":"2024-09-30T16:47:30Z"}},"entity":{"job":{"asset_ref_type":"metadata_import","configuration":{"env_type":"","env_variables":[]},"last_run_initiator":"deprecated field","last_run_time":"deprecated field","last_run_status":"deprecated field","last_run_status_timestamp":0,"future_scheduled_runs":[],"enable_notifications":true,"project_name":"Customer-MDM","asset_ref":"fda9d234-fe35-4687-8399-71c0dc50b12a","schedule_id":"","schedule_creator_id":""}}}