{"metadata":{"asset_id":"3fb4cdbe-9717-46ee-b7fc-6c40476ee240","asset_attributes":["job"],"name":"job_plMain_Inbound_Schedule_IMS_ORG_1of2","asset_type":"job","created_at":"2024-06-06T15:31:46Z","description":"","origin_country":"us","owner_id":"1000331044","project_id":"11a0e63f-f198-416b-b25b-e0ec10bd4a44","size":0,"usage":{"last_update_time":1729833303341,"last_updated_at":"2024-10-25T05:15:03Z"}},"entity":{"job":{"asset_ref_type":"orchestration_flow","configuration":{"version":"d4a0aced-7c40-4eab-957b-04fa72efb452-0","env_type":"","env_variables":[]},"last_run_initiator":"deprecated field","last_run_time":"deprecated field","last_run_status":"deprecated field","last_run_status_timestamp":0,"future_scheduled_runs":["2024-10-26T05:15:00.000Z","2024-10-27T05:15:00.000Z","2024-10-28T05:15:00.000Z","2024-10-29T05:15:00.000Z","2024-10-30T05:15:00.000Z","2024-10-31T05:15:00.000Z","2024-11-01T05:15:00.000Z","2024-11-02T05:15:00.000Z","2024-11-03T05:15:00.000Z","2024-11-04T05:15:00.000Z"],"enable_notifications":true,"project_name":"Customer-MDM","asset_ref":"d4a0aced-7c40-4eab-957b-04fa72efb452","job_parameters":[{"name":"SourceName","value":"IMS"},{"name":"RecordType","value":"ORG,ORGANIZATION_ACCOUNT"}],"schedule_id":"c0ea43fa-ec98-475c-b4a7-8aa66abffe42","schedule_creator_id":"1000331044","schedule":"15 5 * * *","schedule_info":{"startOn":1729798200000,"repeat":true}}}}