{"metadata":{"asset_id":"cc73167a-0b57-4547-8e4c-18bc35e886e6","asset_attributes":["job"],"name":"GIGYA_IL_PA_3 job","asset_type":"job","created_at":"2024-06-24T21:06:05Z","description":"","origin_country":"us","owner_id":"1000331142","project_id":"11a0e63f-f198-416b-b25b-e0ec10bd4a44","size":0,"usage":{"last_update_time":1719263165621,"last_updated_at":"2024-06-24T21:06:05Z"}},"entity":{"job":{"asset_ref_type":"metadata_import","configuration":{"env_type":"","env_variables":[]},"last_run_initiator":"deprecated field","last_run_time":"deprecated field","last_run_status":"deprecated field","last_run_status_timestamp":0,"future_scheduled_runs":[],"enable_notifications":true,"project_name":"Customer-MDM","asset_ref":"84b20cfd-4a1a-497c-bb05-48c650d704cd","schedule_id":"","schedule_creator_id":""}}}