{"metadata":{"asset_id":"ac65ec34-46cd-4007-845c-7cac25ba15c5","asset_attributes":["job"],"name":"kop-messags-counting","asset_type":"job","created_at":"2024-05-29T16:53:40Z","origin_country":"us","owner_id":"1000331142","project_id":"11a0e63f-f198-416b-b25b-e0ec10bd4a44","size":0,"usage":{"last_update_time":1717001620062,"last_updated_at":"2024-05-29T16:53:40Z"}},"entity":{"job":{"asset_ref_type":"notebook","configuration":{"env_id":"c0f86e31-6a0e-4338-8498-8d1a643db0e1","file_ref":"","entrypoint":"","run_results":"log_and_new_notebook","env_type":"notebook","env_variables":[]},"last_run_initiator":"deprecated field","last_run_time":"deprecated field","last_run_status":"deprecated field","last_run_status_timestamp":0,"future_scheduled_runs":[],"enable_notifications":true,"project_name":"Customer-MDM","asset_ref":"b3ce62ff-0dd9-462a-ab42-f87d959ae823","schedule_id":"","schedule_creator_id":""}}}