{"metadata":{"asset_id":"47b094c6-c9a5-4095-b6e6-f9b4fb1e488c","asset_attributes":["job"],"name":"GIGYA_IL_PI_3 job","asset_type":"job","created_at":"2024-06-25T20:37:58Z","description":"","origin_country":"us","owner_id":"1000331142","project_id":"11a0e63f-f198-416b-b25b-e0ec10bd4a44","size":0,"usage":{"last_update_time":1719347878732,"last_updated_at":"2024-06-25T20:37:58Z"}},"entity":{"job":{"asset_ref_type":"metadata_import","configuration":{"env_type":"","env_variables":[]},"last_run_initiator":"deprecated field","last_run_time":"deprecated field","last_run_status":"deprecated field","last_run_status_timestamp":0,"future_scheduled_runs":[],"enable_notifications":true,"project_name":"Customer-MDM","asset_ref":"f0c76f12-66c0-4b7d-9be6-65502295b71c","schedule_id":"","schedule_creator_id":""}}}