{"metadata":{"asset_id":"d6240ea3-1067-4a36-ad2b-70facf409901","asset_attributes":["job"],"name":"EPSILON_IL_PERSON_COMMUNICATION_CONSENT_2_1 job","asset_type":"job","created_at":"2024-10-09T23:31:30Z","description":"","origin_country":"us","owner_id":"1000331142","project_id":"11a0e63f-f198-416b-b25b-e0ec10bd4a44","size":0,"usage":{"last_update_time":1728516690403,"last_updated_at":"2024-10-09T23:31:30Z"}},"entity":{"job":{"asset_ref_type":"metadata_import","configuration":{"env_type":"","env_variables":[]},"last_run_initiator":"deprecated field","last_run_time":"deprecated field","last_run_status":"deprecated field","last_run_status_timestamp":0,"future_scheduled_runs":[],"enable_notifications":true,"project_name":"Customer-MDM","asset_ref":"2910482b-88f8-4518-974b-81633483a426","schedule_id":"","schedule_creator_id":""}}}