{"metadata":{"asset_id":"6b0a40b3-c6b5-45ee-bee0-b15c1772a849","asset_attributes":["job"],"name":"export-6248507672713","asset_type":"job","created_at":"2024-07-12T17:03:23Z","origin_country":"us","owner_id":"icp4d-dev","project_id":"11a0e63f-f198-416b-b25b-e0ec10bd4a44","size":0,"usage":{"last_update_time":1720803803705,"last_updated_at":"2024-07-12T17:03:23Z"}},"entity":{"job":{"asset_ref_type":"master-data-management","configuration":{"env_type":"master-data-management","env_variables":[]},"last_run_initiator":"deprecated field","last_run_time":"deprecated field","last_run_status":"deprecated field","last_run_status_timestamp":0,"future_scheduled_runs":[],"enable_notifications":true,"hide_run_ui_display":true,"project_name":"Customer-MDM","schedule_id":"","schedule_creator_id":""}}}