{"metadata":{"asset_id":"8ddde9c6-d193-4527-9ad5-70a42fd611b9","asset_attributes":["job"],"name":"Inbound_MicroBatch_Process_4_Costar_Interaction.DataStage job","asset_type":"job","created_at":"2024-04-07T01:32:37Z","origin_country":"us","owner_id":"1000331142","project_id":"11a0e63f-f198-416b-b25b-e0ec10bd4a44","size":0,"usage":{"last_update_time":1713093752306,"last_updated_at":"2024-04-14T11:22:32Z"}},"entity":{"job":{"asset_ref_type":"data_intg_flow","configuration":{"env_variables":[],"flow_limits":{"warn_limit":0},"runPriorityQueue":"High","env_type":"","env_id":"128d5608-cdfc-42dc-89ea-fc897ffbf806"},"last_run_initiator":"deprecated field","last_run_time":"deprecated field","last_run_status":"deprecated field","last_run_status_timestamp":0,"future_scheduled_runs":[],"enable_notifications":true,"project_name":"Customer-MDM","asset_ref":"fbf6c855-81e2-4e2e-a878-a6cefdd18760","parameter_sets":[{"name":"PS_Match360_Connection","ref":"00876fa9-0dcb-4199-b75d-9ddbeb510ba8"}],"schedule_id":"","schedule_creator_id":"","retention_policy":{},"job_parameters":[]}}}