{"metadata":{"asset_id":"c20e0163-81f8-4aa9-8a2d-7c97f18a9253","asset_attributes":["job"],"name":"XPOS_PERSON_COMMUNICATION_CONSENT_1 job","asset_type":"job","created_at":"2024-05-10T16:29:08Z","description":"","origin_country":"us","owner_id":"1000331044","project_id":"11a0e63f-f198-416b-b25b-e0ec10bd4a44","size":0,"usage":{"last_update_time":1715358548253,"last_updated_at":"2024-05-10T16:29:08Z"}},"entity":{"job":{"asset_ref_type":"metadata_import","configuration":{"env_type":"","env_variables":[]},"last_run_initiator":"deprecated field","last_run_time":"deprecated field","last_run_status":"deprecated field","last_run_status_timestamp":0,"future_scheduled_runs":[],"enable_notifications":true,"project_name":"Customer-MDM","asset_ref":"e58cef95-5b14-4c5b-b498-175c0ef651f8","schedule_id":"","schedule_creator_id":""}}}