{"metadata":{"asset_id":"9bf70633-fba7-4d07-9a5e-9d1fec17f8ec","asset_attributes":["job"],"name":"GIGYA_IL_PC_18 job","asset_type":"job","created_at":"2024-06-25T20:07:07Z","description":"","origin_country":"us","owner_id":"1000331142","project_id":"11a0e63f-f198-416b-b25b-e0ec10bd4a44","size":0,"usage":{"last_update_time":1719346027576,"last_updated_at":"2024-06-25T20:07:07Z"}},"entity":{"job":{"asset_ref_type":"metadata_import","configuration":{"env_type":"","env_variables":[]},"last_run_initiator":"deprecated field","last_run_time":"deprecated field","last_run_status":"deprecated field","last_run_status_timestamp":0,"future_scheduled_runs":[],"enable_notifications":true,"project_name":"Customer-MDM","asset_ref":"6b1a64b0-de82-404f-8bde-546568283f89","schedule_id":"","schedule_creator_id":""}}}