{"metadata":{"asset_id":"e792c31e-4e28-4948-a804-e21b215235f8","asset_attributes":["job"],"name":"EPSILON_IL_PERSON_COMMUNICATION_CONSENT_9 job","asset_type":"job","created_at":"2024-09-30T16:43:55Z","description":"","origin_country":"us","owner_id":"1000331142","project_id":"11a0e63f-f198-416b-b25b-e0ec10bd4a44","size":0,"usage":{"last_update_time":1727714635402,"last_updated_at":"2024-09-30T16:43:55Z"}},"entity":{"job":{"asset_ref_type":"metadata_import","configuration":{"env_type":"","env_variables":[]},"last_run_initiator":"deprecated field","last_run_time":"deprecated field","last_run_status":"deprecated field","last_run_status_timestamp":0,"future_scheduled_runs":[],"enable_notifications":true,"project_name":"Customer-MDM","asset_ref":"fa3b67a6-5e21-4938-aa81-2856a38f4d70","schedule_id":"","schedule_creator_id":""}}}