{"metadata":{"asset_id":"caf054a2-65b3-421d-b349-c8f77f985fe7","asset_attributes":["job"],"name":"GIGYA_IL_PC_20 job","asset_type":"job","created_at":"2024-06-25T20:04:54Z","description":"","origin_country":"us","owner_id":"1000331142","project_id":"11a0e63f-f198-416b-b25b-e0ec10bd4a44","size":0,"usage":{"last_update_time":1719345894295,"last_updated_at":"2024-06-25T20:04:54Z"}},"entity":{"job":{"asset_ref_type":"metadata_import","configuration":{"env_type":"","env_variables":[]},"last_run_initiator":"deprecated field","last_run_time":"deprecated field","last_run_status":"deprecated field","last_run_status_timestamp":0,"future_scheduled_runs":[],"enable_notifications":true,"project_name":"Customer-MDM","asset_ref":"75c20e4c-6a16-49d1-aed7-f7bb54ec2b2f","schedule_id":"","schedule_creator_id":""}}}