{"metadata":{"asset_id":"e24d4657-d22a-4ae2-b58c-55eee4167e0d","asset_attributes":["job"],"name":"EPSILON_IL_PERSON_3_2 job","asset_type":"job","created_at":"2024-10-12T23:23:03Z","description":"","origin_country":"us","owner_id":"1000331142","project_id":"11a0e63f-f198-416b-b25b-e0ec10bd4a44","size":0,"usage":{"last_update_time":1728775383349,"last_updated_at":"2024-10-12T23:23:03Z"}},"entity":{"job":{"asset_ref_type":"metadata_import","configuration":{"env_type":"","env_variables":[]},"last_run_initiator":"deprecated field","last_run_time":"deprecated field","last_run_status":"deprecated field","last_run_status_timestamp":0,"future_scheduled_runs":[],"enable_notifications":true,"project_name":"Customer-MDM","asset_ref":"021c9497-690c-45ff-8798-047f42caa067","schedule_id":"","schedule_creator_id":""}}}