{"metadata":{"asset_id":"a4d0be3f-7350-4fef-b44d-ffcfdd740717","asset_attributes":["job"],"name":"EPSILON_IL_PERSON_17_2 job","asset_type":"job","created_at":"2024-10-14T00:51:37Z","description":"","origin_country":"us","owner_id":"1000331142","project_id":"11a0e63f-f198-416b-b25b-e0ec10bd4a44","size":0,"usage":{"last_update_time":1728867097245,"last_updated_at":"2024-10-14T00:51:37Z"}},"entity":{"job":{"asset_ref_type":"metadata_import","configuration":{"env_type":"","env_variables":[]},"last_run_initiator":"deprecated field","last_run_time":"deprecated field","last_run_status":"deprecated field","last_run_status_timestamp":0,"future_scheduled_runs":[],"enable_notifications":true,"project_name":"Customer-MDM","asset_ref":"32a259f0-5106-403e-943a-9f766d9ddfb6","schedule_id":"","schedule_creator_id":""}}}