{"metadata":{"asset_id":"e622e7d4-c672-43ff-9253-5cc95e1d90c2","asset_attributes":["job"],"name":"EPSILON_IL_PERSON_2 job","asset_type":"job","created_at":"2024-09-26T20:46:21Z","description":"","origin_country":"us","owner_id":"1000331142","project_id":"11a0e63f-f198-416b-b25b-e0ec10bd4a44","size":0,"usage":{"last_update_time":1727383581546,"last_updated_at":"2024-09-26T20:46:21Z"}},"entity":{"job":{"asset_ref_type":"metadata_import","configuration":{"env_type":"","env_variables":[]},"last_run_initiator":"deprecated field","last_run_time":"deprecated field","last_run_status":"deprecated field","last_run_status_timestamp":0,"future_scheduled_runs":[],"enable_notifications":true,"project_name":"Customer-MDM","asset_ref":"22532591-533c-4c53-a345-eb0ac2b5f16d","schedule_id":"","schedule_creator_id":""}}}