{"metadata":{"asset_id":"c65ca89f-6399-4000-9cc6-b09ebbc63612","asset_attributes":["job"],"name":"GIGYA_IL_PERSON_20 job","asset_type":"job","created_at":"2024-06-19T13:54:20Z","description":"","origin_country":"us","owner_id":"1000331142","project_id":"11a0e63f-f198-416b-b25b-e0ec10bd4a44","size":0,"usage":{"last_update_time":1718805260573,"last_updated_at":"2024-06-19T13:54:20Z"}},"entity":{"job":{"asset_ref_type":"metadata_import","configuration":{"env_type":"","env_variables":[]},"last_run_initiator":"deprecated field","last_run_time":"deprecated field","last_run_status":"deprecated field","last_run_status_timestamp":0,"future_scheduled_runs":[],"enable_notifications":true,"project_name":"Customer-MDM","asset_ref":"cd98eeab-e88a-4f94-ad9b-61b8d8568247","schedule_id":"","schedule_creator_id":""}}}