{"metadata":{"asset_id":"89e5b762-1d76-4450-83d6-f14a1f9126e5","asset_attributes":["job"],"name":"GIGYA_IL_PA_2 job","asset_type":"job","created_at":"2024-06-24T21:07:05Z","description":"","origin_country":"us","owner_id":"1000331142","project_id":"11a0e63f-f198-416b-b25b-e0ec10bd4a44","size":0,"usage":{"last_update_time":1719263225052,"last_updated_at":"2024-06-24T21:07:05Z"}},"entity":{"job":{"asset_ref_type":"metadata_import","configuration":{"env_type":"","env_variables":[]},"last_run_initiator":"deprecated field","last_run_time":"deprecated field","last_run_status":"deprecated field","last_run_status_timestamp":0,"future_scheduled_runs":[],"enable_notifications":true,"project_name":"Customer-MDM","asset_ref":"febff209-b57c-4fe2-9f4c-7322e21ae4be","schedule_id":"","schedule_creator_id":""}}}