{"metadata":{"asset_id":"d1a4949f-1f80-4d13-8d3f-594eb1296627","asset_attributes":["job"],"name":"job_plMain_Inbound_Schedule_XPOS_1of2","asset_type":"job","created_at":"2024-05-09T14:47:12Z","description":"","origin_country":"us","owner_id":"1000331044","project_id":"11a0e63f-f198-416b-b25b-e0ec10bd4a44","size":0,"usage":{"last_update_time":1729885202646,"last_updated_at":"2024-10-25T19:40:02Z"}},"entity":{"job":{"asset_ref_type":"orchestration_flow","configuration":{"version":"c1623ea9-24ff-4b80-ac96-563bee492ef6-0","env_type":"","env_variables":[]},"last_run_initiator":"deprecated field","last_run_time":"deprecated field","last_run_status":"deprecated field","last_run_status_timestamp":0,"future_scheduled_runs":["2024-10-26T19:40:00.000Z","2024-10-27T19:40:00.000Z","2024-10-28T19:40:00.000Z","2024-10-29T19:40:00.000Z","2024-10-30T19:40:00.000Z","2024-10-31T19:40:00.000Z","2024-11-01T19:40:00.000Z","2024-11-02T19:40:00.000Z","2024-11-03T19:40:00.000Z","2024-11-04T19:40:00.000Z"],"enable_notifications":true,"project_name":"Customer-MDM","asset_ref":"c1623ea9-24ff-4b80-ac96-563bee492ef6","job_parameters":[{"name":"SourceName","value":"XPOS"},{"name":"RecordType","value":"PERSON,PERSON_ACCOUNT,PERSON_COMMUNICATION_CONSENT"}],"schedule_id":"a47cfd65-5117-4d28-9839-6e126054bbdb","schedule_creator_id":"1000331044","schedule":"40 19 * * *","schedule_info":{"startOn":1729798200000,"repeat":true}}}}