{"metadata":{"asset_id":"d2eb6830-f730-4098-89d5-2ebb5dc7dc69","asset_attributes":["job"],"name":"GIGYA_IL_PERSON_19 job","asset_type":"job","created_at":"2024-06-19T13:55:57Z","description":"","origin_country":"us","owner_id":"1000331142","project_id":"11a0e63f-f198-416b-b25b-e0ec10bd4a44","size":0,"usage":{"last_update_time":1718805357350,"last_updated_at":"2024-06-19T13:55:57Z"}},"entity":{"job":{"asset_ref_type":"metadata_import","configuration":{"env_type":"","env_variables":[]},"last_run_initiator":"deprecated field","last_run_time":"deprecated field","last_run_status":"deprecated field","last_run_status_timestamp":0,"future_scheduled_runs":[],"enable_notifications":true,"project_name":"Customer-MDM","asset_ref":"54de9b99-52a8-43be-aa8d-e1e885d4a7ec","schedule_id":"","schedule_creator_id":""}}}