{"metadata":{"asset_id":"52370dbe-5217-4540-84bd-de73b8e0b5bf","asset_attributes":["job"],"name":"EPSILON_IL_PERSON_14_1 job","asset_type":"job","created_at":"2024-10-14T00:23:12Z","description":"","origin_country":"us","owner_id":"1000331142","project_id":"11a0e63f-f198-416b-b25b-e0ec10bd4a44","size":0,"usage":{"last_update_time":1728865392103,"last_updated_at":"2024-10-14T00:23:12Z"}},"entity":{"job":{"asset_ref_type":"metadata_import","configuration":{"env_type":"","env_variables":[]},"last_run_initiator":"deprecated field","last_run_time":"deprecated field","last_run_status":"deprecated field","last_run_status_timestamp":0,"future_scheduled_runs":[],"enable_notifications":true,"project_name":"Customer-MDM","asset_ref":"c1be686d-fb15-4b05-aa08-d38c94bb85bb","schedule_id":"","schedule_creator_id":""}}}