{"metadata":{"asset_id":"253b6689-0195-4faa-ad53-0e0a8e736cf3","asset_attributes":["job"],"name":"EPSILON_IL_PERSON_COMMUNICATION_CONSENT_14_2 job","asset_type":"job","created_at":"2024-10-10T21:54:19Z","description":"","origin_country":"us","owner_id":"1000331142","project_id":"11a0e63f-f198-416b-b25b-e0ec10bd4a44","size":0,"usage":{"last_update_time":1728597259035,"last_updated_at":"2024-10-10T21:54:19Z"}},"entity":{"job":{"asset_ref_type":"metadata_import","configuration":{"env_type":"","env_variables":[]},"last_run_initiator":"deprecated field","last_run_time":"deprecated field","last_run_status":"deprecated field","last_run_status_timestamp":0,"future_scheduled_runs":[],"enable_notifications":true,"project_name":"Customer-MDM","asset_ref":"96e5fd5c-2491-4d98-9df5-2f04da07b001","schedule_id":"","schedule_creator_id":""}}}