{"metadata":{"asset_id":"4978fda9-32b7-419d-b79c-4ede535cf901","asset_attributes":["job"],"name":"GIGYA_IL_PERSON_15 job","asset_type":"job","created_at":"2024-06-19T14:16:47Z","description":"","origin_country":"us","owner_id":"1000331142","project_id":"11a0e63f-f198-416b-b25b-e0ec10bd4a44","size":0,"usage":{"last_update_time":1718806607543,"last_updated_at":"2024-06-19T14:16:47Z"}},"entity":{"job":{"asset_ref_type":"metadata_import","configuration":{"env_type":"","env_variables":[]},"last_run_initiator":"deprecated field","last_run_time":"deprecated field","last_run_status":"deprecated field","last_run_status_timestamp":0,"future_scheduled_runs":[],"enable_notifications":true,"project_name":"Customer-MDM","asset_ref":"8e1df8d9-370f-438b-8be6-01875adfc2b0","schedule_id":"","schedule_creator_id":""}}}