{"metadata":{"asset_id":"8cfd87db-4d25-4ef1-9cd6-0c42814273f3","asset_attributes":["job"],"name":"XPOS_PERSON job","asset_type":"job","created_at":"2024-05-09T12:53:16Z","description":"","origin_country":"us","owner_id":"1000331040","project_id":"11a0e63f-f198-416b-b25b-e0ec10bd4a44","size":0,"usage":{"last_update_time":1715259196098,"last_updated_at":"2024-05-09T12:53:16Z"}},"entity":{"job":{"asset_ref_type":"metadata_import","configuration":{"env_type":"","env_variables":[]},"last_run_initiator":"deprecated field","last_run_time":"deprecated field","last_run_status":"deprecated field","last_run_status_timestamp":0,"future_scheduled_runs":[],"enable_notifications":true,"project_name":"Customer-MDM","asset_ref":"df4a0e23-5d94-4180-9cf6-df0e82a810d3","schedule_id":"","schedule_creator_id":""}}}