{"metadata":{"asset_id":"bec255c7-947b-4399-8324-04af494bc456","asset_attributes":["job"],"name":"Outbound_Initial_Person_Behavior_Record_copy_1720491827812.DataStage job","asset_type":"job","created_at":"2024-07-09T02:27:28Z","origin_country":"us","owner_id":"1000331142","project_id":"11a0e63f-f198-416b-b25b-e0ec10bd4a44","size":0,"usage":{"last_update_time":1720492048203,"last_updated_at":"2024-07-09T02:27:28Z"}},"entity":{"job":{"asset_ref_type":"data_intg_flow","configuration":{"env_variables":[],"flow_limits":{"warn_limit":100},"runPriorityQueue":"High","env_id":"8c36c74a-f485-4333-8fe1-445130090bce","env_type":"datastage"},"last_run_initiator":"deprecated field","last_run_time":"deprecated field","last_run_status":"deprecated field","last_run_status_timestamp":0,"future_scheduled_runs":[],"enable_notifications":true,"project_name":"Customer-MDM","asset_ref":"3d24e11c-fd9d-4cad-94d1-e57bcb1d8e97","job_parameters":[{"name":"$APT_JOB_MONITOR_TIMEOUT","value":"-1"}],"parameter_sets":[],"schedule_id":"","schedule_creator_id":""}}}