{"metadata":{"asset_id":"cfa15149-7280-44ca-8b08-4647f59db06f","asset_attributes":["job"],"name":"EPSILON_IL_PERSON_COMMUNICATION_CONSENT_13 job","asset_type":"job","created_at":"2024-09-30T16:48:50Z","description":"","origin_country":"us","owner_id":"1000331142","project_id":"11a0e63f-f198-416b-b25b-e0ec10bd4a44","size":0,"usage":{"last_update_time":1727714930203,"last_updated_at":"2024-09-30T16:48:50Z"}},"entity":{"job":{"asset_ref_type":"metadata_import","configuration":{"env_type":"","env_variables":[]},"last_run_initiator":"deprecated field","last_run_time":"deprecated field","last_run_status":"deprecated field","last_run_status_timestamp":0,"future_scheduled_runs":[],"enable_notifications":true,"project_name":"Customer-MDM","asset_ref":"776d29d9-bd98-46bc-aaf5-f86760eab54b","schedule_id":"","schedule_creator_id":""}}}