{"metadata":{"asset_id":"276670fc-a07f-432d-8345-25b00427da71","asset_attributes":["job"],"name":"EPSILON_IL_PERSON_3_1 job","asset_type":"job","created_at":"2024-10-12T23:21:50Z","description":"","origin_country":"us","owner_id":"1000331142","project_id":"11a0e63f-f198-416b-b25b-e0ec10bd4a44","size":0,"usage":{"last_update_time":1728775310665,"last_updated_at":"2024-10-12T23:21:50Z"}},"entity":{"job":{"asset_ref_type":"metadata_import","configuration":{"env_type":"","env_variables":[]},"last_run_initiator":"deprecated field","last_run_time":"deprecated field","last_run_status":"deprecated field","last_run_status_timestamp":0,"future_scheduled_runs":[],"enable_notifications":true,"project_name":"Customer-MDM","asset_ref":"7a02b4b5-3040-46f9-8fa6-a5df52779af4","schedule_id":"","schedule_creator_id":""}}}