{"metadata":{"asset_id":"353a316a-4e9e-4517-86e5-ba81cd41dfc1","asset_attributes":["job"],"name":"EPSILON_IL_PERSON_COMMUNICATION_CONSENT_10 job","asset_type":"job","created_at":"2024-09-30T16:45:01Z","description":"","origin_country":"us","owner_id":"1000331142","project_id":"11a0e63f-f198-416b-b25b-e0ec10bd4a44","size":0,"usage":{"last_update_time":1727714701242,"last_updated_at":"2024-09-30T16:45:01Z"}},"entity":{"job":{"asset_ref_type":"metadata_import","configuration":{"env_type":"","env_variables":[]},"last_run_initiator":"deprecated field","last_run_time":"deprecated field","last_run_status":"deprecated field","last_run_status_timestamp":0,"future_scheduled_runs":[],"enable_notifications":true,"project_name":"Customer-MDM","asset_ref":"fffc5d75-34e7-434c-96df-a3b46a9e1fd9","schedule_id":"","schedule_creator_id":""}}}