{"metadata":{"asset_id":"18b0c94b-efb6-4c0b-9aa8-6208dd481dd3","asset_attributes":["job"],"name":"EPSILON_IL_PERSON_2_2 job","asset_type":"job","created_at":"2024-10-12T23:15:39Z","description":"","origin_country":"us","owner_id":"1000331142","project_id":"11a0e63f-f198-416b-b25b-e0ec10bd4a44","size":0,"usage":{"last_update_time":1728774939082,"last_updated_at":"2024-10-12T23:15:39Z"}},"entity":{"job":{"asset_ref_type":"metadata_import","configuration":{"env_type":"","env_variables":[]},"last_run_initiator":"deprecated field","last_run_time":"deprecated field","last_run_status":"deprecated field","last_run_status_timestamp":0,"future_scheduled_runs":[],"enable_notifications":true,"project_name":"Customer-MDM","asset_ref":"179a6316-0a95-4e60-b104-81d60678f9a3","schedule_id":"","schedule_creator_id":""}}}