{"metadata":{"asset_id":"fd5ce6ba-a118-420c-bd90-faa45289ff68","asset_attributes":["job"],"name":"GIGYA_IL_PA_4 job","asset_type":"job","created_at":"2024-06-24T21:05:04Z","description":"","origin_country":"us","owner_id":"1000331142","project_id":"11a0e63f-f198-416b-b25b-e0ec10bd4a44","size":0,"usage":{"last_update_time":1719263104932,"last_updated_at":"2024-06-24T21:05:04Z"}},"entity":{"job":{"asset_ref_type":"metadata_import","configuration":{"env_type":"","env_variables":[]},"last_run_initiator":"deprecated field","last_run_time":"deprecated field","last_run_status":"deprecated field","last_run_status_timestamp":0,"future_scheduled_runs":[],"enable_notifications":true,"project_name":"Customer-MDM","asset_ref":"6338de3c-12a9-47f9-9b7f-16eb8796b748","schedule_id":"","schedule_creator_id":""}}}