{"metadata":{"asset_id":"a8010d0b-b567-4640-bfd5-cc62dd6c3c6d","asset_attributes":["job"],"name":"EPSILON_IL_PERSON_COMMUNICATION_CONSENT_11 job","asset_type":"job","created_at":"2024-09-30T16:46:20Z","description":"","origin_country":"us","owner_id":"1000331142","project_id":"11a0e63f-f198-416b-b25b-e0ec10bd4a44","size":0,"usage":{"last_update_time":1727714780165,"last_updated_at":"2024-09-30T16:46:20Z"}},"entity":{"job":{"asset_ref_type":"metadata_import","configuration":{"env_type":"","env_variables":[]},"last_run_initiator":"deprecated field","last_run_time":"deprecated field","last_run_status":"deprecated field","last_run_status_timestamp":0,"future_scheduled_runs":[],"enable_notifications":true,"project_name":"Customer-MDM","asset_ref":"d591ec87-77f9-4823-ab25-181d8b05b726","schedule_id":"","schedule_creator_id":""}}}