{"metadata":{"asset_id":"f9127bba-f6fc-4f3f-8538-4a37319fb184","asset_attributes":["job"],"name":"Outbound_Initial_Person_Entity.DataStage job","asset_type":"job","created_at":"2024-07-09T00:37:21Z","origin_country":"us","owner_id":"1000331142","project_id":"11a0e63f-f198-416b-b25b-e0ec10bd4a44","size":0,"usage":{"last_update_time":1723147548818,"last_updated_at":"2024-08-08T20:05:48Z"}},"entity":{"job":{"asset_ref_type":"data_intg_flow","configuration":{"env_variables":[],"flow_limits":{"warn_limit":0},"runPriorityQueue":"High","env_id":"128d5608-cdfc-42dc-89ea-fc897ffbf806","env_type":"datastage"},"last_run_initiator":"deprecated field","last_run_time":"deprecated field","last_run_status":"deprecated field","last_run_status_timestamp":0,"future_scheduled_runs":[],"enable_notifications":true,"project_name":"Customer-MDM","asset_ref":"ce805642-7f5c-4dab-b316-aeecc656db5a","job_parameters":[],"parameter_sets":[],"schedule_id":"","schedule_creator_id":"","retention_policy":{}}}}