{"metadata":{"asset_id":"eb5c154f-b4f6-4d9a-9c5f-2fd4586b16e5","asset_attributes":["job"],"name":"EPSILON_IL_PERSON_8 job","asset_type":"job","created_at":"2024-09-26T20:54:57Z","description":"","origin_country":"us","owner_id":"1000331142","project_id":"11a0e63f-f198-416b-b25b-e0ec10bd4a44","size":0,"usage":{"last_update_time":1727384097771,"last_updated_at":"2024-09-26T20:54:57Z"}},"entity":{"job":{"asset_ref_type":"metadata_import","configuration":{"env_type":"","env_variables":[]},"last_run_initiator":"deprecated field","last_run_time":"deprecated field","last_run_status":"deprecated field","last_run_status_timestamp":0,"future_scheduled_runs":[],"enable_notifications":true,"project_name":"Customer-MDM","asset_ref":"4943ca0d-1632-4188-9c05-b8aba0cfd159","schedule_id":"","schedule_creator_id":""}}}