{"metadata":{"asset_id":"009317e2-77c1-4ac6-a84b-9ce91e3f6b25","asset_attributes":["job"],"name":"MPOS_IL_PERSON_5 job","asset_type":"job","created_at":"2024-10-01T12:56:09Z","description":"","origin_country":"us","owner_id":"1000331142","project_id":"11a0e63f-f198-416b-b25b-e0ec10bd4a44","size":0,"usage":{"last_update_time":1727787369737,"last_updated_at":"2024-10-01T12:56:09Z"}},"entity":{"job":{"asset_ref_type":"metadata_import","configuration":{"env_type":"","env_variables":[]},"last_run_initiator":"deprecated field","last_run_time":"deprecated field","last_run_status":"deprecated field","last_run_status_timestamp":0,"future_scheduled_runs":[],"enable_notifications":true,"project_name":"Customer-MDM","asset_ref":"46a90a7c-8e7e-4a45-acb9-543a268d5a17","schedule_id":"","schedule_creator_id":""}}}