{"metadata":{"asset_id":"db166975-e71e-40b2-8e79-665a35bec704","asset_attributes":["job"],"name":"EPSILON_IL_PERSON_COMMUNICATION_CONSENT_5 job","asset_type":"job","created_at":"2024-09-30T16:37:11Z","description":"","origin_country":"us","owner_id":"1000331142","project_id":"11a0e63f-f198-416b-b25b-e0ec10bd4a44","size":0,"usage":{"last_update_time":1727714231820,"last_updated_at":"2024-09-30T16:37:11Z"}},"entity":{"job":{"asset_ref_type":"metadata_import","configuration":{"env_type":"","env_variables":[]},"last_run_initiator":"deprecated field","last_run_time":"deprecated field","last_run_status":"deprecated field","last_run_status_timestamp":0,"future_scheduled_runs":[],"enable_notifications":true,"project_name":"Customer-MDM","asset_ref":"b723346e-80dc-41a9-b69e-ce2d291fde3b","schedule_id":"","schedule_creator_id":""}}}