{"metadata":{"asset_id":"4ea55ae8-372b-4260-aef2-7b9f6910f012","asset_attributes":["job"],"name":"GIGYA_IL_PC_4 job","asset_type":"job","created_at":"2024-06-25T20:31:00Z","description":"","origin_country":"us","owner_id":"1000331142","project_id":"11a0e63f-f198-416b-b25b-e0ec10bd4a44","size":0,"usage":{"last_update_time":1719347460431,"last_updated_at":"2024-06-25T20:31:00Z"}},"entity":{"job":{"asset_ref_type":"metadata_import","configuration":{"env_type":"","env_variables":[]},"last_run_initiator":"deprecated field","last_run_time":"deprecated field","last_run_status":"deprecated field","last_run_status_timestamp":0,"future_scheduled_runs":[],"enable_notifications":true,"project_name":"Customer-MDM","asset_ref":"21532d6e-dc6b-4a8b-aec3-d12930c0179f","schedule_id":"","schedule_creator_id":""}}}