{"metadata":{"asset_id":"3a04ddbe-45f4-4f43-9f3d-d8d1fb0d6b5a","asset_attributes":["job"],"name":"job_plMain_Inbound_Schedule_COSTAR_4_Interaction","asset_type":"job","created_at":"2024-04-07T01:52:36Z","description":"","origin_country":"us","owner_id":"1000331142","project_id":"11a0e63f-f198-416b-b25b-e0ec10bd4a44","size":0,"usage":{"last_update_time":1712454756762,"last_updated_at":"2024-04-07T01:52:36Z"}},"entity":{"job":{"asset_ref_type":"orchestration_flow","configuration":{"version":"70425631-ebaf-492f-aa48-a61db9c53e3f-0","env_type":"","env_variables":[]},"last_run_initiator":"deprecated field","last_run_time":"deprecated field","last_run_status":"deprecated field","last_run_status_timestamp":0,"future_scheduled_runs":[],"enable_notifications":true,"project_name":"Customer-MDM","asset_ref":"70425631-ebaf-492f-aa48-a61db9c53e3f","job_parameters":[{"name":"SourceName","value":"COSTAR"},{"name":"RecordType","value":"PERSON_INTERACTION"}],"schedule_id":"","schedule_creator_id":""}}}