{"metadata":{"asset_id":"a27e0a02-3ac4-4d0c-bffa-22b6d1f8fd80","asset_attributes":["job"],"name":"Job_plMain_Inbound_Schedule_GCP_1Of2","asset_type":"job","created_at":"2024-09-03T19:50:54Z","description":"","origin_country":"us","owner_id":"1000331044","project_id":"11a0e63f-f198-416b-b25b-e0ec10bd4a44","size":0,"usage":{"last_update_time":1729893604079,"last_updated_at":"2024-10-25T22:00:04Z"}},"entity":{"job":{"asset_ref_type":"orchestration_flow","configuration":{"version":"3b57655a-dc97-4af4-b2ca-a739b9c409c3-0","env_type":"","env_variables":[]},"last_run_initiator":"deprecated field","last_run_time":"deprecated field","last_run_status":"deprecated field","last_run_status_timestamp":0,"future_scheduled_runs":["2024-10-26T22:00:00.000Z","2024-10-27T22:00:00.000Z","2024-10-28T22:00:00.000Z","2024-10-29T22:00:00.000Z","2024-10-30T22:00:00.000Z","2024-10-31T22:00:00.000Z","2024-11-01T22:00:00.000Z","2024-11-02T22:00:00.000Z","2024-11-03T22:00:00.000Z","2024-11-04T22:00:00.000Z"],"enable_notifications":true,"project_name":"Customer-MDM","asset_ref":"3b57655a-dc97-4af4-b2ca-a739b9c409c3","job_parameters":[{"name":"SourceName","value":"GCP LCU"},{"name":"RecordType","value":"PERSON,PERSON_COMMUNICATION_CONSENT,PERSON_BEHAVIOUR"}],"schedule_id":"05e1440c-72c2-41b2-8979-4ff11c10cc08","schedule_creator_id":"1000331044","schedule":"0 22 * * *","schedule_info":{"startOn":1729800000000,"repeat":true}}}}