{"metadata":{"asset_id":"fa9a887b-9427-4f17-8233-e6e771a1964c","asset_attributes":["job"],"name":"GIGYA_IL_PERSON_17 job","asset_type":"job","created_at":"2024-06-19T13:59:24Z","description":"","origin_country":"us","owner_id":"1000331142","project_id":"11a0e63f-f198-416b-b25b-e0ec10bd4a44","size":0,"usage":{"last_update_time":1718805564285,"last_updated_at":"2024-06-19T13:59:24Z"}},"entity":{"job":{"asset_ref_type":"metadata_import","configuration":{"env_type":"","env_variables":[]},"last_run_initiator":"deprecated field","last_run_time":"deprecated field","last_run_status":"deprecated field","last_run_status_timestamp":0,"future_scheduled_runs":[],"enable_notifications":true,"project_name":"Customer-MDM","asset_ref":"f097a187-1d02-4e6b-8a69-8fcb637a53b4","schedule_id":"","schedule_creator_id":""}}}