{"metadata":{"asset_id":"daf5eed8-6cdd-4680-b8b7-7725de783db1","asset_attributes":["job"],"name":"GIGYA_IL_PA_8 job","asset_type":"job","created_at":"2024-06-24T21:00:18Z","description":"","origin_country":"us","owner_id":"1000331142","project_id":"11a0e63f-f198-416b-b25b-e0ec10bd4a44","size":0,"usage":{"last_update_time":1719262818603,"last_updated_at":"2024-06-24T21:00:18Z"}},"entity":{"job":{"asset_ref_type":"metadata_import","configuration":{"env_type":"","env_variables":[]},"last_run_initiator":"deprecated field","last_run_time":"deprecated field","last_run_status":"deprecated field","last_run_status_timestamp":0,"future_scheduled_runs":[],"enable_notifications":true,"project_name":"Customer-MDM","asset_ref":"d2dbd4a2-8732-4b74-8b00-8a40f1326ade","schedule_id":"","schedule_creator_id":""}}}