{"metadata":{"asset_id":"28f1e8dc-6ab0-40cc-8846-05bca8f89798","asset_attributes":["job"],"name":"GIGYA_IL_PERSON_6 job","asset_type":"job","created_at":"2024-06-19T14:29:15Z","description":"","origin_country":"us","owner_id":"1000331142","project_id":"11a0e63f-f198-416b-b25b-e0ec10bd4a44","size":0,"usage":{"last_update_time":1718807355583,"last_updated_at":"2024-06-19T14:29:15Z"}},"entity":{"job":{"asset_ref_type":"metadata_import","configuration":{"env_type":"","env_variables":[]},"last_run_initiator":"deprecated field","last_run_time":"deprecated field","last_run_status":"deprecated field","last_run_status_timestamp":0,"future_scheduled_runs":[],"enable_notifications":true,"project_name":"Customer-MDM","asset_ref":"cd69ba0d-7c82-48e4-9a77-1726a4c8f55c","schedule_id":"","schedule_creator_id":""}}}