{"metadata":{"asset_id":"de970b0c-ec2c-4f7d-9618-bc90abbf1e89","asset_attributes":["job"],"name":"XPOS_PERSON_COMMUNICATION_CONSENT_3 job","asset_type":"job","created_at":"2024-05-10T16:31:05Z","description":"","origin_country":"us","owner_id":"1000331044","project_id":"11a0e63f-f198-416b-b25b-e0ec10bd4a44","size":0,"usage":{"last_update_time":1715358665002,"last_updated_at":"2024-05-10T16:31:05Z"}},"entity":{"job":{"asset_ref_type":"metadata_import","configuration":{"env_type":"","env_variables":[]},"last_run_initiator":"deprecated field","last_run_time":"deprecated field","last_run_status":"deprecated field","last_run_status_timestamp":0,"future_scheduled_runs":[],"enable_notifications":true,"project_name":"Customer-MDM","asset_ref":"0cad1c54-ed3f-4516-b1b9-9b5b66d6e70d","schedule_id":"","schedule_creator_id":""}}}