{"metadata":{"asset_id":"e230ba57-ee77-475e-aadc-23c83736ed8e","asset_attributes":["job"],"name":"job_plMain_Inbound_Schedule_MOBILITY_DATABASE_1of2","asset_type":"job","created_at":"2024-06-06T15:33:05Z","description":"","origin_country":"us","owner_id":"1000331044","project_id":"11a0e63f-f198-416b-b25b-e0ec10bd4a44","size":0,"usage":{"last_update_time":1729880408731,"last_updated_at":"2024-10-25T18:20:08Z"}},"entity":{"job":{"asset_ref_type":"orchestration_flow","configuration":{"version":"ddce6b20-079e-442f-8652-42d741a77445-0","env_type":"","env_variables":[]},"last_run_initiator":"deprecated field","last_run_time":"deprecated field","last_run_status":"deprecated field","last_run_status_timestamp":0,"future_scheduled_runs":["2024-10-26T18:20:00.000Z","2024-10-27T18:20:00.000Z","2024-10-28T18:20:00.000Z","2024-10-29T18:20:00.000Z","2024-10-30T18:20:00.000Z","2024-10-31T18:20:00.000Z","2024-11-01T18:20:00.000Z","2024-11-02T18:20:00.000Z","2024-11-03T18:20:00.000Z","2024-11-04T18:20:00.000Z"],"enable_notifications":true,"project_name":"Customer-MDM","asset_ref":"ddce6b20-079e-442f-8652-42d741a77445","job_parameters":[{"name":"SourceName","value":"MOBILITY"},{"name":"RecordType","value":"PERSON"}],"schedule_id":"05b4d868-b325-4e48-b59f-36ea4a6faaa1","schedule_creator_id":"1000331044","schedule":"20 18 * * *","schedule_info":{"startOn":1729798200000,"repeat":true}}}}