{"metadata":{"asset_id":"983a3b2d-477b-4c3f-90a4-902051a6c5be","asset_attributes":["job"],"name":"EPSILON_IL_PERSON_4 job","asset_type":"job","created_at":"2024-09-26T20:49:46Z","description":"","origin_country":"us","owner_id":"1000331142","project_id":"11a0e63f-f198-416b-b25b-e0ec10bd4a44","size":0,"usage":{"last_update_time":1727383786136,"last_updated_at":"2024-09-26T20:49:46Z"}},"entity":{"job":{"asset_ref_type":"metadata_import","configuration":{"env_type":"","env_variables":[]},"last_run_initiator":"deprecated field","last_run_time":"deprecated field","last_run_status":"deprecated field","last_run_status_timestamp":0,"future_scheduled_runs":[],"enable_notifications":true,"project_name":"Customer-MDM","asset_ref":"fba29cba-c414-4567-86fd-ba0d2a1749de","schedule_id":"","schedule_creator_id":""}}}