{"metadata":{"asset_id":"ffbb80e4-3e87-43ec-8ba0-0f28e7fbf02e","asset_attributes":["job"],"name":"job_plMain_Inbound_Schedule_MEDALLIA_1of2","asset_type":"job","created_at":"2024-04-24T15:33:55Z","description":"","origin_country":"us","owner_id":"1000331142","project_id":"11a0e63f-f198-416b-b25b-e0ec10bd4a44","size":0,"usage":{"last_update_time":1729872004727,"last_updated_at":"2024-10-25T16:00:04Z"}},"entity":{"job":{"asset_ref_type":"orchestration_flow","configuration":{"version":"2db2dd76-aae0-48ff-8f4e-38b11718adb8-0","env_type":"","env_variables":[]},"last_run_initiator":"deprecated field","last_run_time":"deprecated field","last_run_status":"deprecated field","last_run_status_timestamp":0,"future_scheduled_runs":["2024-10-26T16:00:00.000Z","2024-10-27T16:00:00.000Z","2024-10-28T16:00:00.000Z","2024-10-29T16:00:00.000Z","2024-10-30T16:00:00.000Z","2024-10-31T16:00:00.000Z","2024-11-01T16:00:00.000Z","2024-11-02T16:00:00.000Z","2024-11-03T16:00:00.000Z","2024-11-04T16:00:00.000Z"],"enable_notifications":true,"project_name":"Customer-MDM","asset_ref":"2db2dd76-aae0-48ff-8f4e-38b11718adb8","job_parameters":[{"name":"SourceName","value":"MEDALLIA"},{"name":"RecordType","value":"PERSON,PERSON_ACCOUNT,PERSON_INTERACTION,PERSON_BEHAVIOUR"}],"schedule_id":"dc5a2d27-8ce3-4cf5-a9f1-99df0d45dbce","schedule_creator_id":"1000331044","schedule":"0 16 * * *","schedule_info":{"startOn":1729796400000,"repeat":true}}}}