{"metadata":{"asset_id":"dfd2c76d-b12d-41e2-8ca3-3d1468015c66","asset_attributes":["job"],"name":"EPSILON_IL_PERSON_COMMUNICATION_CONSENT_14 job","asset_type":"job","created_at":"2024-09-30T16:50:01Z","description":"","origin_country":"us","owner_id":"1000331142","project_id":"11a0e63f-f198-416b-b25b-e0ec10bd4a44","size":0,"usage":{"last_update_time":1727715001173,"last_updated_at":"2024-09-30T16:50:01Z"}},"entity":{"job":{"asset_ref_type":"metadata_import","configuration":{"env_type":"","env_variables":[]},"last_run_initiator":"deprecated field","last_run_time":"deprecated field","last_run_status":"deprecated field","last_run_status_timestamp":0,"future_scheduled_runs":[],"enable_notifications":true,"project_name":"Customer-MDM","asset_ref":"0f9a5d7e-b930-4938-864c-9811a0709b47","schedule_id":"","schedule_creator_id":""}}}