{"metadata":{"asset_id":"8438292f-1d4f-4d27-95bd-d63177853488","asset_attributes":["job"],"name":"MPOS_IL_PERSON_1 job","asset_type":"job","created_at":"2024-10-01T12:50:50Z","description":"","origin_country":"us","owner_id":"1000331142","project_id":"11a0e63f-f198-416b-b25b-e0ec10bd4a44","size":0,"usage":{"last_update_time":1727787050270,"last_updated_at":"2024-10-01T12:50:50Z"}},"entity":{"job":{"asset_ref_type":"metadata_import","configuration":{"env_type":"","env_variables":[]},"last_run_initiator":"deprecated field","last_run_time":"deprecated field","last_run_status":"deprecated field","last_run_status_timestamp":0,"future_scheduled_runs":[],"enable_notifications":true,"project_name":"Customer-MDM","asset_ref":"bc6f730d-33a1-407d-ae9d-58180468b94f","schedule_id":"","schedule_creator_id":""}}}