{"metadata":{"asset_id":"10015ac7-aab4-450a-b50b-ab98d847dfa7","asset_attributes":["job"],"name":"GIGYA_IL_PC_13 job","asset_type":"job","created_at":"2024-06-25T20:12:48Z","description":"","origin_country":"us","owner_id":"1000331142","project_id":"11a0e63f-f198-416b-b25b-e0ec10bd4a44","size":0,"usage":{"last_update_time":1719346368692,"last_updated_at":"2024-06-25T20:12:48Z"}},"entity":{"job":{"asset_ref_type":"metadata_import","configuration":{"env_type":"","env_variables":[]},"last_run_initiator":"deprecated field","last_run_time":"deprecated field","last_run_status":"deprecated field","last_run_status_timestamp":0,"future_scheduled_runs":[],"enable_notifications":true,"project_name":"Customer-MDM","asset_ref":"cea47742-d82b-4f12-8388-1fda7fe3cc43","schedule_id":"","schedule_creator_id":""}}}