{"metadata":{"asset_id":"46dbb8b8-105c-4b2b-81b5-4e02edc0b6d7","asset_attributes":["job"],"name":"job_plMain_Inbound_Schedule_IMS_ORG_2of2","asset_type":"job","created_at":"2024-06-06T15:32:33Z","description":"","origin_country":"us","owner_id":"1000331044","project_id":"11a0e63f-f198-416b-b25b-e0ec10bd4a44","size":0,"usage":{"last_update_time":1729865702138,"last_updated_at":"2024-10-25T14:15:02Z"}},"entity":{"job":{"asset_ref_type":"orchestration_flow","configuration":{"version":"d4a0aced-7c40-4eab-957b-04fa72efb452-0","env_type":"","env_variables":[]},"last_run_initiator":"deprecated field","last_run_time":"deprecated field","last_run_status":"deprecated field","last_run_status_timestamp":0,"future_scheduled_runs":["2024-10-26T14:15:00.000Z","2024-10-27T14:15:00.000Z","2024-10-28T14:15:00.000Z","2024-10-29T14:15:00.000Z","2024-10-30T14:15:00.000Z","2024-10-31T14:15:00.000Z","2024-11-01T14:15:00.000Z","2024-11-02T14:15:00.000Z","2024-11-03T14:15:00.000Z","2024-11-04T14:15:00.000Z"],"enable_notifications":true,"project_name":"Customer-MDM","asset_ref":"d4a0aced-7c40-4eab-957b-04fa72efb452","job_parameters":[{"name":"SourceName","value":"IMS"},{"name":"RecordType","value":"ORG,ORGANIZATION_ACCOUNT"}],"schedule_id":"76113be4-fa7b-4ccb-b422-efb05234e321","schedule_creator_id":"1000331044","schedule":"15 14 * * *","schedule_info":{"startOn":1729798200000,"repeat":true}}}}