{"metadata":{"asset_id":"61a96bb2-98c5-4528-9d11-c52a672b3a59","asset_attributes":["job"],"name":"job_plMain_Inbound_Schedule_QUICK_CONTRACTORS_1of2","asset_type":"job","created_at":"2024-05-09T14:46:04Z","description":"","origin_country":"us","owner_id":"1000331044","project_id":"11a0e63f-f198-416b-b25b-e0ec10bd4a44","size":0,"usage":{"last_update_time":1729792934958,"last_updated_at":"2024-10-24T18:02:14Z"}},"entity":{"job":{"asset_ref_type":"orchestration_flow","configuration":{"version":"f9682a97-1600-494d-b31b-3e2209d4a8d6-0","env_type":"","env_variables":[]},"last_run_initiator":"deprecated field","last_run_time":"deprecated field","last_run_status":"deprecated field","last_run_status_timestamp":0,"future_scheduled_runs":["2024-10-30T19:00:00.000Z","2024-11-06T19:00:00.000Z","2024-11-13T19:00:00.000Z","2024-11-20T19:00:00.000Z","2024-11-27T19:00:00.000Z","2024-12-04T19:00:00.000Z","2024-12-11T19:00:00.000Z","2024-12-18T19:00:00.000Z","2024-12-25T19:00:00.000Z","2025-01-01T19:00:00.000Z"],"enable_notifications":true,"project_name":"Customer-MDM","asset_ref":"f9682a97-1600-494d-b31b-3e2209d4a8d6","job_parameters":[{"name":"SourceName","value":"QUICK CONTRACTORS"},{"name":"RecordType","value":"PERSON"}],"schedule_id":"ab6d2d90-379f-4f39-9294-3fb3c17f4f2b","schedule_creator_id":"1000331044","schedule":"0 19 * * 3","schedule_info":{"startOn":1729798200000,"repeat":true}}}}