{"metadata":{"asset_id":"873fa578-64e6-48ae-94fe-241826aed16a","asset_attributes":["job"],"name":"EPSILON_IL_PERSON_COMMUNICATION_CONSENT_7_2 job","asset_type":"job","created_at":"2024-10-10T15:04:16Z","description":"","origin_country":"us","owner_id":"1000331142","project_id":"11a0e63f-f198-416b-b25b-e0ec10bd4a44","size":0,"usage":{"last_update_time":1728572656640,"last_updated_at":"2024-10-10T15:04:16Z"}},"entity":{"job":{"asset_ref_type":"metadata_import","configuration":{"env_type":"","env_variables":[]},"last_run_initiator":"deprecated field","last_run_time":"deprecated field","last_run_status":"deprecated field","last_run_status_timestamp":0,"future_scheduled_runs":[],"enable_notifications":true,"project_name":"Customer-MDM","asset_ref":"4d89625a-d3f2-4f08-86e2-050183c798e8","schedule_id":"","schedule_creator_id":""}}}