{"metadata":{"asset_id":"1475b1ab-858c-46c2-be4c-6fa2128e7b8b","asset_attributes":["job"],"name":"GIGYA_IL_PI_1 job","asset_type":"job","created_at":"2024-06-25T20:40:01Z","description":"","origin_country":"us","owner_id":"1000331142","project_id":"11a0e63f-f198-416b-b25b-e0ec10bd4a44","size":0,"usage":{"last_update_time":1719348001664,"last_updated_at":"2024-06-25T20:40:01Z"}},"entity":{"job":{"asset_ref_type":"metadata_import","configuration":{"env_type":"","env_variables":[]},"last_run_initiator":"deprecated field","last_run_time":"deprecated field","last_run_status":"deprecated field","last_run_status_timestamp":0,"future_scheduled_runs":[],"enable_notifications":true,"project_name":"Customer-MDM","asset_ref":"548f4cf0-d7da-4008-b249-a78e25e60e44","schedule_id":"","schedule_creator_id":""}}}