{"metadata":{"asset_id":"fab620c4-f271-425a-9a4c-d718059fecaa","asset_attributes":["job"],"name":"GIGYA_IL_PERSON_9 job","asset_type":"job","created_at":"2024-06-19T14:25:22Z","description":"","origin_country":"us","owner_id":"1000331142","project_id":"11a0e63f-f198-416b-b25b-e0ec10bd4a44","size":0,"usage":{"last_update_time":1718807122962,"last_updated_at":"2024-06-19T14:25:22Z"}},"entity":{"job":{"asset_ref_type":"metadata_import","configuration":{"env_type":"","env_variables":[]},"last_run_initiator":"deprecated field","last_run_time":"deprecated field","last_run_status":"deprecated field","last_run_status_timestamp":0,"future_scheduled_runs":[],"enable_notifications":true,"project_name":"Customer-MDM","asset_ref":"fa8c9fa6-9f1a-4905-af51-bfdaa98ec062","schedule_id":"","schedule_creator_id":""}}}