{"metadata":{"asset_id":"a83d31d6-97ae-4280-9335-8d29b3f572b2","asset_attributes":["job"],"name":"Job_plMain_Inbound_Schedule_ORCKESTRA_1Of2","asset_type":"job","created_at":"2024-09-03T19:49:26Z","description":"","origin_country":"us","owner_id":"1000331044","project_id":"11a0e63f-f198-416b-b25b-e0ec10bd4a44","size":0,"usage":{"last_update_time":1729882805146,"last_updated_at":"2024-10-25T19:00:05Z"}},"entity":{"job":{"asset_ref_type":"orchestration_flow","configuration":{"version":"a2f047cb-c922-4dc5-a71c-a2c63fed1a0e-0","env_type":"","env_variables":[]},"last_run_initiator":"deprecated field","last_run_time":"deprecated field","last_run_status":"deprecated field","last_run_status_timestamp":0,"future_scheduled_runs":["2024-10-26T19:00:00.000Z","2024-10-27T19:00:00.000Z","2024-10-28T19:00:00.000Z","2024-10-29T19:00:00.000Z","2024-10-30T19:00:00.000Z","2024-10-31T19:00:00.000Z","2024-11-01T19:00:00.000Z","2024-11-02T19:00:00.000Z","2024-11-03T19:00:00.000Z","2024-11-04T19:00:00.000Z"],"enable_notifications":true,"project_name":"Customer-MDM","asset_ref":"a2f047cb-c922-4dc5-a71c-a2c63fed1a0e","job_parameters":[{"name":"SourceName","value":"ORCKESTRA"},{"name":"RecordType","value":"PERSON,PERSON_ACCOUNT"}],"schedule_id":"33081521-41b4-484e-836c-60ec75473ffa","schedule_creator_id":"1000331044","schedule":"0 19 * * *","schedule_info":{"startOn":1729800000000,"repeat":true}}}}