{"metadata":{"asset_id":"c707e363-8ad4-436c-8bfd-4648ebe78222","asset_attributes":["job"],"name":"MPOS_IL_PERSON_9 job","asset_type":"job","created_at":"2024-10-01T13:01:01Z","description":"","origin_country":"us","owner_id":"1000331142","project_id":"11a0e63f-f198-416b-b25b-e0ec10bd4a44","size":0,"usage":{"last_update_time":1727787661360,"last_updated_at":"2024-10-01T13:01:01Z"}},"entity":{"job":{"asset_ref_type":"metadata_import","configuration":{"env_type":"","env_variables":[]},"last_run_initiator":"deprecated field","last_run_time":"deprecated field","last_run_status":"deprecated field","last_run_status_timestamp":0,"future_scheduled_runs":[],"enable_notifications":true,"project_name":"Customer-MDM","asset_ref":"8c2f65a7-2922-48df-8adc-bee9bbf06359","schedule_id":"","schedule_creator_id":""}}}