{"metadata":{"asset_id":"b93e9fdf-f60d-4e56-81d0-2ff402c4342e","asset_attributes":["job"],"name":"Outbound_Initial_Person_Record.DataStage job","asset_type":"job","created_at":"2024-07-09T00:33:42Z","origin_country":"us","owner_id":"1000331142","project_id":"11a0e63f-f198-416b-b25b-e0ec10bd4a44","size":0,"usage":{"last_update_time":1721471884196,"last_updated_at":"2024-07-20T10:38:04Z"}},"entity":{"job":{"asset_ref_type":"data_intg_flow","configuration":{"env_variables":[],"flow_limits":{"warn_limit":0},"runPriorityQueue":"High","env_id":"128d5608-cdfc-42dc-89ea-fc897ffbf806","env_type":"datastage"},"last_run_initiator":"deprecated field","last_run_time":"deprecated field","last_run_status":"deprecated field","last_run_status_timestamp":0,"future_scheduled_runs":[],"enable_notifications":true,"project_name":"Customer-MDM","asset_ref":"e75604ac-79ec-43af-bde9-308e08d450e2","job_parameters":[],"parameter_sets":[],"schedule_id":"","schedule_creator_id":"","retention_policy":{}}}}