{"metadata":{"asset_id":"f0b3b568-fabb-4050-af48-8a062f345273","asset_attributes":["job"],"name":"GIGYA_IL_PC_11 job","asset_type":"job","created_at":"2024-06-25T20:15:06Z","description":"","origin_country":"us","owner_id":"1000331142","project_id":"11a0e63f-f198-416b-b25b-e0ec10bd4a44","size":0,"usage":{"last_update_time":1719346506453,"last_updated_at":"2024-06-25T20:15:06Z"}},"entity":{"job":{"asset_ref_type":"metadata_import","configuration":{"env_type":"","env_variables":[]},"last_run_initiator":"deprecated field","last_run_time":"deprecated field","last_run_status":"deprecated field","last_run_status_timestamp":0,"future_scheduled_runs":[],"enable_notifications":true,"project_name":"Customer-MDM","asset_ref":"01dbc8ab-a9ee-47ad-b33c-a72f6e079ce1","schedule_id":"","schedule_creator_id":""}}}