{"metadata":{"asset_id":"581460ff-06ec-4fe9-9a61-068865e720d0","asset_attributes":["job"],"name":"GIGYA_IL_PERSON_2 job","asset_type":"job","created_at":"2024-06-19T14:36:30Z","description":"","origin_country":"us","owner_id":"1000331142","project_id":"11a0e63f-f198-416b-b25b-e0ec10bd4a44","size":0,"usage":{"last_update_time":1718807790192,"last_updated_at":"2024-06-19T14:36:30Z"}},"entity":{"job":{"asset_ref_type":"metadata_import","configuration":{"env_type":"","env_variables":[]},"last_run_initiator":"deprecated field","last_run_time":"deprecated field","last_run_status":"deprecated field","last_run_status_timestamp":0,"future_scheduled_runs":[],"enable_notifications":true,"project_name":"Customer-MDM","asset_ref":"4d9510e3-90b8-4f31-8c86-15a929fcef21","schedule_id":"","schedule_creator_id":""}}}