{"metadata":{"asset_id":"2905ff8a-6ae3-4134-8cae-f42eb71d4cf9","asset_attributes":["job"],"name":"job_plMain_Inbound_Schedule_MOBILITY_DATABASE_2of2","asset_type":"job","created_at":"2024-06-06T15:33:33Z","description":"","origin_country":"us","owner_id":"1000331044","project_id":"11a0e63f-f198-416b-b25b-e0ec10bd4a44","size":0,"usage":{"last_update_time":1729894850624,"last_updated_at":"2024-10-25T22:20:50Z"}},"entity":{"job":{"asset_ref_type":"orchestration_flow","configuration":{"version":"ddce6b20-079e-442f-8652-42d741a77445-0","env_type":"","env_variables":[]},"last_run_initiator":"deprecated field","last_run_time":"deprecated field","last_run_status":"deprecated field","last_run_status_timestamp":0,"future_scheduled_runs":["2024-10-26T22:20:00.000Z","2024-10-27T22:20:00.000Z","2024-10-28T22:20:00.000Z","2024-10-29T22:20:00.000Z","2024-10-30T22:20:00.000Z","2024-10-31T22:20:00.000Z","2024-11-01T22:20:00.000Z","2024-11-02T22:20:00.000Z","2024-11-03T22:20:00.000Z","2024-11-04T22:20:00.000Z"],"enable_notifications":true,"project_name":"Customer-MDM","asset_ref":"ddce6b20-079e-442f-8652-42d741a77445","job_parameters":[{"name":"SourceName","value":"MOBILITY"},{"name":"RecordType","value":"PERSON"}],"schedule_id":"b0643da8-0807-4672-ba46-70ca8278eb10","schedule_creator_id":"1000331044","schedule":"20 22 * * *","schedule_info":{"startOn":1729798200000,"repeat":true}}}}