{"metadata":{"asset_id":"3a168499-dea3-427f-b435-82211acb57f3","asset_attributes":["job"],"name":"Outbound_Ongoing_Organization_Entity.DataStage job","asset_type":"job","created_at":"2024-05-30T23:04:57Z","origin_country":"us","owner_id":"1000331142","project_id":"11a0e63f-f198-416b-b25b-e0ec10bd4a44","size":0,"usage":{"last_update_time":1717110333898,"last_updated_at":"2024-05-30T23:05:33Z"}},"entity":{"job":{"asset_ref_type":"data_intg_flow","configuration":{"env_variables":[],"flow_limits":{"warn_limit":0},"runPriorityQueue":"High","env_id":"03b34e68-e701-4b44-bf5a-52193f68a97e","env_type":"datastage"},"last_run_initiator":"deprecated field","last_run_time":"deprecated field","last_run_status":"deprecated field","last_run_status_timestamp":0,"future_scheduled_runs":[],"enable_notifications":true,"project_name":"Customer-MDM","asset_ref":"995a4a18-b036-4c9e-8c5c-3a1ae942344a","job_parameters":[{"name":"consumerGroup","value":"bill.xu"},{"name":"PS_Match360_Connection.password","value":"{encval}ivr028uDYJFBvqX6hYFNxw=="}],"parameter_sets":[{"name":"PS_Match360_Connection","ref":"00876fa9-0dcb-4199-b75d-9ddbeb510ba8"},{"name":"PS_Outbound_Kafka_Topics","ref":"5b03f0af-41f1-4ac0-9869-fd66b998bbdf"}],"schedule_id":"","schedule_creator_id":"","retention_policy":{}}}}