{"metadata":{"asset_id":"41a71f18-1f1b-496d-841f-038f2b5711b9","asset_attributes":["job"],"name":"Inbound_MicroBatch_Process.DataStage job","asset_type":"job","created_at":"2024-04-18T00:13:33Z","origin_country":"us","owner_id":"1000331142","project_id":"11a0e63f-f198-416b-b25b-e0ec10bd4a44","size":0,"usage":{"last_update_time":1713399439641,"last_updated_at":"2024-04-18T00:17:19Z"}},"entity":{"job":{"asset_ref_type":"data_intg_flow","configuration":{"env_variables":[],"flow_limits":{"warn_limit":0},"runPriorityQueue":"High","env_type":"","env_id":"128d5608-cdfc-42dc-89ea-fc897ffbf806"},"last_run_initiator":"deprecated field","last_run_time":"deprecated field","last_run_status":"deprecated field","last_run_status_timestamp":0,"future_scheduled_runs":[],"enable_notifications":true,"project_name":"Customer-MDM","asset_ref":"a2f13d5e-80c0-4511-bf8a-451323094379","parameter_sets":[{"name":"PS_Match360_Connection","ref":"00876fa9-0dcb-4199-b75d-9ddbeb510ba8"}],"schedule_id":"","schedule_creator_id":"","retention_policy":{},"job_parameters":[]}}}