{"metadata":{"asset_id":"b4326d28-1fa2-4102-8680-3dabf29739c0","asset_attributes":["job"],"name":"EPSILON_IL_PERSON_COMMUNICATION_CONSENT_13_1 job","asset_type":"job","created_at":"2024-10-10T21:49:49Z","description":"","origin_country":"us","owner_id":"1000331142","project_id":"11a0e63f-f198-416b-b25b-e0ec10bd4a44","size":0,"usage":{"last_update_time":1728596989306,"last_updated_at":"2024-10-10T21:49:49Z"}},"entity":{"job":{"asset_ref_type":"metadata_import","configuration":{"env_type":"","env_variables":[]},"last_run_initiator":"deprecated field","last_run_time":"deprecated field","last_run_status":"deprecated field","last_run_status_timestamp":0,"future_scheduled_runs":[],"enable_notifications":true,"project_name":"Customer-MDM","asset_ref":"52942f86-d00e-43c5-8031-bca8c0b170fa","schedule_id":"","schedule_creator_id":""}}}