{"metadata":{"asset_id":"6ee46bdc-c289-4909-84ea-8b8df4950be8","asset_attributes":["job"],"name":"job_plMain_Inbound_Schedule_PARTSWATCH_ORG_2of2","asset_type":"job","created_at":"2024-09-04T13:21:22Z","description":"","origin_country":"us","owner_id":"1000331044","project_id":"11a0e63f-f198-416b-b25b-e0ec10bd4a44","size":0,"usage":{"last_update_time":1729890007421,"last_updated_at":"2024-10-25T21:00:07Z"}},"entity":{"job":{"asset_ref_type":"orchestration_flow","configuration":{"version":"a6ade794-f1aa-4fd2-a49b-cd79de59512a-0","env_type":"","env_variables":[]},"last_run_initiator":"deprecated field","last_run_time":"deprecated field","last_run_status":"deprecated field","last_run_status_timestamp":0,"future_scheduled_runs":["2024-10-26T21:00:00.000Z","2024-10-27T21:00:00.000Z","2024-10-28T21:00:00.000Z","2024-10-29T21:00:00.000Z","2024-10-30T21:00:00.000Z","2024-10-31T21:00:00.000Z","2024-11-01T21:00:00.000Z","2024-11-02T21:00:00.000Z","2024-11-03T21:00:00.000Z","2024-11-04T21:00:00.000Z"],"enable_notifications":true,"project_name":"Customer-MDM","asset_ref":"a6ade794-f1aa-4fd2-a49b-cd79de59512a","job_parameters":[{"name":"SourceName","value":"PARTSWATCH"},{"name":"RecordType","value":"ORG,ORGANIZATION_ACCOUNT"}],"schedule_id":"775bdfee-c0dd-4ab4-9411-ff93982a8b81","schedule_creator_id":"1000331044","schedule":"0 21 * * *","schedule_info":{"startOn":1729798200000,"repeat":true}}}}