{"metadata":{"asset_id":"dc8da1a0-dce1-436a-929b-2ea134f614f5","asset_attributes":["job"],"name":"GIGYA_IL_PC_6 job","asset_type":"job","created_at":"2024-06-25T20:28:53Z","description":"","origin_country":"us","owner_id":"1000331142","project_id":"11a0e63f-f198-416b-b25b-e0ec10bd4a44","size":0,"usage":{"last_update_time":1719347333035,"last_updated_at":"2024-06-25T20:28:53Z"}},"entity":{"job":{"asset_ref_type":"metadata_import","configuration":{"env_type":"","env_variables":[]},"last_run_initiator":"deprecated field","last_run_time":"deprecated field","last_run_status":"deprecated field","last_run_status_timestamp":0,"future_scheduled_runs":[],"enable_notifications":true,"project_name":"Customer-MDM","asset_ref":"a7be0f34-d0a4-4137-ad03-717d4c8136da","schedule_id":"","schedule_creator_id":""}}}