{"metadata":{"asset_id":"d03616ac-e7bc-4a91-a3e7-ba0326014811","asset_attributes":["job"],"name":"GIGYA_IL_PERSON_14 job","asset_type":"job","created_at":"2024-06-19T14:18:42Z","description":"","origin_country":"us","owner_id":"1000331142","project_id":"11a0e63f-f198-416b-b25b-e0ec10bd4a44","size":0,"usage":{"last_update_time":1718806722524,"last_updated_at":"2024-06-19T14:18:42Z"}},"entity":{"job":{"asset_ref_type":"metadata_import","configuration":{"env_type":"","env_variables":[]},"last_run_initiator":"deprecated field","last_run_time":"deprecated field","last_run_status":"deprecated field","last_run_status_timestamp":0,"future_scheduled_runs":[],"enable_notifications":true,"project_name":"Customer-MDM","asset_ref":"0cfa86de-ff33-4379-a75d-ef14bf28ddf7","schedule_id":"","schedule_creator_id":""}}}