{"metadata":{"asset_id":"d80168d6-699f-441c-abbe-7ec8152a871c","asset_attributes":["job"],"name":"job_plMain_Inbound_Schedule_FOSS_ORG_2of2","asset_type":"job","created_at":"2024-05-09T14:44:23Z","description":"","origin_country":"us","owner_id":"1000331044","project_id":"11a0e63f-f198-416b-b25b-e0ec10bd4a44","size":0,"usage":{"last_update_time":1715265863511,"last_updated_at":"2024-05-09T14:44:23Z"}},"entity":{"job":{"asset_ref_type":"orchestration_flow","configuration":{"version":"4a02d302-aeea-4edc-9eae-5849b8ff33bc-0","env_type":"","env_variables":[]},"last_run_initiator":"deprecated field","last_run_time":"deprecated field","last_run_status":"deprecated field","last_run_status_timestamp":0,"future_scheduled_runs":[],"enable_notifications":true,"project_name":"Customer-MDM","asset_ref":"4a02d302-aeea-4edc-9eae-5849b8ff33bc","job_parameters":[{"name":"SourceName","value":"FOSS"},{"name":"RecordType","value":"ORG,ORGANIZATION_ACCOUNT"}],"schedule_id":"","schedule_creator_id":""}}}