{"metadata":{"asset_id":"7519fa97-a70d-4ce0-ae41-4b3aa66dd0dd","asset_attributes":["job"],"name":"EPSILON_IL_PERSON_COMMUNICATION_CONSENT_3_2 job","asset_type":"job","created_at":"2024-10-09T23:38:28Z","description":"","origin_country":"us","owner_id":"1000331142","project_id":"11a0e63f-f198-416b-b25b-e0ec10bd4a44","size":0,"usage":{"last_update_time":1728517108784,"last_updated_at":"2024-10-09T23:38:28Z"}},"entity":{"job":{"asset_ref_type":"metadata_import","configuration":{"env_type":"","env_variables":[]},"last_run_initiator":"deprecated field","last_run_time":"deprecated field","last_run_status":"deprecated field","last_run_status_timestamp":0,"future_scheduled_runs":[],"enable_notifications":true,"project_name":"Customer-MDM","asset_ref":"116263ec-ba62-4215-a864-f45fad4c75ef","schedule_id":"","schedule_creator_id":""}}}