{"metadata":{"asset_id":"79d7a6b7-9a09-4357-9237-fb0d01cbc66f","asset_attributes":["job"],"name":"Outbound_Initial_Person_Interaction.DataStage job","asset_type":"job","created_at":"2024-07-08T23:53:05Z","origin_country":"us","owner_id":"1000331142","project_id":"11a0e63f-f198-416b-b25b-e0ec10bd4a44","size":0,"usage":{"last_update_time":1720482851031,"last_updated_at":"2024-07-08T23:54:11Z"}},"entity":{"job":{"asset_ref_type":"data_intg_flow","configuration":{"env_variables":[],"flow_limits":{"warn_limit":0},"runPriorityQueue":"High","env_id":"128d5608-cdfc-42dc-89ea-fc897ffbf806","env_type":"datastage"},"last_run_initiator":"deprecated field","last_run_time":"deprecated field","last_run_status":"deprecated field","last_run_status_timestamp":0,"future_scheduled_runs":[],"enable_notifications":true,"project_name":"Customer-MDM","asset_ref":"68478e6f-7366-45e3-a9c2-0ad1e540ceef","parameter_sets":[],"schedule_id":"","schedule_creator_id":"","retention_policy":{},"job_parameters":[]}}}