{"metadata":{"asset_id":"cfdfdbfa-8c5a-4b64-89d5-5a13638fc568","asset_attributes":["job"],"name":"EPSILON_IL_PERSON_COMMUNICATION_CONSENT_2 job","asset_type":"job","created_at":"2024-09-30T16:32:57Z","description":"","origin_country":"us","owner_id":"1000331142","project_id":"11a0e63f-f198-416b-b25b-e0ec10bd4a44","size":0,"usage":{"last_update_time":1727713977382,"last_updated_at":"2024-09-30T16:32:57Z"}},"entity":{"job":{"asset_ref_type":"metadata_import","configuration":{"env_type":"","env_variables":[]},"last_run_initiator":"deprecated field","last_run_time":"deprecated field","last_run_status":"deprecated field","last_run_status_timestamp":0,"future_scheduled_runs":[],"enable_notifications":true,"project_name":"Customer-MDM","asset_ref":"8fc5e6ca-b83c-469f-8958-7d98cba2320b","schedule_id":"","schedule_creator_id":""}}}