{"metadata":{"asset_id":"793a9249-523b-43f3-8bc1-be31f053ec20","asset_attributes":["job"],"name":"Job_plMain_Inbound_Schedule_BAZAARVOICE_1Of2","asset_type":"job","created_at":"2024-09-03T19:52:52Z","description":"","origin_country":"us","owner_id":"1000331044","project_id":"11a0e63f-f198-416b-b25b-e0ec10bd4a44","size":0,"usage":{"last_update_time":1729794379395,"last_updated_at":"2024-10-24T18:26:19Z"}},"entity":{"job":{"asset_ref_type":"orchestration_flow","configuration":{"version":"0b9a9d79-c905-4138-bb23-8315224b2bd2-0","env_type":"","env_variables":[]},"last_run_initiator":"deprecated field","last_run_time":"deprecated field","last_run_status":"deprecated field","last_run_status_timestamp":0,"future_scheduled_runs":["2024-10-29T13:00:00.000Z","2024-11-05T13:00:00.000Z","2024-11-12T13:00:00.000Z","2024-11-19T13:00:00.000Z","2024-11-26T13:00:00.000Z","2024-12-03T13:00:00.000Z","2024-12-10T13:00:00.000Z","2024-12-17T13:00:00.000Z","2024-12-24T13:00:00.000Z","2024-12-31T13:00:00.000Z"],"enable_notifications":true,"project_name":"Customer-MDM","asset_ref":"0b9a9d79-c905-4138-bb23-8315224b2bd2","job_parameters":[{"name":"SourceName","value":"BAZAARVOICE"},{"name":"RecordType","value":"PERSON"}],"schedule_id":"34299848-fd2a-4cb9-8857-e5b47e3df7f7","schedule_creator_id":"1000331044","schedule":"0 13 * * 2","schedule_info":{"startOn":1729796400000,"repeat":true}}}}