{"metadata":{"asset_id":"7051e64f-b6d3-420e-8598-cdc42af6a6d4","asset_attributes":["job"],"name":"GIGYA_IL_PI_2 job","asset_type":"job","created_at":"2024-06-25T20:38:59Z","description":"","origin_country":"us","owner_id":"1000331142","project_id":"11a0e63f-f198-416b-b25b-e0ec10bd4a44","size":0,"usage":{"last_update_time":1719347939412,"last_updated_at":"2024-06-25T20:38:59Z"}},"entity":{"job":{"asset_ref_type":"metadata_import","configuration":{"env_type":"","env_variables":[]},"last_run_initiator":"deprecated field","last_run_time":"deprecated field","last_run_status":"deprecated field","last_run_status_timestamp":0,"future_scheduled_runs":[],"enable_notifications":true,"project_name":"Customer-MDM","asset_ref":"7a153788-a763-4038-b541-192691d00111","schedule_id":"","schedule_creator_id":""}}}