{"metadata":{"asset_id":"4fe8dc2b-39d0-43c1-859e-e04251cf8c90","asset_attributes":["job"],"name":"job_plMain_Inbound_Schedule_MYSIGNUPS_ORG_1of2","asset_type":"job","created_at":"2024-05-09T14:44:57Z","description":"","origin_country":"us","owner_id":"1000331044","project_id":"11a0e63f-f198-416b-b25b-e0ec10bd4a44","size":0,"usage":{"last_update_time":1729873802966,"last_updated_at":"2024-10-25T16:30:02Z"}},"entity":{"job":{"asset_ref_type":"orchestration_flow","configuration":{"version":"1b2fbd3a-dc9e-474b-a3ba-0f774dbe1d7f-0","env_type":"","env_variables":[]},"last_run_initiator":"deprecated field","last_run_time":"deprecated field","last_run_status":"deprecated field","last_run_status_timestamp":0,"future_scheduled_runs":["2024-10-26T16:30:00.000Z","2024-10-27T16:30:00.000Z","2024-10-28T16:30:00.000Z","2024-10-29T16:30:00.000Z","2024-10-30T16:30:00.000Z","2024-10-31T16:30:00.000Z","2024-11-01T16:30:00.000Z","2024-11-02T16:30:00.000Z","2024-11-03T16:30:00.000Z","2024-11-04T16:30:00.000Z"],"enable_notifications":true,"project_name":"Customer-MDM","asset_ref":"1b2fbd3a-dc9e-474b-a3ba-0f774dbe1d7f","job_parameters":[{"name":"SourceName","value":"MY SIGNUPS"},{"name":"RecordType","value":"ORG,ORGANIZATION_ACCOUNT"}],"schedule_id":"e8b0a3e4-cd04-4429-95d0-f8c16da7b063","schedule_creator_id":"1000331044","schedule":"30 16 * * *","schedule_info":{"startOn":1729798200000,"repeat":true}}}}