{"metadata":{"asset_id":"f7bf0d04-51c7-4936-bcdd-c1386308ea5f","asset_attributes":["job"],"name":"job_plMain_Inbound_Schedule_FPOS_2of2","asset_type":"job","created_at":"2024-09-04T13:23:09Z","description":"","origin_country":"us","owner_id":"1000331044","project_id":"11a0e63f-f198-416b-b25b-e0ec10bd4a44","size":0,"usage":{"last_update_time":1729900815932,"last_updated_at":"2024-10-26T00:00:15Z"}},"entity":{"job":{"asset_ref_type":"orchestration_flow","configuration":{"version":"83059f6c-42ff-439a-aef5-97c376d6e41f-0","env_type":"","env_variables":[]},"last_run_initiator":"deprecated field","last_run_time":"deprecated field","last_run_status":"deprecated field","last_run_status_timestamp":0,"future_scheduled_runs":["2024-10-27T00:00:00.000Z","2024-10-28T00:00:00.000Z","2024-10-29T00:00:00.000Z","2024-10-30T00:00:00.000Z","2024-10-31T00:00:00.000Z","2024-11-01T00:00:00.000Z","2024-11-02T00:00:00.000Z","2024-11-03T00:00:00.000Z","2024-11-04T00:00:00.000Z","2024-11-05T00:00:00.000Z"],"enable_notifications":true,"project_name":"Customer-MDM","asset_ref":"83059f6c-42ff-439a-aef5-97c376d6e41f","job_parameters":[{"name":"SourceName","value":"FPOS"},{"name":"RecordType","value":"PERSON,PERSON_ACCOUNT,PERSON_COMMUNICATION_CONSENT"}],"schedule_id":"4b0969ce-b22a-4b71-ac51-076d2b91050c","schedule_creator_id":"1000331044","schedule":"0 0 * * *","schedule_info":{"startOn":1729796400000,"repeat":true}}}}