{"metadata":{"asset_id":"067dbc14-4a19-4cf9-a5bb-c12fea6cc5e9","asset_attributes":["job"],"name":"EPSILON_IL_PERSON_COMMUNICATION_CONSENT_4_2 job","asset_type":"job","created_at":"2024-10-10T14:36:02Z","description":"","origin_country":"us","owner_id":"1000331142","project_id":"11a0e63f-f198-416b-b25b-e0ec10bd4a44","size":0,"usage":{"last_update_time":1728570962801,"last_updated_at":"2024-10-10T14:36:02Z"}},"entity":{"job":{"asset_ref_type":"metadata_import","configuration":{"env_type":"","env_variables":[]},"last_run_initiator":"deprecated field","last_run_time":"deprecated field","last_run_status":"deprecated field","last_run_status_timestamp":0,"future_scheduled_runs":[],"enable_notifications":true,"project_name":"Customer-MDM","asset_ref":"5c1752a1-7748-49e2-b5d0-2ea271b288a0","schedule_id":"","schedule_creator_id":""}}}