{"metadata":{"asset_id":"c26f3324-d5da-4873-984f-c0a1b2d72a28","asset_attributes":["job"],"name":"EPSILON_IL_PERSON_6_1 job","asset_type":"job","created_at":"2024-10-13T00:19:36Z","description":"","origin_country":"us","owner_id":"1000331142","project_id":"11a0e63f-f198-416b-b25b-e0ec10bd4a44","size":0,"usage":{"last_update_time":1728778776742,"last_updated_at":"2024-10-13T00:19:36Z"}},"entity":{"job":{"asset_ref_type":"metadata_import","configuration":{"env_type":"","env_variables":[]},"last_run_initiator":"deprecated field","last_run_time":"deprecated field","last_run_status":"deprecated field","last_run_status_timestamp":0,"future_scheduled_runs":[],"enable_notifications":true,"project_name":"Customer-MDM","asset_ref":"240a771a-91f5-4c00-989b-ab5399c19c97","schedule_id":"","schedule_creator_id":""}}}