{"metadata":{"asset_id":"9b8a3213-7517-4218-ab39-4a11137a029b","asset_attributes":["job"],"name":"EPSILON_IL_PERSON_10 job","asset_type":"job","created_at":"2024-09-26T20:57:40Z","description":"","origin_country":"us","owner_id":"1000331142","project_id":"11a0e63f-f198-416b-b25b-e0ec10bd4a44","size":0,"usage":{"last_update_time":1727384260550,"last_updated_at":"2024-09-26T20:57:40Z"}},"entity":{"job":{"asset_ref_type":"metadata_import","configuration":{"env_type":"","env_variables":[]},"last_run_initiator":"deprecated field","last_run_time":"deprecated field","last_run_status":"deprecated field","last_run_status_timestamp":0,"future_scheduled_runs":[],"enable_notifications":true,"project_name":"Customer-MDM","asset_ref":"f44c4ed2-c92b-4f4f-bf5e-114dfb71d083","schedule_id":"","schedule_creator_id":""}}}