{"metadata":{"asset_id":"263e6593-e886-4f08-bdca-de24dc1d8c53","asset_attributes":["job"],"name":"EPSILON_IL_PERSON_COMMUNICATION_CONSENT_18 job","asset_type":"job","created_at":"2024-09-30T16:54:50Z","description":"","origin_country":"us","owner_id":"1000331142","project_id":"11a0e63f-f198-416b-b25b-e0ec10bd4a44","size":0,"usage":{"last_update_time":1727715290414,"last_updated_at":"2024-09-30T16:54:50Z"}},"entity":{"job":{"asset_ref_type":"metadata_import","configuration":{"env_type":"","env_variables":[]},"last_run_initiator":"deprecated field","last_run_time":"deprecated field","last_run_status":"deprecated field","last_run_status_timestamp":0,"future_scheduled_runs":[],"enable_notifications":true,"project_name":"Customer-MDM","asset_ref":"8f4c1bb2-2e99-4d88-8852-0727d1209b34","schedule_id":"","schedule_creator_id":""}}}