{"metadata":{"asset_id":"1d059937-bf9a-4b51-a366-afe5d0524300","asset_attributes":["job"],"name":"Job_plMain_Inbound_Schedule_GCP_2Of2","asset_type":"job","created_at":"2024-09-03T19:58:20Z","description":"","origin_country":"us","owner_id":"1000331044","project_id":"11a0e63f-f198-416b-b25b-e0ec10bd4a44","size":0,"usage":{"last_update_time":1729821602503,"last_updated_at":"2024-10-25T02:00:02Z"}},"entity":{"job":{"asset_ref_type":"orchestration_flow","configuration":{"version":"3b57655a-dc97-4af4-b2ca-a739b9c409c3-0","env_type":"","env_variables":[]},"last_run_initiator":"deprecated field","last_run_time":"deprecated field","last_run_status":"deprecated field","last_run_status_timestamp":0,"future_scheduled_runs":["2024-10-26T02:00:00.000Z","2024-10-27T02:00:00.000Z","2024-10-28T02:00:00.000Z","2024-10-29T02:00:00.000Z","2024-10-30T02:00:00.000Z","2024-10-31T02:00:00.000Z","2024-11-01T02:00:00.000Z","2024-11-02T02:00:00.000Z","2024-11-03T02:00:00.000Z","2024-11-04T02:00:00.000Z"],"enable_notifications":true,"project_name":"Customer-MDM","asset_ref":"3b57655a-dc97-4af4-b2ca-a739b9c409c3","job_parameters":[{"name":"SourceName","value":"GCP LCU"},{"name":"RecordType","value":"PERSON,PERSON_COMMUNICATION_CONSENT,PERSON_BEHAVIOUR"}],"schedule_id":"c39fab64-8bfb-4b2d-a2ab-07e2c7886739","schedule_creator_id":"1000331044","schedule":"0 2 * * *","schedule_info":{"startOn":1729796400000,"repeat":true}}}}