{"metadata":{"asset_id":"e075e5ad-59dd-4892-af0f-98c864e286d2","asset_attributes":["job"],"name":"MPOS_IL_PERSON_MDI_New job","asset_type":"job","created_at":"2024-10-23T17:18:00Z","description":"","origin_country":"us","owner_id":"1000331636","project_id":"11a0e63f-f198-416b-b25b-e0ec10bd4a44","size":0,"usage":{"last_update_time":1729703880268,"last_updated_at":"2024-10-23T17:18:00Z"}},"entity":{"job":{"asset_ref_type":"metadata_import","configuration":{"env_type":"","env_variables":[]},"last_run_initiator":"deprecated field","last_run_time":"deprecated field","last_run_status":"deprecated field","last_run_status_timestamp":0,"future_scheduled_runs":[],"enable_notifications":true,"project_name":"Customer-MDM","asset_ref":"5ffcdfd1-a152-4f38-a339-17a9687792ed","schedule_id":"","schedule_creator_id":""}}}