{"metadata":{"asset_id":"0cfddd33-8d67-4312-aaa0-0d5e67bc0608","asset_attributes":["job"],"name":"GIGYA_IL_PI_5 job","asset_type":"job","created_at":"2024-06-25T20:35:56Z","description":"","origin_country":"us","owner_id":"1000331142","project_id":"11a0e63f-f198-416b-b25b-e0ec10bd4a44","size":0,"usage":{"last_update_time":1719347756806,"last_updated_at":"2024-06-25T20:35:56Z"}},"entity":{"job":{"asset_ref_type":"metadata_import","configuration":{"env_type":"","env_variables":[]},"last_run_initiator":"deprecated field","last_run_time":"deprecated field","last_run_status":"deprecated field","last_run_status_timestamp":0,"future_scheduled_runs":[],"enable_notifications":true,"project_name":"Customer-MDM","asset_ref":"99365b1f-432f-43a3-b8b0-8a274b8c0cdd","schedule_id":"","schedule_creator_id":""}}}