{"metadata":{"asset_id":"18d3d237-c9c7-4342-86e9-928423ad5f79","asset_attributes":["job"],"name":"Outbound_Initial_Person_Account.DataStage job","asset_type":"job","created_at":"2024-07-09T00:31:18Z","origin_country":"us","owner_id":"1000331142","project_id":"11a0e63f-f198-416b-b25b-e0ec10bd4a44","size":0,"usage":{"last_update_time":1720579024333,"last_updated_at":"2024-07-10T02:37:04Z"}},"entity":{"job":{"asset_ref_type":"data_intg_flow","configuration":{"env_variables":[],"flow_limits":{"warn_limit":0},"runPriorityQueue":"High","env_id":"128d5608-cdfc-42dc-89ea-fc897ffbf806","env_type":"datastage"},"last_run_initiator":"deprecated field","last_run_time":"deprecated field","last_run_status":"deprecated field","last_run_status_timestamp":0,"future_scheduled_runs":[],"enable_notifications":true,"project_name":"Customer-MDM","asset_ref":"9c28fcb5-dd16-4a8f-ab89-e1d0e67a9523","job_parameters":[],"parameter_sets":[],"schedule_id":"","schedule_creator_id":"","retention_policy":{}}}}