{"metadata":{"asset_id":"97ba094f-34a8-47a9-a118-f650755357c4","asset_attributes":["job"],"name":"EPSILON_IL_PERSON_7 job","asset_type":"job","created_at":"2024-09-26T20:53:13Z","description":"","origin_country":"us","owner_id":"1000331142","project_id":"11a0e63f-f198-416b-b25b-e0ec10bd4a44","size":0,"usage":{"last_update_time":1727383993348,"last_updated_at":"2024-09-26T20:53:13Z"}},"entity":{"job":{"asset_ref_type":"metadata_import","configuration":{"env_type":"","env_variables":[]},"last_run_initiator":"deprecated field","last_run_time":"deprecated field","last_run_status":"deprecated field","last_run_status_timestamp":0,"future_scheduled_runs":[],"enable_notifications":true,"project_name":"Customer-MDM","asset_ref":"08a5a47e-2d78-4f9b-9973-eeead39b3a39","schedule_id":"","schedule_creator_id":""}}}