{"metadata":{"asset_id":"14da7f4d-ad19-4af4-8c3b-0b8f2ebaef6b","asset_attributes":["job"],"name":"EPSILON_IL_PERSON_COMMUNICATION_CONSENT_6_2 job","asset_type":"job","created_at":"2024-10-10T15:01:28Z","description":"","origin_country":"us","owner_id":"1000331142","project_id":"11a0e63f-f198-416b-b25b-e0ec10bd4a44","size":0,"usage":{"last_update_time":1728572488068,"last_updated_at":"2024-10-10T15:01:28Z"}},"entity":{"job":{"asset_ref_type":"metadata_import","configuration":{"env_type":"","env_variables":[]},"last_run_initiator":"deprecated field","last_run_time":"deprecated field","last_run_status":"deprecated field","last_run_status_timestamp":0,"future_scheduled_runs":[],"enable_notifications":true,"project_name":"Customer-MDM","asset_ref":"0e99c1cd-4d92-450c-b0f7-4cf8acf83acf","schedule_id":"","schedule_creator_id":""}}}