{"metadata":{"asset_id":"64670844-bca4-467c-8866-5b4de2a9a99c","asset_attributes":["job"],"name":"EPSILON_IL_PERSON_9_2 job","asset_type":"job","created_at":"2024-10-14T00:11:05Z","description":"","origin_country":"us","owner_id":"1000331142","project_id":"11a0e63f-f198-416b-b25b-e0ec10bd4a44","size":0,"usage":{"last_update_time":1728864665965,"last_updated_at":"2024-10-14T00:11:05Z"}},"entity":{"job":{"asset_ref_type":"metadata_import","configuration":{"env_type":"","env_variables":[]},"last_run_initiator":"deprecated field","last_run_time":"deprecated field","last_run_status":"deprecated field","last_run_status_timestamp":0,"future_scheduled_runs":[],"enable_notifications":true,"project_name":"Customer-MDM","asset_ref":"034e1682-b259-44d5-bd8a-5abc042700fd","schedule_id":"","schedule_creator_id":""}}}