{"metadata":{"asset_id":"bf8909be-541d-4310-99b2-40b6107433e6","asset_attributes":["job"],"name":"EPSILON_IL_PERSON_COMMUNICATION_CONSENT_8_2 job","asset_type":"job","created_at":"2024-10-10T15:07:15Z","description":"","origin_country":"us","owner_id":"1000331142","project_id":"11a0e63f-f198-416b-b25b-e0ec10bd4a44","size":0,"usage":{"last_update_time":1728572835267,"last_updated_at":"2024-10-10T15:07:15Z"}},"entity":{"job":{"asset_ref_type":"metadata_import","configuration":{"env_type":"","env_variables":[]},"last_run_initiator":"deprecated field","last_run_time":"deprecated field","last_run_status":"deprecated field","last_run_status_timestamp":0,"future_scheduled_runs":[],"enable_notifications":true,"project_name":"Customer-MDM","asset_ref":"4304a194-b0ca-446d-a6fa-2b834e695494","schedule_id":"","schedule_creator_id":""}}}