{"metadata":{"asset_id":"23d6a149-4cc3-4998-afc2-31b3a15f459a","asset_attributes":["job"],"name":"XPOS_PERSON_ACCOUNT_1 job","asset_type":"job","created_at":"2024-05-10T16:37:09Z","description":"","origin_country":"us","owner_id":"1000331044","project_id":"11a0e63f-f198-416b-b25b-e0ec10bd4a44","size":0,"usage":{"last_update_time":1715359029039,"last_updated_at":"2024-05-10T16:37:09Z"}},"entity":{"job":{"asset_ref_type":"metadata_import","configuration":{"env_type":"","env_variables":[]},"last_run_initiator":"deprecated field","last_run_time":"deprecated field","last_run_status":"deprecated field","last_run_status_timestamp":0,"future_scheduled_runs":[],"enable_notifications":true,"project_name":"Customer-MDM","asset_ref":"40eeb943-70e9-4b53-8ae5-c184c044fe86","schedule_id":"","schedule_creator_id":""}}}