{"metadata":{"asset_id":"d8d447cd-4f60-4f12-8a84-91731e82eb7f","asset_attributes":["job"],"name":"EPSILON_IL_PERSON_6 job","asset_type":"job","created_at":"2024-09-26T20:51:57Z","description":"","origin_country":"us","owner_id":"1000331142","project_id":"11a0e63f-f198-416b-b25b-e0ec10bd4a44","size":0,"usage":{"last_update_time":1727383917806,"last_updated_at":"2024-09-26T20:51:57Z"}},"entity":{"job":{"asset_ref_type":"metadata_import","configuration":{"env_type":"","env_variables":[]},"last_run_initiator":"deprecated field","last_run_time":"deprecated field","last_run_status":"deprecated field","last_run_status_timestamp":0,"future_scheduled_runs":[],"enable_notifications":true,"project_name":"Customer-MDM","asset_ref":"b0acf71c-fdca-4055-93b6-fda33fcdac60","schedule_id":"","schedule_creator_id":""}}}