{"metadata":{"asset_id":"f3613c4d-890d-4089-9541-80cf4bc07d86","asset_attributes":["job"],"name":"Outbound_Initial_Person_Comm_Consent.DataStage job","asset_type":"job","created_at":"2024-07-09T00:35:27Z","origin_country":"us","owner_id":"1000331142","project_id":"11a0e63f-f198-416b-b25b-e0ec10bd4a44","size":0,"usage":{"last_update_time":1721317001769,"last_updated_at":"2024-07-18T15:36:41Z"}},"entity":{"job":{"asset_ref_type":"data_intg_flow","configuration":{"env_variables":[],"flow_limits":{"warn_limit":0},"runPriorityQueue":"Low","env_id":"8c36c74a-f485-4333-8fe1-445130090bce","env_type":"datastage"},"last_run_initiator":"deprecated field","last_run_time":"deprecated field","last_run_status":"deprecated field","last_run_status_timestamp":0,"future_scheduled_runs":[],"enable_notifications":true,"project_name":"Customer-MDM","asset_ref":"e67dc79d-8795-492b-8cde-cf7fb6b8d332","job_parameters":[],"parameter_sets":[],"schedule_id":"","schedule_creator_id":"","retention_policy":{}}}}