{"metadata":{"asset_id":"ec06b28e-5da7-4d96-8dbc-62e21c143fc9","asset_attributes":["job"],"name":"EPSILON_IL_PERSON_COMMUNICATION_CONSENT_4_1 job","asset_type":"job","created_at":"2024-10-10T14:34:47Z","description":"","origin_country":"us","owner_id":"1000331142","project_id":"11a0e63f-f198-416b-b25b-e0ec10bd4a44","size":0,"usage":{"last_update_time":1728570887220,"last_updated_at":"2024-10-10T14:34:47Z"}},"entity":{"job":{"asset_ref_type":"metadata_import","configuration":{"env_type":"","env_variables":[]},"last_run_initiator":"deprecated field","last_run_time":"deprecated field","last_run_status":"deprecated field","last_run_status_timestamp":0,"future_scheduled_runs":[],"enable_notifications":true,"project_name":"Customer-MDM","asset_ref":"2e7f6642-646a-457b-8ebb-e9fabfa45e9b","schedule_id":"","schedule_creator_id":""}}}