{"metadata":{"asset_id":"6e085874-49ea-4d2b-b211-75c89d21b43e","asset_attributes":["job"],"name":"GIGYA_IL_PC_9 job","asset_type":"job","created_at":"2024-06-25T20:25:34Z","description":"","origin_country":"us","owner_id":"1000331142","project_id":"11a0e63f-f198-416b-b25b-e0ec10bd4a44","size":0,"usage":{"last_update_time":1719347134399,"last_updated_at":"2024-06-25T20:25:34Z"}},"entity":{"job":{"asset_ref_type":"metadata_import","configuration":{"env_type":"","env_variables":[]},"last_run_initiator":"deprecated field","last_run_time":"deprecated field","last_run_status":"deprecated field","last_run_status_timestamp":0,"future_scheduled_runs":[],"enable_notifications":true,"project_name":"Customer-MDM","asset_ref":"642eca81-3d3f-41c3-ac29-fa6971bdd121","schedule_id":"","schedule_creator_id":""}}}