{"metadata":{"asset_id":"864f055a-95d9-4bcb-801e-98593c7aa677","asset_attributes":["job"],"name":"GIGYA_IL_PC_16 job","asset_type":"job","created_at":"2024-06-25T20:09:24Z","description":"","origin_country":"us","owner_id":"1000331142","project_id":"11a0e63f-f198-416b-b25b-e0ec10bd4a44","size":0,"usage":{"last_update_time":1719346164503,"last_updated_at":"2024-06-25T20:09:24Z"}},"entity":{"job":{"asset_ref_type":"metadata_import","configuration":{"env_type":"","env_variables":[]},"last_run_initiator":"deprecated field","last_run_time":"deprecated field","last_run_status":"deprecated field","last_run_status_timestamp":0,"future_scheduled_runs":[],"enable_notifications":true,"project_name":"Customer-MDM","asset_ref":"9faa0d45-5c3f-4ff7-8dcc-5a9541ad2716","schedule_id":"","schedule_creator_id":""}}}