{"metadata":{"asset_id":"87ae523c-8fad-46dd-8cf3-c2cec007361d","asset_attributes":["job"],"name":"GIGYA_IL_PC_12 job","asset_type":"job","created_at":"2024-06-25T20:14:02Z","description":"","origin_country":"us","owner_id":"1000331142","project_id":"11a0e63f-f198-416b-b25b-e0ec10bd4a44","size":0,"usage":{"last_update_time":1719346442904,"last_updated_at":"2024-06-25T20:14:02Z"}},"entity":{"job":{"asset_ref_type":"metadata_import","configuration":{"env_type":"","env_variables":[]},"last_run_initiator":"deprecated field","last_run_time":"deprecated field","last_run_status":"deprecated field","last_run_status_timestamp":0,"future_scheduled_runs":[],"enable_notifications":true,"project_name":"Customer-MDM","asset_ref":"f7d9b8d3-7954-48d8-a536-1811c8c92308","schedule_id":"","schedule_creator_id":""}}}