{"metadata":{"asset_id":"77203eec-8c83-4d26-92e4-117b14a918b0","asset_attributes":["job"],"name":"job_plMain_Inbound_Schedule_ALIDA_1of2","asset_type":"job","created_at":"2024-06-06T15:35:52Z","description":"","origin_country":"us","owner_id":"1000331044","project_id":"11a0e63f-f198-416b-b25b-e0ec10bd4a44","size":0,"usage":{"last_update_time":1717688152447,"last_updated_at":"2024-06-06T15:35:52Z"}},"entity":{"job":{"asset_ref_type":"orchestration_flow","configuration":{"version":"4f50530d-c1cc-45fa-815b-2c2c22b0ddb3-0","env_type":"","env_variables":[]},"last_run_initiator":"deprecated field","last_run_time":"deprecated field","last_run_status":"deprecated field","last_run_status_timestamp":0,"future_scheduled_runs":[],"enable_notifications":true,"project_name":"Customer-MDM","asset_ref":"4f50530d-c1cc-45fa-815b-2c2c22b0ddb3","job_parameters":[{"name":"SourceName","value":"ALIDA"},{"name":"RecordType","value":"PERSON,PERSON_ACCOUNT"}],"schedule_id":"","schedule_creator_id":""}}}