{"metadata":{"asset_id":"634a2b87-4315-4bc5-9fcb-2780db3a8e00","asset_attributes":["job"],"name":"EPSILON_IL_PERSON_17_1 job","asset_type":"job","created_at":"2024-10-14T00:50:46Z","description":"","origin_country":"us","owner_id":"1000331142","project_id":"11a0e63f-f198-416b-b25b-e0ec10bd4a44","size":0,"usage":{"last_update_time":1728867046692,"last_updated_at":"2024-10-14T00:50:46Z"}},"entity":{"job":{"asset_ref_type":"metadata_import","configuration":{"env_type":"","env_variables":[]},"last_run_initiator":"deprecated field","last_run_time":"deprecated field","last_run_status":"deprecated field","last_run_status_timestamp":0,"future_scheduled_runs":[],"enable_notifications":true,"project_name":"Customer-MDM","asset_ref":"5a5be956-3c36-45e8-9dd3-037b7bd870ad","schedule_id":"","schedule_creator_id":""}}}