{"metadata":{"asset_id":"c089a998-1e09-42bf-8aed-17937aebab8c","asset_attributes":["job"],"name":"GIGYA_IL_PC_21 job","asset_type":"job","created_at":"2024-06-25T20:03:44Z","description":"","origin_country":"us","owner_id":"1000331142","project_id":"11a0e63f-f198-416b-b25b-e0ec10bd4a44","size":0,"usage":{"last_update_time":1719345824565,"last_updated_at":"2024-06-25T20:03:44Z"}},"entity":{"job":{"asset_ref_type":"metadata_import","configuration":{"env_type":"","env_variables":[]},"last_run_initiator":"deprecated field","last_run_time":"deprecated field","last_run_status":"deprecated field","last_run_status_timestamp":0,"future_scheduled_runs":[],"enable_notifications":true,"project_name":"Customer-MDM","asset_ref":"c921bd00-387c-4ded-8e2a-5bdb9b10eb83","schedule_id":"","schedule_creator_id":""}}}