{"metadata":{"asset_id":"152f19d6-5964-40dc-887a-a07e7a8e240d","asset_attributes":["job"],"name":"EPSILON_IL_PERSON_COMMUNICATION_CONSENT_17_2 job","asset_type":"job","created_at":"2024-10-10T22:01:54Z","description":"","origin_country":"us","owner_id":"1000331142","project_id":"11a0e63f-f198-416b-b25b-e0ec10bd4a44","size":0,"usage":{"last_update_time":1728597714115,"last_updated_at":"2024-10-10T22:01:54Z"}},"entity":{"job":{"asset_ref_type":"metadata_import","configuration":{"env_type":"","env_variables":[]},"last_run_initiator":"deprecated field","last_run_time":"deprecated field","last_run_status":"deprecated field","last_run_status_timestamp":0,"future_scheduled_runs":[],"enable_notifications":true,"project_name":"Customer-MDM","asset_ref":"75cdea06-c0ad-46cc-8f6c-98e6b64201bb","schedule_id":"","schedule_creator_id":""}}}