{"metadata":{"asset_id":"175b47a5-c269-4396-95c0-267467882cdf","asset_attributes":["job"],"name":"EPSILON_IL_PERSON_COMMUNICATION_CONSENT_7_1 job","asset_type":"job","created_at":"2024-10-10T15:02:48Z","description":"","origin_country":"us","owner_id":"1000331142","project_id":"11a0e63f-f198-416b-b25b-e0ec10bd4a44","size":0,"usage":{"last_update_time":1728572568592,"last_updated_at":"2024-10-10T15:02:48Z"}},"entity":{"job":{"asset_ref_type":"metadata_import","configuration":{"env_type":"","env_variables":[]},"last_run_initiator":"deprecated field","last_run_time":"deprecated field","last_run_status":"deprecated field","last_run_status_timestamp":0,"future_scheduled_runs":[],"enable_notifications":true,"project_name":"Customer-MDM","asset_ref":"d8ed73fd-9e54-4f6c-b45f-8a6a52fcaa21","schedule_id":"","schedule_creator_id":""}}}