{"metadata":{"asset_id":"8f5dcfe8-4c88-48b0-9481-35042e2b8de6","asset_attributes":["job"],"name":"job_plMain_Inbound_Schedule_MYSIGNUPS_2of2","asset_type":"job","created_at":"2024-05-09T14:48:41Z","description":"","origin_country":"us","owner_id":"1000331044","project_id":"11a0e63f-f198-416b-b25b-e0ec10bd4a44","size":0,"usage":{"last_update_time":1729898428625,"last_updated_at":"2024-10-25T23:20:28Z"}},"entity":{"job":{"asset_ref_type":"orchestration_flow","configuration":{"version":"8c2ba98c-680b-4af2-8bd6-275da219ae67-0","env_type":"","env_variables":[]},"last_run_initiator":"deprecated field","last_run_time":"deprecated field","last_run_status":"deprecated field","last_run_status_timestamp":0,"future_scheduled_runs":["2024-10-26T23:20:00.000Z","2024-10-27T23:20:00.000Z","2024-10-28T23:20:00.000Z","2024-10-29T23:20:00.000Z","2024-10-30T23:20:00.000Z","2024-10-31T23:20:00.000Z","2024-11-01T23:20:00.000Z","2024-11-02T23:20:00.000Z","2024-11-03T23:20:00.000Z","2024-11-04T23:20:00.000Z"],"enable_notifications":true,"project_name":"Customer-MDM","asset_ref":"8c2ba98c-680b-4af2-8bd6-275da219ae67","job_parameters":[{"name":"SourceName","value":"MY SIGNUPS"},{"name":"RecordType","value":"PERSON"}],"schedule_id":"a28c06fa-4296-49f5-b03e-4cbf589b20f2","schedule_creator_id":"1000331044","schedule":"20 23 * * *","schedule_info":{"startOn":1729798200000,"repeat":true}}}}