{"metadata":{"asset_id":"fd949b88-5f6f-41fe-b84c-333a9072c5d6","asset_attributes":["job"],"name":"EPSILON_IL_PERSON_1_2 job","asset_type":"job","created_at":"2024-10-12T23:13:26Z","description":"","origin_country":"us","owner_id":"1000331142","project_id":"11a0e63f-f198-416b-b25b-e0ec10bd4a44","size":0,"usage":{"last_update_time":1728774806068,"last_updated_at":"2024-10-12T23:13:26Z"}},"entity":{"job":{"asset_ref_type":"metadata_import","configuration":{"env_type":"","env_variables":[]},"last_run_initiator":"deprecated field","last_run_time":"deprecated field","last_run_status":"deprecated field","last_run_status_timestamp":0,"future_scheduled_runs":[],"enable_notifications":true,"project_name":"Customer-MDM","asset_ref":"221bc0df-0a91-4077-9316-2bbdb96889b0","schedule_id":"","schedule_creator_id":""}}}