{"metadata":{"asset_id":"3dc33a7c-3694-4039-ae26-c55345ee0781","asset_attributes":["job"],"name":"EPSILON_IL_PERSON_COMMUNICATION_CONSENT_16_1 job","asset_type":"job","created_at":"2024-10-10T21:58:15Z","description":"","origin_country":"us","owner_id":"1000331142","project_id":"11a0e63f-f198-416b-b25b-e0ec10bd4a44","size":0,"usage":{"last_update_time":1728597495073,"last_updated_at":"2024-10-10T21:58:15Z"}},"entity":{"job":{"asset_ref_type":"metadata_import","configuration":{"env_type":"","env_variables":[]},"last_run_initiator":"deprecated field","last_run_time":"deprecated field","last_run_status":"deprecated field","last_run_status_timestamp":0,"future_scheduled_runs":[],"enable_notifications":true,"project_name":"Customer-MDM","asset_ref":"18c511e8-707b-4468-9495-5497da91d4b1","schedule_id":"","schedule_creator_id":""}}}