{"metadata":{"asset_id":"febcc4c9-cd39-4ee0-b843-c3ae9d063336","asset_attributes":["job"],"name":"EPSILON_IL_PERSON_5 job","asset_type":"job","created_at":"2024-09-26T20:50:52Z","description":"","origin_country":"us","owner_id":"1000331142","project_id":"11a0e63f-f198-416b-b25b-e0ec10bd4a44","size":0,"usage":{"last_update_time":1727383852633,"last_updated_at":"2024-09-26T20:50:52Z"}},"entity":{"job":{"asset_ref_type":"metadata_import","configuration":{"env_type":"","env_variables":[]},"last_run_initiator":"deprecated field","last_run_time":"deprecated field","last_run_status":"deprecated field","last_run_status_timestamp":0,"future_scheduled_runs":[],"enable_notifications":true,"project_name":"Customer-MDM","asset_ref":"3746351d-f9c5-4118-b15a-47c2c639086f","schedule_id":"","schedule_creator_id":""}}}