{"metadata":{"asset_id":"b9d73df7-5db0-46e5-9dbe-8fa31c954b98","asset_attributes":["job"],"name":"XPOS_PERSON_COMMUNICATION_CONSENT_2 job","asset_type":"job","created_at":"2024-05-10T16:30:11Z","description":"","origin_country":"us","owner_id":"1000331044","project_id":"11a0e63f-f198-416b-b25b-e0ec10bd4a44","size":0,"usage":{"last_update_time":1715358611137,"last_updated_at":"2024-05-10T16:30:11Z"}},"entity":{"job":{"asset_ref_type":"metadata_import","configuration":{"env_type":"","env_variables":[]},"last_run_initiator":"deprecated field","last_run_time":"deprecated field","last_run_status":"deprecated field","last_run_status_timestamp":0,"future_scheduled_runs":[],"enable_notifications":true,"project_name":"Customer-MDM","asset_ref":"2d959860-8153-4d80-b31d-fe26a72a3408","schedule_id":"","schedule_creator_id":""}}}