{"metadata":{"asset_id":"84360d15-d6f4-49f4-9415-d393fbf150a0","asset_attributes":["job"],"name":"Job_plMain_Inbound_Schedule_SHOPIFY_1Of2","asset_type":"job","created_at":"2024-09-03T19:55:06Z","description":"","origin_country":"us","owner_id":"1000331044","project_id":"11a0e63f-f198-416b-b25b-e0ec10bd4a44","size":0,"usage":{"last_update_time":1729794727262,"last_updated_at":"2024-10-24T18:32:07Z"}},"entity":{"job":{"asset_ref_type":"orchestration_flow","configuration":{"version":"56797ab9-89f8-4f0c-aa7a-ee9295e82f1d-0","env_type":"","env_variables":[]},"last_run_initiator":"deprecated field","last_run_time":"deprecated field","last_run_status":"deprecated field","last_run_status_timestamp":0,"future_scheduled_runs":["2024-10-29T19:00:00.000Z","2024-11-05T19:00:00.000Z","2024-11-12T19:00:00.000Z","2024-11-19T19:00:00.000Z","2024-11-26T19:00:00.000Z","2024-12-03T19:00:00.000Z","2024-12-10T19:00:00.000Z","2024-12-17T19:00:00.000Z","2024-12-24T19:00:00.000Z","2024-12-31T19:00:00.000Z"],"enable_notifications":true,"project_name":"Customer-MDM","asset_ref":"56797ab9-89f8-4f0c-aa7a-ee9295e82f1d","job_parameters":[{"name":"SourceName","value":"SHOPIFY"},{"name":"RecordType","value":"PERSON,PERSON_ACCOUNT,PERSON_COMMUNICATION_CONSENT"}],"schedule_id":"fe34742a-4a91-4a12-a756-5924a670ec9e","schedule_creator_id":"1000331044","schedule":"0 19 * * 2","schedule_info":{"startOn":1729796400000,"repeat":true}}}}