{"metadata":{"asset_id":"cb2b2f8c-77ae-4d20-952c-5a73d25a4539","asset_attributes":["job"],"name":"MPOS_IL_PERSON_6 job","asset_type":"job","created_at":"2024-10-01T12:57:17Z","description":"","origin_country":"us","owner_id":"1000331142","project_id":"11a0e63f-f198-416b-b25b-e0ec10bd4a44","size":0,"usage":{"last_update_time":1727787437468,"last_updated_at":"2024-10-01T12:57:17Z"}},"entity":{"job":{"asset_ref_type":"metadata_import","configuration":{"env_type":"","env_variables":[]},"last_run_initiator":"deprecated field","last_run_time":"deprecated field","last_run_status":"deprecated field","last_run_status_timestamp":0,"future_scheduled_runs":[],"enable_notifications":true,"project_name":"Customer-MDM","asset_ref":"0714b3ee-194a-4940-8a5f-d8561b786d58","schedule_id":"","schedule_creator_id":""}}}