{"metadata":{"asset_id":"59d77715-5f4c-4af6-b22f-6fd0571d7cbe","asset_attributes":["job"],"name":"GIGYA_IL_PERSON_11 job","asset_type":"job","created_at":"2024-06-19T14:22:37Z","description":"","origin_country":"us","owner_id":"1000331142","project_id":"11a0e63f-f198-416b-b25b-e0ec10bd4a44","size":0,"usage":{"last_update_time":1718806957979,"last_updated_at":"2024-06-19T14:22:37Z"}},"entity":{"job":{"asset_ref_type":"metadata_import","configuration":{"env_type":"","env_variables":[]},"last_run_initiator":"deprecated field","last_run_time":"deprecated field","last_run_status":"deprecated field","last_run_status_timestamp":0,"future_scheduled_runs":[],"enable_notifications":true,"project_name":"Customer-MDM","asset_ref":"1d0831b6-cbd6-4783-b324-328af1d93591","schedule_id":"","schedule_creator_id":""}}}