{"metadata":{"asset_id":"88d0bd71-1c62-4c28-960a-fef4ae827f05","asset_attributes":["job"],"name":"EPSILON_IL_PERSON_11 job","asset_type":"job","created_at":"2024-09-26T20:58:55Z","description":"","origin_country":"us","owner_id":"1000331142","project_id":"11a0e63f-f198-416b-b25b-e0ec10bd4a44","size":0,"usage":{"last_update_time":1727384335324,"last_updated_at":"2024-09-26T20:58:55Z"}},"entity":{"job":{"asset_ref_type":"metadata_import","configuration":{"env_type":"","env_variables":[]},"last_run_initiator":"deprecated field","last_run_time":"deprecated field","last_run_status":"deprecated field","last_run_status_timestamp":0,"future_scheduled_runs":[],"enable_notifications":true,"project_name":"Customer-MDM","asset_ref":"bfbf68f2-2ddf-4a5e-b1df-e691c85b2c02","schedule_id":"","schedule_creator_id":""}}}