{"metadata":{"asset_id":"e0219860-5e89-4727-8a87-3e63e4131fb6","asset_attributes":["job"],"name":"EPSILON_IL_PERSON_11_1 job","asset_type":"job","created_at":"2024-10-14T00:15:44Z","description":"","origin_country":"us","owner_id":"1000331142","project_id":"11a0e63f-f198-416b-b25b-e0ec10bd4a44","size":0,"usage":{"last_update_time":1728864944096,"last_updated_at":"2024-10-14T00:15:44Z"}},"entity":{"job":{"asset_ref_type":"metadata_import","configuration":{"env_type":"","env_variables":[]},"last_run_initiator":"deprecated field","last_run_time":"deprecated field","last_run_status":"deprecated field","last_run_status_timestamp":0,"future_scheduled_runs":[],"enable_notifications":true,"project_name":"Customer-MDM","asset_ref":"95abe7f8-8aa6-41c9-a4cf-67076a792632","schedule_id":"","schedule_creator_id":""}}}