{"metadata":{"asset_id":"63ae9290-30d2-4894-ba83-f81fa4825645","asset_attributes":["job"],"name":"XPOS_PERSON_ACCOUNT_2 job","asset_type":"job","created_at":"2024-05-10T16:38:02Z","description":"","origin_country":"us","owner_id":"1000331044","project_id":"11a0e63f-f198-416b-b25b-e0ec10bd4a44","size":0,"usage":{"last_update_time":1715359082953,"last_updated_at":"2024-05-10T16:38:02Z"}},"entity":{"job":{"asset_ref_type":"metadata_import","configuration":{"env_type":"","env_variables":[]},"last_run_initiator":"deprecated field","last_run_time":"deprecated field","last_run_status":"deprecated field","last_run_status_timestamp":0,"future_scheduled_runs":[],"enable_notifications":true,"project_name":"Customer-MDM","asset_ref":"0e2f7537-dd7d-4c8b-9dae-9562d906551a","schedule_id":"","schedule_creator_id":""}}}