{"metadata":{"asset_id":"7c3ba0ea-fecc-419f-9afc-88a388f26144","asset_attributes":["job"],"name":"EPSILON_IL_PERSON_9 job","asset_type":"job","created_at":"2024-09-26T20:56:30Z","description":"","origin_country":"us","owner_id":"1000331142","project_id":"11a0e63f-f198-416b-b25b-e0ec10bd4a44","size":0,"usage":{"last_update_time":1727384190492,"last_updated_at":"2024-09-26T20:56:30Z"}},"entity":{"job":{"asset_ref_type":"metadata_import","configuration":{"env_type":"","env_variables":[]},"last_run_initiator":"deprecated field","last_run_time":"deprecated field","last_run_status":"deprecated field","last_run_status_timestamp":0,"future_scheduled_runs":[],"enable_notifications":true,"project_name":"Customer-MDM","asset_ref":"b9877d65-4ac5-4bea-b0c7-77528eb0d8e1","schedule_id":"","schedule_creator_id":""}}}