{"metadata":{"asset_id":"0cd75f87-88ef-49ed-8a26-f50fe9624f77","asset_attributes":["job"],"name":"export-1927485078829","asset_type":"job","created_at":"2024-07-14T12:29:03Z","origin_country":"us","owner_id":"icp4d-dev","project_id":"11a0e63f-f198-416b-b25b-e0ec10bd4a44","size":0,"usage":{"last_update_time":1720960143167,"last_updated_at":"2024-07-14T12:29:03Z"}},"entity":{"job":{"asset_ref_type":"master-data-management","configuration":{"env_type":"master-data-management","env_variables":[]},"last_run_initiator":"deprecated field","last_run_time":"deprecated field","last_run_status":"deprecated field","last_run_status_timestamp":0,"future_scheduled_runs":[],"enable_notifications":true,"hide_run_ui_display":true,"project_name":"Customer-MDM","schedule_id":"","schedule_creator_id":""}}}