{"metadata":{"asset_id":"047eb633-97ea-4a2e-9df0-675e4c4942d6","asset_attributes":["job"],"name":"EPSILON_IL_PERSON_COMMUNICATION_CONSENT_5_1 job","asset_type":"job","created_at":"2024-10-10T14:56:54Z","description":"","origin_country":"us","owner_id":"1000331142","project_id":"11a0e63f-f198-416b-b25b-e0ec10bd4a44","size":0,"usage":{"last_update_time":1728572214646,"last_updated_at":"2024-10-10T14:56:54Z"}},"entity":{"job":{"asset_ref_type":"metadata_import","configuration":{"env_type":"","env_variables":[]},"last_run_initiator":"deprecated field","last_run_time":"deprecated field","last_run_status":"deprecated field","last_run_status_timestamp":0,"future_scheduled_runs":[],"enable_notifications":true,"project_name":"Customer-MDM","asset_ref":"f737c81d-2d53-4de9-8cf7-0be1e8ae1231","schedule_id":"","schedule_creator_id":""}}}