{"metadata":{"asset_id":"63a68caa-df6b-4851-b434-cb729bcf1218","asset_attributes":["job"],"name":"GIGYA_IL_PERSON_21 job","asset_type":"job","created_at":"2024-06-19T13:52:37Z","description":"","origin_country":"us","owner_id":"1000331142","project_id":"11a0e63f-f198-416b-b25b-e0ec10bd4a44","size":0,"usage":{"last_update_time":1718805157075,"last_updated_at":"2024-06-19T13:52:37Z"}},"entity":{"job":{"asset_ref_type":"metadata_import","configuration":{"env_type":"","env_variables":[]},"last_run_initiator":"deprecated field","last_run_time":"deprecated field","last_run_status":"deprecated field","last_run_status_timestamp":0,"future_scheduled_runs":[],"enable_notifications":true,"project_name":"Customer-MDM","asset_ref":"dbf01ba1-6514-41b4-af30-da8803882f12","schedule_id":"","schedule_creator_id":""}}}