{"metadata":{"asset_id":"a473169a-c9ce-4e57-a623-6120ab3e0ef5","asset_attributes":["job"],"name":"GIGYA_IL_PERSON_16 job","asset_type":"job","created_at":"2024-06-19T14:15:29Z","description":"","origin_country":"us","owner_id":"1000331142","project_id":"11a0e63f-f198-416b-b25b-e0ec10bd4a44","size":0,"usage":{"last_update_time":1718806529445,"last_updated_at":"2024-06-19T14:15:29Z"}},"entity":{"job":{"asset_ref_type":"metadata_import","configuration":{"env_type":"","env_variables":[]},"last_run_initiator":"deprecated field","last_run_time":"deprecated field","last_run_status":"deprecated field","last_run_status_timestamp":0,"future_scheduled_runs":[],"enable_notifications":true,"project_name":"Customer-MDM","asset_ref":"9fe34d1d-8b47-40d4-8bfe-502f64b123a0","schedule_id":"","schedule_creator_id":""}}}