{"metadata":{"asset_id":"1554ce71-5969-4a5c-9aae-c1083ab68c51","asset_attributes":["job"],"name":"EPSILON_IL_PERSON_3 job","asset_type":"job","created_at":"2024-09-26T20:48:37Z","description":"","origin_country":"us","owner_id":"1000331142","project_id":"11a0e63f-f198-416b-b25b-e0ec10bd4a44","size":0,"usage":{"last_update_time":1727383717106,"last_updated_at":"2024-09-26T20:48:37Z"}},"entity":{"job":{"asset_ref_type":"metadata_import","configuration":{"env_type":"","env_variables":[]},"last_run_initiator":"deprecated field","last_run_time":"deprecated field","last_run_status":"deprecated field","last_run_status_timestamp":0,"future_scheduled_runs":[],"enable_notifications":true,"project_name":"Customer-MDM","asset_ref":"83ec61d0-2dc3-4100-ac72-64d415bc12be","schedule_id":"","schedule_creator_id":""}}}