{"metadata":{"asset_id":"680303c0-f6d1-4e77-aadb-07582b5f3a21","asset_attributes":["job"],"name":"GIGYA_IL_PERSON_22 job","asset_type":"job","created_at":"2024-06-19T13:50:39Z","description":"","origin_country":"us","owner_id":"1000331142","project_id":"11a0e63f-f198-416b-b25b-e0ec10bd4a44","size":0,"usage":{"last_update_time":1718805039856,"last_updated_at":"2024-06-19T13:50:39Z"}},"entity":{"job":{"asset_ref_type":"metadata_import","configuration":{"env_type":"","env_variables":[]},"last_run_initiator":"deprecated field","last_run_time":"deprecated field","last_run_status":"deprecated field","last_run_status_timestamp":0,"future_scheduled_runs":[],"enable_notifications":true,"project_name":"Customer-MDM","asset_ref":"f6fe3b59-95ac-4b6b-9d30-e952448c05d6","schedule_id":"","schedule_creator_id":""}}}