{"metadata":{"asset_id":"40f34bf2-00c6-47bc-88f6-880a94f300ba","asset_attributes":["job"],"name":"EPSILON_IL_PERSON_ACCOUNT_4 job","asset_type":"job","created_at":"2024-09-30T16:29:37Z","description":"","origin_country":"us","owner_id":"1000331142","project_id":"11a0e63f-f198-416b-b25b-e0ec10bd4a44","size":0,"usage":{"last_update_time":1727713777287,"last_updated_at":"2024-09-30T16:29:37Z"}},"entity":{"job":{"asset_ref_type":"metadata_import","configuration":{"env_type":"","env_variables":[]},"last_run_initiator":"deprecated field","last_run_time":"deprecated field","last_run_status":"deprecated field","last_run_status_timestamp":0,"future_scheduled_runs":[],"enable_notifications":true,"project_name":"Customer-MDM","asset_ref":"933e0619-b07b-408f-9638-9af8a4503a4b","schedule_id":"","schedule_creator_id":""}}}