{"metadata":{"asset_id":"cb3f9f8c-f1d9-4597-bdd9-0a14dd94878b","asset_attributes":["job"],"name":"EPSILON_IL_PERSON_ACCOUNT_1 job","asset_type":"job","created_at":"2024-09-30T16:25:11Z","description":"","origin_country":"us","owner_id":"1000331142","project_id":"11a0e63f-f198-416b-b25b-e0ec10bd4a44","size":0,"usage":{"last_update_time":1727713511477,"last_updated_at":"2024-09-30T16:25:11Z"}},"entity":{"job":{"asset_ref_type":"metadata_import","configuration":{"env_type":"","env_variables":[]},"last_run_initiator":"deprecated field","last_run_time":"deprecated field","last_run_status":"deprecated field","last_run_status_timestamp":0,"future_scheduled_runs":[],"enable_notifications":true,"project_name":"Customer-MDM","asset_ref":"9031a4e7-58da-428b-9220-604cb3beb8d7","schedule_id":"","schedule_creator_id":""}}}