{"metadata":{"asset_id":"575ee48f-8fb9-4310-9604-c38c1d7c300f","asset_attributes":["job"],"name":"EPSILON_IL_PERSON_COMMUNICATION_CONSENT_3 job","asset_type":"job","created_at":"2024-09-30T16:34:21Z","description":"","origin_country":"us","owner_id":"1000331142","project_id":"11a0e63f-f198-416b-b25b-e0ec10bd4a44","size":0,"usage":{"last_update_time":1727714061299,"last_updated_at":"2024-09-30T16:34:21Z"}},"entity":{"job":{"asset_ref_type":"metadata_import","configuration":{"env_type":"","env_variables":[]},"last_run_initiator":"deprecated field","last_run_time":"deprecated field","last_run_status":"deprecated field","last_run_status_timestamp":0,"future_scheduled_runs":[],"enable_notifications":true,"project_name":"Customer-MDM","asset_ref":"8a28ada9-8272-40cb-91e6-1d8ecb6e77f5","schedule_id":"","schedule_creator_id":""}}}