{"metadata":{"asset_id":"e72bc66c-a2aa-4530-888c-d9ca58a7264a","asset_attributes":["job"],"name":"EPSILON_IL_PERSON_COMMUNICATION_CONSENT_17_1 job","asset_type":"job","created_at":"2024-10-10T22:00:37Z","description":"","origin_country":"us","owner_id":"1000331142","project_id":"11a0e63f-f198-416b-b25b-e0ec10bd4a44","size":0,"usage":{"last_update_time":1728597637387,"last_updated_at":"2024-10-10T22:00:37Z"}},"entity":{"job":{"asset_ref_type":"metadata_import","configuration":{"env_type":"","env_variables":[]},"last_run_initiator":"deprecated field","last_run_time":"deprecated field","last_run_status":"deprecated field","last_run_status_timestamp":0,"future_scheduled_runs":[],"enable_notifications":true,"project_name":"Customer-MDM","asset_ref":"5787eeed-03e4-4b3c-9590-da3cb7b55593","schedule_id":"","schedule_creator_id":""}}}