{"metadata":{"asset_id":"dafdb873-d026-4dd8-bbc0-5a39e2310aa1","asset_attributes":["job"],"name":"EPSILON_IL_PERSON_COMMUNICATION_CONSENT_15_2 job","asset_type":"job","created_at":"2024-10-10T21:57:01Z","description":"","origin_country":"us","owner_id":"1000331142","project_id":"11a0e63f-f198-416b-b25b-e0ec10bd4a44","size":0,"usage":{"last_update_time":1728597421406,"last_updated_at":"2024-10-10T21:57:01Z"}},"entity":{"job":{"asset_ref_type":"metadata_import","configuration":{"env_type":"","env_variables":[]},"last_run_initiator":"deprecated field","last_run_time":"deprecated field","last_run_status":"deprecated field","last_run_status_timestamp":0,"future_scheduled_runs":[],"enable_notifications":true,"project_name":"Customer-MDM","asset_ref":"8db8d982-401c-4761-af2b-a7880a08e7f2","schedule_id":"","schedule_creator_id":""}}}