{"metadata":{"asset_id":"2b5da7bb-2f19-4cf3-9e89-338dcb5c53b8","asset_attributes":["job"],"name":"job_plMain_Inbound_Schedule_SALESFORCE_1of2","asset_type":"job","created_at":"2024-04-18T16:34:48Z","description":"","origin_country":"us","owner_id":"1000331142","project_id":"11a0e63f-f198-416b-b25b-e0ec10bd4a44","size":0,"usage":{"last_update_time":1713458088419,"last_updated_at":"2024-04-18T16:34:48Z"}},"entity":{"job":{"asset_ref_type":"orchestration_flow","configuration":{"version":"729ef62e-f8c7-4cb8-946e-5e079e3092b3-0","env_type":"","env_variables":[]},"last_run_initiator":"deprecated field","last_run_time":"deprecated field","last_run_status":"deprecated field","last_run_status_timestamp":0,"future_scheduled_runs":[],"enable_notifications":true,"project_name":"Customer-MDM","asset_ref":"729ef62e-f8c7-4cb8-946e-5e079e3092b3","job_parameters":[{"name":"SourceName","value":"SALESFORCE"},{"name":"RecordType","value":"PERSON,PERSON_COMMUNICATION_CONSENT"}],"schedule_id":"","schedule_creator_id":""}}}