{"metadata":{"rov":{"mode":0,"collaborator_ids":{},"member_roles":{"1000331039":{"user_iam_id":"1000331039","roles":["OWNER"]}}},"project_id":"11a0e63f-f198-416b-b25b-e0ec10bd4a44","sandbox_id":"11a0e63f-f198-416b-b25b-e0ec10bd4a44","usage":{"last_updated_at":"2023-07-24T22:43:47Z","last_updater_id":"1000331039","last_update_time":1690238627060,"last_accessed_at":"2023-07-24T22:43:47Z","last_access_time":1690238627060,"last_accessor_id":"1000331039","access_count":0},"name":"Epsilon MDE","asset_type":"metadata_enrichment_area","origin_country":"us","rating":0,"total_ratings":0,"catalog_id":"e5619c0d-e6ac-42cd-8ac2-c3f3576e6d6c","created":1690238619183,"created_at":"2023-07-24T22:43:39Z","owner_id":"1000331039","size":0,"version":2,"asset_state":"available","asset_attributes":["metadata_enrichment_area"],"asset_id":"ec969625-6eb3-44ee-a536-c6663d65f95e","asset_category":"USER","creator_id":"1000331039"},"entity":{"metadata_enrichment_area":{"name":"Epsilon MDE","job":{"name":"Epsilon MDE","schedule":"0 2 25 7 *","schedule_info":{"repeat":false,"startOn":1690250400000},"id":"02e66477-6335-4ca0-9de7-1f3c01d04f0b"},"objective":{"enrichment_options":{"structured":{"profile":true,"assign_terms":true,"analyze_quality":true,"analyze_relationships":false}},"governance_scope":[{"id":"e39ada11-8338-3704-90e3-681a71e7c839","type":"CATEGORY"},{"id":"b1a541c8-2800-45e9-b196-e44ecaa54acd","type":"CATEGORY"},{"id":"740da455-ac72-4622-8966-0c319c66cd81","type":"CATEGORY"},{"id":"24334965-aa83-4923-befd-623f580500e3","type":"CATEGORY"},{"id":"5c1b7cb6-5b3a-4d3a-aa99-55dad1aad5b0","type":"CATEGORY"},{"id":"b152298d-2074-4967-8398-5d364da86283","type":"CATEGORY"},{"id":"fa8aa436-ea0b-49b8-b79e-3b3003cf071d","type":"CATEGORY"},{"id":"53503ea4-1a27-4ded-be87-c85d19d3d0c8","type":"CATEGORY"},{"id":"ab28d20d-1261-4d3a-a6c4-89240b3f5d69","type":"CATEGORY"},{"id":"e15e096a-565f-4834-8212-d165fb548f52","type":"CATEGORY"},{"id":"5fb8cdd1-f6ca-42fe-9b3b-404f9cb03c7f","type":"CATEGORY"},{"id":"8302c76c-c9ee-4f57-9e7e-eb148c3e7811","type":"CATEGORY"},{"id":"7dd8276d-6244-42b0-a93e-d7b7325b8439","type":"CATEGORY"},{"id":"45ee76dc-edc5-4287-bf4f-5e1250b2cfc8","type":"CATEGORY"},{"id":"a1ef9004-a4a7-42a0-957b-664814c11343","type":"CATEGORY"},{"id":"d068c24e-3a4c-4bc6-bb81-5d8e3db8128c","type":"CATEGORY"},{"id":"7656b0f5-50a2-4cf6-b97c-7461fe25334a","type":"CATEGORY"},{"id":"f108a30d-d50e-4e41-bdc0-b68cbba7f91c","type":"CATEGORY"},{"id":"f590999f-595a-4f6e-bc01-d0dcb40515a2","type":"CATEGORY"},{"id":"ac47f3da-810f-4562-ad6d-cb9eec9bccc2","type":"CATEGORY"},{"id":"6fd5ada0-f191-4db7-b56c-ca454b20f86c","type":"CATEGORY"},{"id":"d1f90226-9ec6-47c3-9b43-aae8b1df8bc4","type":"CATEGORY"},{"id":"9fc35005-d9ef-4aef-a1c3-d38bd93c18df","type":"CATEGORY"},{"id":"2fe7ccbf-78bb-4208-b598-7c28d0c41e24","type":"CATEGORY"},{"id":"a4e7f4c1-247a-4ee3-880b-7b5310f27be9","type":"CATEGORY"},{"id":"816a0f39-4e41-49c2-a3cc-c553977e50e2","type":"CATEGORY"},{"id":"9efa7520-265f-4639-b302-20b110023eca","type":"CATEGORY"},{"id":"09388363-e2be-4e6d-af6a-aa4ccfb32de1","type":"CATEGORY"},{"id":"0ea78140-c916-4099-ac66-2a52aa354c3b","type":"CATEGORY"},{"id":"9ea0922e-f36b-498a-9928-1083f2527068","type":"CATEGORY"},{"id":"eb42e1d3-338c-40d7-b6c4-cfb1e68a8185","type":"CATEGORY"},{"id":"dee44600-cc08-44cd-9009-4fc3ab5afce3","type":"CATEGORY"},{"id":"96c9172e-2961-4421-ba1d-9d8187034add","type":"CATEGORY"},{"id":"be4dc1d7-aab6-4dc3-b7ff-ded027ee1b5a","type":"CATEGORY"},{"id":"ef669a54-1d80-4861-b9ce-9ca75b1aacd8","type":"CATEGORY"},{"id":"77f1f358-4474-4820-bf2b-4b070631fff1","type":"CATEGORY"},{"id":"04a74673-18a1-42c6-91e3-062cc00ab882","type":"CATEGORY"},{"id":"883f3f36-5fc9-43ec-a2fc-540e2c377687","type":"CATEGORY"},{"id":"82dddb0f-49a6-465c-8e54-5bfa0a967d41","type":"CATEGORY"},{"id":"9627490e-769c-4216-9105-70392e6f1af0","type":"CATEGORY"},{"id":"5adde7ca-6983-4c95-9d8a-63d565bc1cff","type":"CATEGORY"},{"id":"6683a045-0cdb-4c3c-8a0f-398c84379e28","type":"CATEGORY"},{"id":"5ad047ce-2b5c-4de7-82f4-daf396c619d5","type":"CATEGORY"},{"id":"68e6aef5-f6a1-43d5-ae02-1e78133453ea","type":"CATEGORY"},{"id":"cde2d472-6737-4c0a-85ae-ccaba6a47ed1","type":"CATEGORY"},{"id":"d3cf4dd9-a0a0-44f4-993d-fa7e213e62d2","type":"CATEGORY"},{"id":"4f9897e1-18e1-4f36-9723-cb926a39af28","type":"CATEGORY"},{"id":"291a121c-9c9d-4aa4-a47c-28900768543d","type":"CATEGORY"},{"id":"b0f7c38f-f35b-4e83-a383-0a3b908faa09","type":"CATEGORY"},{"id":"14d155c9-e436-4b88-94e6-3ac262e0d31b","type":"CATEGORY"},{"id":"ebbe6a64-a7f8-490e-ad10-ba56ef38e42c","type":"CATEGORY"},{"id":"fa8caa3f-9131-4153-88dd-e9b66b25a4de","type":"CATEGORY"},{"id":"ba50d9df-05a6-40b7-821f-3daa75d5fcbf","type":"CATEGORY"},{"id":"96153a1d-ee4a-45f0-be3c-6e4398b441cb","type":"CATEGORY"},{"id":"bc7f7557-62aa-4a0f-9dfe-2f505ac7b089","type":"CATEGORY"},{"id":"fef46136-6208-4b9a-91d7-c8034475e00e","type":"CATEGORY"},{"id":"afce7579-6083-453a-9071-4b5cc387119b","type":"CATEGORY"},{"id":"e6224d62-d51c-40ef-80b4-153bf1696af3","type":"CATEGORY"},{"id":"1f92b32b-7bfb-41f6-add5-e5325df616ba","type":"CATEGORY"},{"id":"4fbcc683-a47b-4f84-9b9e-27b682e372e9","type":"CATEGORY"},{"id":"1a7947d8-c966-46ca-b1b9-a2681da14489","type":"CATEGORY"},{"id":"29a31f53-83be-4cf2-a11b-430b2b948095","type":"CATEGORY"},{"id":"c243c237-56fd-40df-8cad-6ca7f9ba7f16","type":"CATEGORY"},{"id":"52ccf412-8aa1-4c5f-856b-d160d0034d84","type":"CATEGORY"},{"id":"fea7fc55-c996-4a06-a2b2-01b82b3f4e4d","type":"CATEGORY"},{"id":"3ba4fa48-8773-44c3-82f6-b31cc4956394","type":"CATEGORY"},{"id":"c4f66af9-b53d-4f38-bbb2-2f64cc32861b","type":"CATEGORY"},{"id":"f88bfdf9-4962-4bcf-8e5b-d4dea816435b","type":"CATEGORY"},{"id":"5602b8b0-6b04-45db-8e65-b58a00769e60","type":"CATEGORY"},{"id":"4b101aa7-2a91-48cd-8fe6-9233e3045e20","type":"CATEGORY"},{"id":"d622ae88-6c9a-4cb3-bd1d-9971bb68741d","type":"CATEGORY"},{"id":"74e34912-0005-4369-be8b-fc2c475f5ddf","type":"CATEGORY"},{"id":"a184fb55-458d-4585-af78-bb75c46dc34d","type":"CATEGORY"},{"id":"d8f70af3-4eee-491d-a97f-e66f39640635","type":"CATEGORY"},{"id":"3ad65ad8-078e-4770-8251-6f7cbb2661fa","type":"CATEGORY"},{"id":"b02eeea7-9aa1-4735-bb23-8f45b2d054af","type":"CATEGORY"},{"id":"6923216e-b45e-4332-91d9-8dd909638ff9","type":"CATEGORY"},{"id":"60af7069-13fa-4985-a5b7-339cd16dfb9a","type":"CATEGORY"},{"id":"a4269c38-29e7-4dd7-b627-051c36ba6f22","type":"CATEGORY"},{"id":"adf4c759-dfb9-409a-91dd-43bf75b44e19","type":"CATEGORY"},{"id":"161bc57c-df4a-4038-ae9c-34d639b0013c","type":"CATEGORY"},{"id":"70262a70-6786-4394-99d0-eef52c834708","type":"CATEGORY"},{"id":"7404de99-c782-4d97-9378-d132c7d99041","type":"CATEGORY"},{"id":"435494b7-abd8-4b89-afd7-85b0ed350e1b","type":"CATEGORY"},{"id":"ac90a7a4-b7aa-45bd-97c3-6ed5cfeaf55a","type":"CATEGORY"},{"id":"581416b3-412d-4e9d-902b-50473296591d","type":"CATEGORY"},{"id":"719460a5-4b66-422c-917c-356258ac972d","type":"CATEGORY"},{"id":"aa2b4d7c-1442-4862-a7cd-2c85cf1b0dcc","type":"CATEGORY"},{"id":"37bf88e5-5ebc-49a0-832c-0293a2099022","type":"CATEGORY"},{"id":"669d896f-6838-4022-9f2c-b349317b5b83","type":"CATEGORY"},{"id":"20e5500c-a0a5-4da2-9fd5-b3041ad6dd43","type":"CATEGORY"},{"id":"842ef278-90e3-430a-b90d-e6dedf99f564","type":"CATEGORY"},{"id":"e5b790b7-b9be-4935-a10e-ad0f6ca153c8","type":"CATEGORY"},{"id":"954a15d4-f929-4c08-be34-5c3ce7928913","type":"CATEGORY"},{"id":"dabe48e8-5a56-400a-8b3d-2667105c53dd","type":"CATEGORY"},{"id":"5ae25ab1-e128-4161-b6b7-0183d9538322","type":"CATEGORY"},{"id":"fa6f80fd-2504-4a8d-8ca0-04673f6dfdef","type":"CATEGORY"},{"id":"1dc69ff2-86ca-47b9-b95f-676bffaa01b9","type":"CATEGORY"},{"id":"52e551b9-78f8-4f3f-8c04-a499955cbda9","type":"CATEGORY"},{"id":"8817e5d5-a977-4692-b6a4-f240c3742165","type":"CATEGORY"},{"id":"1d7086d9-c8f5-47b0-bf08-05a598c2f002","type":"CATEGORY"},{"id":"ac9b0edb-f86f-485e-849b-0b410e3f2ba4","type":"CATEGORY"},{"id":"edc3067c-40fe-425a-a49a-f274e8077b5e","type":"CATEGORY"},{"id":"d05447d3-b634-4e33-917b-17fd9a75e8aa","type":"CATEGORY"},{"id":"a1eeb755-ca45-49a5-adad-74a1bd08679c","type":"CATEGORY"},{"id":"104f3872-99f7-45ae-aab2-69f7976d4974","type":"CATEGORY"},{"id":"556852e1-b62e-41c7-ac03-68c72c67c7a2","type":"CATEGORY"},{"id":"d0b391f8-b30f-4260-8111-b0452b58b99b","type":"CATEGORY"},{"id":"b31e70f0-e958-4e03-9596-5ec2f303ffc5","type":"CATEGORY"},{"id":"7606392e-9213-4e33-82a5-dec157e02a40","type":"CATEGORY"},{"id":"54af2f4b-5861-419d-a7cc-723d1298961b","type":"CATEGORY"},{"id":"0d23ee32-ac51-4bea-bbe7-7166b02f98dc","type":"CATEGORY"},{"id":"59475595-cbac-4ba2-9679-cc873bd0b3dc","type":"CATEGORY"},{"id":"0d485a14-a0fb-4ecc-9c30-b22047ff6611","type":"CATEGORY"},{"id":"60c1bc9d-183e-47e2-b3e3-7a0d27c0aae1","type":"CATEGORY"},{"id":"8a88b5e6-6d9a-4d23-9f3f-e35624c24196","type":"CATEGORY"},{"id":"2f37032b-b79d-4de4-b230-806188d73436","type":"CATEGORY"},{"id":"4bbe50cd-225c-4e17-aaad-4570a2956838","type":"CATEGORY"},{"id":"b7490d33-9ed9-4ad4-8960-385c99dc6afa","type":"CATEGORY"},{"id":"dde04cc3-ff88-4111-8c86-c087ff22d63e","type":"CATEGORY"},{"id":"a6604d8f-b11e-4ce1-957e-aa33875cef00","type":"CATEGORY"},{"id":"55c9b8e2-4cc3-45d5-9576-8ce1ef0e13fd","type":"CATEGORY"},{"id":"a3c29059-1973-4b06-81db-79b1824fabb5","type":"CATEGORY"},{"id":"ea1a759b-7af7-426e-a408-e05f4d06d144","type":"CATEGORY"},{"id":"f01e221e-17e4-4821-a0df-9a0a99c5ff33","type":"CATEGORY"},{"id":"b344d81f-2cf2-41eb-8e18-4e7ebb3a58b5","type":"CATEGORY"},{"id":"008098c8-8945-41ca-89df-2896c5a7a0e2","type":"CATEGORY"},{"id":"f5db3163-4a66-4150-9525-e6ea221cd9ef","type":"CATEGORY"},{"id":"c96da2fa-36fa-4ee2-a889-66826e4134e7","type":"CATEGORY"},{"id":"3f51d2ef-2878-493b-8341-b38ad9db3898","type":"CATEGORY"},{"id":"9b8a7adf-6074-46b0-850f-813f2ea3844e","type":"CATEGORY"},{"id":"fd20e917-fed9-4883-b3a0-3780c3ac3cdc","type":"CATEGORY"},{"id":"e407042a-914f-4e99-8234-c020450b18cf","type":"CATEGORY"},{"id":"cfd67672-9884-46d6-abcc-2e09695c1c72","type":"CATEGORY"},{"id":"7b42fe2b-f23e-4269-a6bd-7fc15b98ed25","type":"CATEGORY"},{"id":"c0690023-84d6-46a6-b2c0-d4f60649426d","type":"CATEGORY"},{"id":"377b7f74-739b-477c-9f1e-dfb4c95fc7de","type":"CATEGORY"},{"id":"9094b106-d209-45ae-b821-362676734265","type":"CATEGORY"},{"id":"23c6ca5e-5edb-4013-b49e-8358bb2b1bc1","type":"CATEGORY"},{"id":"639d7c4a-1e75-45a2-853c-307e6f5186a3","type":"CATEGORY"},{"id":"da12f65e-6006-47a8-979d-ec6bcfcc4516","type":"CATEGORY"},{"id":"ccf55bce-df68-497d-ba29-e154d5751068","type":"CATEGORY"},{"id":"ce0613e9-9c76-45ba-8cc6-73d413b68e16","type":"CATEGORY"},{"id":"4248f88d-12fc-4fab-bff7-ad93d7b424de","type":"CATEGORY"},{"id":"7a51cfd1-c2c6-469a-8ea8-cfbc6ef15870","type":"CATEGORY"},{"id":"fbfd5944-25b3-4f10-bd4c-27b237ed32e3","type":"CATEGORY"},{"id":"a136eba1-0064-4342-902a-2994a6ec0f7d","type":"CATEGORY"},{"id":"ef49f05a-cddb-4f62-b2e8-64a7111007a7","type":"CATEGORY"},{"id":"0bf30229-4be9-4450-a545-221ce0c1016e","type":"CATEGORY"},{"id":"e36c0a42-d90c-4a1f-93d0-af00794c75d9","type":"CATEGORY"},{"id":"37117a49-9483-479d-b68f-e338d49a72d1","type":"CATEGORY"},{"id":"51caaaa5-c6b7-40b1-9229-0c7390071827","type":"CATEGORY"},{"id":"7caf5a32-1058-4d0d-a1c4-af655d177c47","type":"CATEGORY"},{"id":"27d18b85-c39a-46c0-8069-4762f811f9a5","type":"CATEGORY"},{"id":"4e1fd0bb-6b87-4147-a5e5-93627e00657a","type":"CATEGORY"},{"id":"f727b791-499f-4329-adec-ab8ec203f536","type":"CATEGORY"},{"id":"94b9c39a-9b31-43d0-a1d0-36c5ae4c3dc3","type":"CATEGORY"},{"id":"9f9763f9-d156-40c2-85c9-07bd6027f051","type":"CATEGORY"},{"id":"adceb3e9-ff72-4eb9-a592-18ce4ae94974","type":"CATEGORY"},{"id":"e6c1b0fa-3349-4597-b51d-5594d0c8f582","type":"CATEGORY"},{"id":"ab5cf5ec-1afa-4a8f-852b-5d4977fbe93e","type":"CATEGORY"},{"id":"59ef574d-3f2e-4b7e-b0f3-b2f7ed8175e7","type":"CATEGORY"},{"id":"5ab54075-5c29-404f-b8d9-f96f9910804d","type":"CATEGORY"},{"id":"707de9b2-f529-4b31-ad8c-f5d905203956","type":"CATEGORY"},{"id":"b48bc3e0-0afe-4f14-8bdc-f23d898c0b30","type":"CATEGORY"},{"id":"60bbfecd-d1a5-47a1-b144-6c6d82935b96","type":"CATEGORY"},{"id":"9f815ece-5011-4017-9676-de8b620df3be","type":"CATEGORY"},{"id":"c25b3aee-0fa5-4b6e-af1a-7dd68607d068","type":"CATEGORY"},{"id":"41b134f0-3030-47e9-ba8a-9dca5cfd6a40","type":"CATEGORY"},{"id":"ca28e062-b839-484a-b991-695cc1d05f0a","type":"CATEGORY"},{"id":"198fc3f1-fc7e-4929-968a-e0f6ca60c583","type":"CATEGORY"},{"id":"4085d9fb-8570-4e16-b1e7-1f893e2952f8","type":"CATEGORY"},{"id":"efd44d08-6055-454b-8347-902e2acb5691","type":"CATEGORY"},{"id":"e42eefbe-5720-4b9a-82f9-cc36b29606bc","type":"CATEGORY"},{"id":"f0fc3a52-2f6f-4105-a449-6607201ea713","type":"CATEGORY"},{"id":"c2172bc8-3cf5-4358-955b-f861405a6583","type":"CATEGORY"},{"id":"b379edfc-2efd-44e6-876e-94237c48bc58","type":"CATEGORY"},{"id":"c34a1354-608c-4739-af9d-64aacb9bcffc","type":"CATEGORY"},{"id":"d01b7a70-b5e0-4869-9e05-f256ddeb3349","type":"CATEGORY"},{"id":"3125941c-5740-48e5-af71-cab3b50abcef","type":"CATEGORY"},{"id":"1fe2e992-ca08-4fef-a74a-bb033623bc65","type":"CATEGORY"},{"id":"467a60ad-5958-4460-b22a-7b2f4cbf8290","type":"CATEGORY"},{"id":"6ecb3d37-516e-4d5b-b50f-3bf9fa30206b","type":"CATEGORY"},{"id":"8aad731e-e831-47ce-bffd-5fcc01f23bd5","type":"CATEGORY"},{"id":"0cb378bc-d616-4413-af05-cf54109bc70b","type":"CATEGORY"},{"id":"34b3a8ab-7a7e-4151-a81f-f7005e433ccd","type":"CATEGORY"},{"id":"ae48d4b0-c285-4e86-b668-25dc2d3fa34a","type":"CATEGORY"},{"id":"b177e812-cd48-4e1e-ad58-7c4953aaf327","type":"CATEGORY"},{"id":"6cd69612-97e9-47f2-8b30-974803aba3c9","type":"CATEGORY"},{"id":"33ce68ba-48dd-47fa-bb7f-93576914bb58","type":"CATEGORY"},{"id":"213a5e53-0c74-44d4-a3f1-69da3a943ee5","type":"CATEGORY"},{"id":"e862d9af-d98e-4c4b-9ddc-d271b48c3752","type":"CATEGORY"},{"id":"21d0f036-52a0-442c-959f-6ade779cfac5","type":"CATEGORY"},{"id":"ed4d194e-90f7-48f7-8646-8c142df18ceb","type":"CATEGORY"},{"id":"a711f254-58e4-41db-bde0-e9aed2d49e44","type":"CATEGORY"},{"id":"7d2e23ad-f8da-44fe-acb2-6b084baadaa4","type":"CATEGORY"},{"id":"fe2720ed-7080-40e0-988e-c31ac178440c","type":"CATEGORY"},{"id":"ac91c66b-0b08-4de8-bfa6-32558696476c","type":"CATEGORY"},{"id":"f434cdf7-c354-40f3-95b5-70a1e9a7965b","type":"CATEGORY"},{"id":"8fb72d94-ceff-4435-ab52-537f2007fe59","type":"CATEGORY"},{"id":"1151edb0-2720-4a4c-8e8f-ff5f1895ba78","type":"CATEGORY"},{"id":"a107c866-5aa9-40d0-a473-30c1dc4cf000","type":"CATEGORY"},{"id":"1494b995-d76b-4a61-9100-4f7299617da9","type":"CATEGORY"},{"id":"eebd338d-dbd5-37e4-9e4a-1296de82963a","type":"CATEGORY"}],"sampling":{"structured":{"method":"TOP","analysis_method":"PERCENTAGE","sample_size":{"name":"CUSTOM","percentage_options":{"decimal_value":1}}}},"datascope_of_reruns":"ALL"},"status":"READY","key_analysis":{"key_analysis_id":"d19d61e2-3a46-4524-8b9a-ffc1bd76ef23","pk_job_id":"a19c3253-40a5-477c-b5e9-c41ec793361e","relationships_job_id":"5801237b-8e80-41b8-b7ab-64121753884a"}}},"attachments":[],"href":"/v2/assets/ec969625-6eb3-44ee-a536-c6663d65f95e?project_id=11a0e63f-f198-416b-b25b-e0ec10bd4a44"}