{"metadata":{"rov":{"mode":0,"collaborator_ids":{},"member_roles":{"1000331039":{"user_iam_id":"1000331039","roles":["OWNER"]}}},"project_id":"11a0e63f-f198-416b-b25b-e0ec10bd4a44","sandbox_id":"11a0e63f-f198-416b-b25b-e0ec10bd4a44","usage":{"last_updated_at":"2023-09-13T20:30:43Z","last_updater_id":"1000331039","last_update_time":1694637043057,"last_accessed_at":"2023-09-13T20:30:43Z","last_access_time":1694637043057,"last_accessor_id":"1000331039","access_count":0},"name":"MDE Target Load","asset_type":"metadata_enrichment_area","origin_country":"us","rating":0,"total_ratings":0,"catalog_id":"e5619c0d-e6ac-42cd-8ac2-c3f3576e6d6c","created":1694637039409,"created_at":"2023-09-13T20:30:39Z","owner_id":"1000331039","size":0,"version":2,"asset_state":"available","asset_attributes":["metadata_enrichment_area"],"asset_id":"41fe37de-95ac-40d9-851d-1767f69f477d","asset_category":"USER","creator_id":"1000331039"},"entity":{"metadata_enrichment_area":{"name":"MDE Target Load","job":{"name":"MDE Target Load","id":"9066f78a-be27-4633-9318-8a1d9f72d4a6"},"objective":{"enrichment_options":{"structured":{"profile":true,"assign_terms":false,"analyze_quality":false,"analyze_relationships":false}},"governance_scope":[{"id":"e39ada11-8338-3704-90e3-681a71e7c839","type":"CATEGORY"}],"sampling":{"structured":{"method":"TOP","analysis_method":"PERCENTAGE","sample_size":{"name":"CUSTOM","percentage_options":{"decimal_value":1}}}},"datascope_of_reruns":"ALL"},"status":"READY","key_analysis":{"key_analysis_id":"05d23242-face-4fa4-a064-87fcfa8e4fd3","pk_job_id":"198c7c3c-2bb0-4170-b4ff-2657a9ae20e2","relationships_job_id":"406d74c4-7c8c-4409-be25-00d42e378828"}}},"attachments":[],"href":"/v2/assets/41fe37de-95ac-40d9-851d-1767f69f477d?project_id=11a0e63f-f198-416b-b25b-e0ec10bd4a44"}