{"metadata":{"rov":{"mode":0,"collaborator_ids":{},"member_roles":{"1000331072":{"user_iam_id":"1000331072","roles":["OWNER"]}}},"project_id":"11a0e63f-f198-416b-b25b-e0ec10bd4a44","sandbox_id":"11a0e63f-f198-416b-b25b-e0ec10bd4a44","usage":{"last_updated_at":"2023-09-28T12:41:29Z","last_updater_id":"1000331051","last_update_time":1695904889882,"last_accessed_at":"2023-09-28T12:41:29Z","last_access_time":1695904889882,"last_accessor_id":"1000331051","access_count":0},"name":"MDE_MATCH360","description":"","asset_type":"metadata_enrichment_area","origin_country":"us","rating":0,"total_ratings":0,"catalog_id":"e5619c0d-e6ac-42cd-8ac2-c3f3576e6d6c","created":1695366158573,"created_at":"2023-09-22T07:02:38Z","owner_id":"1000331072","size":0,"version":2,"asset_state":"available","asset_attributes":["metadata_enrichment_area"],"asset_id":"ea61fc1d-a859-4512-b797-cde2715870a0","asset_category":"USER","creator_id":"1000331072"},"entity":{"metadata_enrichment_area":{"description":"","name":"MDE_MATCH360","job":{"name":"MDE_MATCH360 8b8fce5a-9f3c-49ab-bfeb-82943dab374f","id":"fa43557d-712c-4f23-bc43-13313e234de3"},"objective":{"enrichment_options":{"structured":{"profile":true,"assign_terms":true,"analyze_quality":true}},"governance_scope":[{"type":"CATEGORY","id":"740da455-ac72-4622-8966-0c319c66cd81"},{"type":"CATEGORY","id":"b1a541c8-2800-45e9-b196-e44ecaa54acd"},{"type":"CATEGORY","id":"8775a717-2aee-476a-8b8d-1532b12dfc0d"},{"type":"CATEGORY","id":"e39ada11-8338-3704-90e3-681a71e7c839"}],"sampling":{"structured":{"method":"TOP","analysis_method":"FIXED","sample_size":{"name":"BASIC","options":{"row_number":1000,"classify_value_number":100}}}}},"status":"READY","key_analysis":{"key_analysis_id":"a5768404-78eb-4378-b6c2-4cc060daed2e","pk_job_id":"a2e461b8-311b-490c-8505-20ed9c49bbe6","relationships_job_id":"c94503ab-a7d2-40c7-b2d1-e8b947cedd9a"},"data_scope_version":5}},"attachments":[],"href":"/v2/assets/ea61fc1d-a859-4512-b797-cde2715870a0?project_id=11a0e63f-f198-416b-b25b-e0ec10bd4a44"}