{"metadata":{"asset_id":"f11b32a9-73fc-4588-8df2-9fa80ad9f5a5","asset_attributes":["notebook"],"name":"Counting_M360_zipfile","asset_type":"notebook","created_at":"2023-11-02T13:49:54Z","description":"","origin_country":"us","owner_id":"1000331076","project_id":"11a0e63f-f198-416b-b25b-e0ec10bd4a44","size":20461,"tags":["notebook"],"usage":{"last_update_time":1699343867270,"last_updated_at":"2023-11-07T07:57:47Z"}},"entity":{"notebook":{"kernel":{"name":"python3","display_name":"Python 3.10","language":"python"},"originates_from":{"type":"notebook","guid":"b3ce62ff-0dd9-462a-ab42-f87d959ae823"},"runtime":{"environment":"rt231py-11a0e63f-f198-416b-b25b-e0ec10bd4a44"}}},"attachments":[{"id":"05080e2b-4f50-4fb8-a401-233395cf9124","version":2,"asset_type":"notebook","name":"attachment for notebook f11b32a9-73fc-4588-8df2-9fa80ad9f5a5","description":"attachment for notebook f11b32a9-73fc-4588-8df2-9fa80ad9f5a5","mime":"application/json","datasource_type":"81bafdbd-b7c6-45c5-a4fd-6ec135f66f4e","object_key":"notebook/Counting_copy_LkKjo87bb.ipynb","creator_id":"1000331076","create_time":1698932994456,"size":20461,"is_remote":false,"is_managed":false,"is_referenced":true,"is_object_key_read_only":false,"is_user_provided_path_key":true,"transfer_complete":true,"is_partitioned":false,"complete_time_ticks":1698932994456,"user_data":{},"test_doc":0,"handle":{"type":"assetfiles","key":"notebook/Counting_copy_LkKjo87bb.ipynb","upload_id":"done","max_part_num":1},"usage":{"access_count":2,"last_accessor_id":"1000331076","last_access_time":1699343867268,"last_updater_id":"1000331076","last_update_time":1699343867268}}]}