{"metadata":{"asset_id":"ad31bb8b-705c-440d-b060-3ca70b74d73b","asset_attributes":["notebook"],"name":"dv-test","asset_type":"notebook","created_at":"2023-08-04T18:05:51Z","description":"","origin_country":"us","owner_id":"1000330999","project_id":"11a0e63f-f198-416b-b25b-e0ec10bd4a44","size":534,"tags":["notebook"],"usage":{"last_update_time":1691172489351,"last_updated_at":"2023-08-04T18:08:09Z"}},"entity":{"notebook":{"kernel":{"name":"python3","display_name":"Python 3.10","language":"python"},"originates_from":{"type":"blank"},"runtime":{"environment":"rt231py-11a0e63f-f198-416b-b25b-e0ec10bd4a44"}}},"attachments":[{"id":"7ee57812-47fd-471b-8d02-b190e7de57cf","version":2,"asset_type":"notebook","name":"attachment for notebook ad31bb8b-705c-440d-b060-3ca70b74d73b","description":"attachment for notebook ad31bb8b-705c-440d-b060-3ca70b74d73b","mime":"application/json","datasource_type":"81bafdbd-b7c6-45c5-a4fd-6ec135f66f4e","object_key":"notebook/dv-test_AWaSz4Cgg.ipynb","creator_id":"1000330999","create_time":1691172351333,"size":534,"is_remote":false,"is_managed":false,"is_referenced":true,"is_object_key_read_only":false,"is_user_provided_path_key":true,"transfer_complete":true,"is_partitioned":false,"complete_time_ticks":1691172351333,"user_data":{},"test_doc":0,"handle":{"type":"assetfiles","key":"notebook/dv-test_AWaSz4Cgg.ipynb","upload_id":"done","max_part_num":1},"usage":{"access_count":1,"last_accessor_id":"1000330999","last_access_time":1691172489350,"last_updater_id":"1000330999","last_update_time":1691172489350}}]}