{"metadata":{"asset_id":"29a25812-14c7-4b64-9c9a-c1e0a8afbc3a","asset_attributes":["notebook"],"name":"Kafka Message Counter ","asset_type":"notebook","created_at":"2023-10-30T19:55:53Z","description":"","origin_country":"us","owner_id":"1000331040","project_id":"11a0e63f-f198-416b-b25b-e0ec10bd4a44","size":25098,"tags":["notebook"],"usage":{"last_update_time":1701287611169,"last_updated_at":"2023-11-29T19:53:31Z"}},"entity":{"notebook":{"kernel":{"name":"python3","display_name":"Python 3.10","language":"python"},"originates_from":{"type":"notebook","guid":"748a6970-c13e-4a72-b861-0f39086d9eb4"},"runtime":{"environment":"c0f86e31-6a0e-4338-8498-8d1a643db0e1"}}},"attachments":[{"id":"92172266-d290-4a25-9acd-5c14db740129","version":2,"asset_type":"notebook","name":"attachment for notebook 29a25812-14c7-4b64-9c9a-c1e0a8afbc3a","description":"attachment for notebook 29a25812-14c7-4b64-9c9a-c1e0a8afbc3a","mime":"application/json","datasource_type":"81bafdbd-b7c6-45c5-a4fd-6ec135f66f4e","object_key":"notebook/Counter_Job_copy_DuRdPfgSu.ipynb","creator_id":"1000331040","create_time":1698695753120,"size":25098,"is_remote":false,"is_managed":false,"is_referenced":true,"is_object_key_read_only":false,"is_user_provided_path_key":true,"transfer_complete":true,"is_partitioned":false,"complete_time_ticks":1698695753120,"user_data":{},"test_doc":0,"handle":{"type":"assetfiles","key":"notebook/Counter_Job_copy_DuRdPfgSu.ipynb","upload_id":"done","max_part_num":1},"usage":{"access_count":135,"last_accessor_id":"1000331039","last_access_time":1701287611169,"last_updater_id":"1000331039","last_update_time":1701287611169}}]}