{"metadata":{"asset_id":"d9c2fe77-132d-47b0-891d-285c207a6cfb","asset_attributes":["notebook"],"name":"count_duplicates","asset_type":"notebook","created_at":"2023-09-30T01:31:42Z","description":"","origin_country":"us","owner_id":"1000331039","project_id":"11a0e63f-f198-416b-b25b-e0ec10bd4a44","size":59389,"tags":["notebook"],"usage":{"last_update_time":1696043741169,"last_updated_at":"2023-09-30T03:15:41Z"}},"entity":{"notebook":{"kernel":{"name":"python3","display_name":"Python 3.10","language":"python"},"originates_from":{"type":"notebook","guid":"c929e344-abe8-42bb-8752-fc6858d55ce0"},"runtime":{"environment":"rt231py-11a0e63f-f198-416b-b25b-e0ec10bd4a44"}}},"attachments":[{"id":"8070bc0c-c5fa-4ab6-9d75-683ca5ba8542","version":2,"asset_type":"notebook","name":"attachment for notebook d9c2fe77-132d-47b0-891d-285c207a6cfb","description":"attachment for notebook d9c2fe77-132d-47b0-891d-285c207a6cfb","mime":"application/json","datasource_type":"81bafdbd-b7c6-45c5-a4fd-6ec135f66f4e","object_key":"notebook/AnalyzeOutboundProcess_copy_eAmsC_iqC.ipynb","creator_id":"1000331039","create_time":1696037502198,"size":59389,"is_remote":false,"is_managed":false,"is_referenced":true,"is_object_key_read_only":false,"is_user_provided_path_key":true,"transfer_complete":true,"is_partitioned":false,"complete_time_ticks":1696037502198,"user_data":{},"test_doc":0,"handle":{"type":"assetfiles","key":"notebook/AnalyzeOutboundProcess_copy_eAmsC_iqC.ipynb","upload_id":"done","max_part_num":1},"usage":{"access_count":25,"last_accessor_id":"1000331039","last_access_time":1696043741168,"last_updater_id":"1000331039","last_update_time":1696043741168}}]}