{"metadata":{"asset_id":"29f841ce-0937-42a5-af4f-75c761373312","asset_attributes":["notebook"],"name":"Duplicate Count Seq File","asset_type":"notebook","created_at":"2023-10-09T13:05:01Z","description":"","origin_country":"us","owner_id":"1000331039","project_id":"11a0e63f-f198-416b-b25b-e0ec10bd4a44","size":3033103,"tags":["notebook"],"usage":{"last_update_time":1696865863023,"last_updated_at":"2023-10-09T15:37:43Z"}},"entity":{"notebook":{"kernel":{"name":"python3","display_name":"Python 3.10","language":"python"},"originates_from":{"type":"notebook","guid":"b442c486-8340-4a86-81a1-4c37ae6b47db"},"runtime":{"environment":"rt231py-11a0e63f-f198-416b-b25b-e0ec10bd4a44"}}},"attachments":[{"id":"963302e7-1142-4521-b7a8-7910e3bf257f","version":2,"asset_type":"notebook","name":"attachment for notebook 29f841ce-0937-42a5-af4f-75c761373312","description":"attachment for notebook 29f841ce-0937-42a5-af4f-75c761373312","mime":"application/json","datasource_type":"81bafdbd-b7c6-45c5-a4fd-6ec135f66f4e","object_key":"notebook/test_copy_N3Vz-luHz.ipynb","creator_id":"1000331039","create_time":1696856701413,"size":3033103,"is_remote":false,"is_managed":false,"is_referenced":true,"is_object_key_read_only":false,"is_user_provided_path_key":true,"transfer_complete":true,"is_partitioned":false,"complete_time_ticks":1696856701413,"user_data":{},"test_doc":0,"handle":{"type":"assetfiles","key":"notebook/test_copy_N3Vz-luHz.ipynb","upload_id":"done","max_part_num":1},"usage":{"access_count":43,"last_accessor_id":"1000331039","last_access_time":1696865863022,"last_updater_id":"1000331039","last_update_time":1696865863022}}]}