{"metadata":{"asset_id":"db3a668a-21d4-425e-b974-f50325b50a0f","asset_attributes":["notebook"],"name":"test copy","asset_type":"notebook","created_at":"2023-09-10T18:45:48Z","description":"","origin_country":"us","owner_id":"1000331076","project_id":"11a0e63f-f198-416b-b25b-e0ec10bd4a44","size":169715,"tags":["notebook"],"usage":{"last_update_time":1697634901250,"last_updated_at":"2023-10-18T13:15:01Z"}},"entity":{"notebook":{"kernel":{"name":"python3","display_name":"Python 3.10","language":"python"},"originates_from":{"type":"notebook","guid":"b442c486-8340-4a86-81a1-4c37ae6b47db"},"runtime":{"environment":"rt231py-11a0e63f-f198-416b-b25b-e0ec10bd4a44"}}},"attachments":[{"id":"c9fd9784-ea0c-4ab3-ae82-8e12ba34ceac","version":2,"asset_type":"notebook","name":"attachment for notebook db3a668a-21d4-425e-b974-f50325b50a0f","description":"attachment for notebook db3a668a-21d4-425e-b974-f50325b50a0f","mime":"application/json","datasource_type":"81bafdbd-b7c6-45c5-a4fd-6ec135f66f4e","object_key":"notebook/test_copy_QLahP4RLJ.ipynb","creator_id":"1000331076","create_time":1694371548496,"size":169715,"is_remote":false,"is_managed":false,"is_referenced":true,"is_object_key_read_only":false,"is_user_provided_path_key":true,"transfer_complete":true,"is_partitioned":false,"complete_time_ticks":1694371548496,"user_data":{},"test_doc":0,"handle":{"type":"assetfiles","key":"notebook/test_copy_QLahP4RLJ.ipynb","upload_id":"done","max_part_num":1},"usage":{"access_count":32,"last_accessor_id":"1000331076","last_access_time":1697634901250,"last_updater_id":"1000331076","last_update_time":1697634901250}}]}