{"metadata":{"asset_id":"c929e344-abe8-42bb-8752-fc6858d55ce0","asset_attributes":["notebook"],"name":"AnalyzeOutboundProcess","asset_type":"notebook","created_at":"2023-09-24T19:25:44Z","description":"","origin_country":"us","owner_id":"1000331040","project_id":"11a0e63f-f198-416b-b25b-e0ec10bd4a44","size":106005,"tags":["notebook"],"usage":{"last_update_time":1696727286324,"last_updated_at":"2023-10-08T01:08:06Z"}},"entity":{"notebook":{"kernel":{"name":"python3","display_name":"Python 3.10","language":"python"},"originates_from":{"type":"blank"},"runtime":{"environment":"rt231py-11a0e63f-f198-416b-b25b-e0ec10bd4a44"}}},"attachments":[{"id":"6af00678-6c37-4874-a7d7-23924c9b4e41","version":2,"asset_type":"notebook","name":"attachment for notebook c929e344-abe8-42bb-8752-fc6858d55ce0","description":"attachment for notebook c929e344-abe8-42bb-8752-fc6858d55ce0","mime":"application/json","datasource_type":"81bafdbd-b7c6-45c5-a4fd-6ec135f66f4e","object_key":"notebook/AnalyzeOutboundProcess_VJF6Ti1gk.ipynb","creator_id":"1000331040","create_time":1695583544498,"size":106005,"is_remote":false,"is_managed":false,"is_referenced":true,"is_object_key_read_only":false,"is_user_provided_path_key":true,"transfer_complete":true,"is_partitioned":false,"complete_time_ticks":1695583544498,"user_data":{},"test_doc":0,"handle":{"type":"assetfiles","key":"notebook/AnalyzeOutboundProcess_VJF6Ti1gk.ipynb","upload_id":"done","max_part_num":1},"usage":{"access_count":100,"last_accessor_id":"1000331040","last_access_time":1696727286324,"last_updater_id":"1000331040","last_update_time":1696727286324}}]}