{"metadata":{"asset_id":"b442c486-8340-4a86-81a1-4c37ae6b47db","asset_attributes":["notebook"],"name":"test","asset_type":"notebook","created_at":"2023-09-07T16:11:13Z","description":"","origin_country":"us","owner_id":"1000331076","project_id":"11a0e63f-f198-416b-b25b-e0ec10bd4a44","size":22555,"tags":["notebook"],"usage":{"last_update_time":1699280023957,"last_updated_at":"2023-11-06T14:13:43Z"}},"entity":{"notebook":{"kernel":{"name":"python3","display_name":"Python 3.10","language":"python"},"originates_from":{"type":"blank"},"runtime":{"environment":"36eef364-7e9c-4af5-9f70-7bb6959b7f06"}}},"attachments":[{"id":"6e5e247c-589f-42e6-b7cd-7b2358783c0a","version":2,"asset_type":"notebook","name":"attachment for notebook b442c486-8340-4a86-81a1-4c37ae6b47db","description":"attachment for notebook b442c486-8340-4a86-81a1-4c37ae6b47db","mime":"application/json","datasource_type":"81bafdbd-b7c6-45c5-a4fd-6ec135f66f4e","object_key":"notebook/test_haxh2tA-3.ipynb","creator_id":"1000331076","create_time":1694103073477,"size":22555,"is_remote":false,"is_managed":false,"is_referenced":true,"is_object_key_read_only":false,"is_user_provided_path_key":true,"transfer_complete":true,"is_partitioned":false,"complete_time_ticks":1694103073477,"user_data":{},"test_doc":0,"handle":{"type":"assetfiles","key":"notebook/test_haxh2tA-3.ipynb","upload_id":"done","max_part_num":1},"usage":{"access_count":157,"last_accessor_id":"1000331066","last_access_time":1699280023956,"last_updater_id":"1000331066","last_update_time":1699280023956}}]}