{"metadata":{"asset_id":"03f0c764-9ac2-4860-9472-abca1c8e2148","asset_attributes":["notebook"],"name":"CountDuplicatePanda","asset_type":"notebook","created_at":"2023-10-09T18:56:49Z","description":"","origin_country":"us","owner_id":"1000331039","project_id":"11a0e63f-f198-416b-b25b-e0ec10bd4a44","size":620076,"tags":["notebook"],"usage":{"last_update_time":1696880530711,"last_updated_at":"2023-10-09T19:42:10Z"}},"entity":{"notebook":{"kernel":{"name":"python3","display_name":"Python 3.10","language":"python"},"originates_from":{"type":"blank"},"runtime":{"environment":"d85e139c-71ba-477c-8cbf-89c4f49ee2f1"}}},"attachments":[{"id":"086e277d-9e31-4fff-b32d-828e95ec8523","version":2,"asset_type":"notebook","name":"attachment for notebook 03f0c764-9ac2-4860-9472-abca1c8e2148","description":"attachment for notebook 03f0c764-9ac2-4860-9472-abca1c8e2148","mime":"application/json","datasource_type":"81bafdbd-b7c6-45c5-a4fd-6ec135f66f4e","object_key":"notebook/CountDuplicatePanda_Upa42NTsg.ipynb","creator_id":"1000331039","create_time":1696877809686,"size":620076,"is_remote":false,"is_managed":false,"is_referenced":true,"is_object_key_read_only":false,"is_user_provided_path_key":true,"transfer_complete":true,"is_partitioned":false,"complete_time_ticks":1696877809686,"user_data":{},"test_doc":0,"handle":{"type":"assetfiles","key":"notebook/CountDuplicatePanda_Upa42NTsg.ipynb","upload_id":"done","max_part_num":1},"usage":{"access_count":17,"last_accessor_id":"1000331039","last_access_time":1696880530710,"last_updater_id":"1000331039","last_update_time":1696880530710}}]}