{"metadata":{"asset_id":"df6bc54b-011d-4fcb-a6db-53e3a7a67c7e","asset_attributes":["notebook"],"name":"find_internal_duplicate_entity","asset_type":"notebook","created_at":"2023-09-25T18:46:48Z","description":"","origin_country":"us","owner_id":"1000331039","project_id":"11a0e63f-f198-416b-b25b-e0ec10bd4a44","size":165555,"tags":["notebook"],"usage":{"last_update_time":1695670281965,"last_updated_at":"2023-09-25T19:31:21Z"}},"entity":{"notebook":{"kernel":{"name":"python3","display_name":"Python 3.10","language":"python"},"originates_from":{"type":"notebook","guid":"b442c486-8340-4a86-81a1-4c37ae6b47db"},"runtime":{"environment":"rt231py-11a0e63f-f198-416b-b25b-e0ec10bd4a44"}}},"attachments":[{"id":"4b1e7dd5-e6f6-44f1-bf5a-d88ab74dd3ae","version":2,"asset_type":"notebook","name":"attachment for notebook df6bc54b-011d-4fcb-a6db-53e3a7a67c7e","description":"attachment for notebook df6bc54b-011d-4fcb-a6db-53e3a7a67c7e","mime":"application/json","datasource_type":"81bafdbd-b7c6-45c5-a4fd-6ec135f66f4e","object_key":"notebook/test_copy_NKlprGYM3.ipynb","creator_id":"1000331039","create_time":1695667608468,"size":165555,"is_remote":false,"is_managed":false,"is_referenced":true,"is_object_key_read_only":false,"is_user_provided_path_key":true,"transfer_complete":true,"is_partitioned":false,"complete_time_ticks":1695667608468,"user_data":{},"test_doc":0,"handle":{"type":"assetfiles","key":"notebook/test_copy_NKlprGYM3.ipynb","upload_id":"done","max_part_num":1},"usage":{"access_count":6,"last_accessor_id":"1000331039","last_access_time":1695670281965,"last_updater_id":"1000331039","last_update_time":1695670281965}}]}