{"metadata":{"asset_id":"968aaf04-3bb4-43f1-9add-db2b799603be","asset_attributes":["notebook"],"name":"read_mdm_export","asset_type":"notebook","created_at":"2023-11-02T14:49:22Z","description":"","origin_country":"us","owner_id":"1000331039","project_id":"11a0e63f-f198-416b-b25b-e0ec10bd4a44","size":202793,"tags":["notebook"],"usage":{"last_update_time":1698946365781,"last_updated_at":"2023-11-02T17:32:45Z"}},"entity":{"notebook":{"kernel":{"name":"python3","display_name":"Python 3.10","language":"python"},"originates_from":{"type":"blank"},"runtime":{"environment":"36eef364-7e9c-4af5-9f70-7bb6959b7f06"}}},"attachments":[{"id":"f95c0174-044e-4472-8a91-079823349c08","version":2,"asset_type":"notebook","name":"attachment for notebook 968aaf04-3bb4-43f1-9add-db2b799603be","description":"attachment for notebook 968aaf04-3bb4-43f1-9add-db2b799603be","mime":"application/json","datasource_type":"81bafdbd-b7c6-45c5-a4fd-6ec135f66f4e","object_key":"notebook/read_mdm_export_Sc8nb90es.ipynb","creator_id":"1000331039","create_time":1698936562657,"size":202793,"is_remote":false,"is_managed":false,"is_referenced":true,"is_object_key_read_only":false,"is_user_provided_path_key":true,"transfer_complete":true,"is_partitioned":false,"complete_time_ticks":1698936562657,"user_data":{},"test_doc":0,"handle":{"type":"assetfiles","key":"notebook/read_mdm_export_Sc8nb90es.ipynb","upload_id":"done","max_part_num":1},"usage":{"access_count":78,"last_accessor_id":"1000331039","last_access_time":1698946365780,"last_updater_id":"1000331039","last_update_time":1698946365780}}]}