{"metadata":{"asset_id":"b3ce62ff-0dd9-462a-ab42-f87d959ae823","asset_attributes":["notebook"],"name":"Counting","asset_type":"notebook","created_at":"2023-11-01T02:55:27Z","description":"","origin_country":"us","owner_id":"1000331040","project_id":"11a0e63f-f198-416b-b25b-e0ec10bd4a44","size":18721,"tags":["notebook"],"usage":{"last_update_time":1717109326759,"last_updated_at":"2024-05-30T22:48:46Z"}},"entity":{"notebook":{"kernel":{"name":"python3","display_name":"Python 3.10","language":"python"},"originates_from":{"type":"blank"},"runtime":{"environment":"c0f86e31-6a0e-4338-8498-8d1a643db0e1"}}},"attachments":[{"id":"83b5e515-e079-4d9b-ac4a-9030c2033302","version":2,"asset_type":"notebook","name":"attachment for notebook b3ce62ff-0dd9-462a-ab42-f87d959ae823","description":"attachment for notebook b3ce62ff-0dd9-462a-ab42-f87d959ae823","mime":"application/json","datasource_type":"81bafdbd-b7c6-45c5-a4fd-6ec135f66f4e","object_key":"notebook/Counting_XtBcA7FyB.ipynb","creator_id":"1000331040","create_time":1698807327589,"size":18721,"is_remote":false,"is_managed":false,"is_referenced":true,"is_object_key_read_only":false,"is_user_provided_path_key":true,"transfer_complete":true,"is_partitioned":false,"complete_time_ticks":1698807327589,"user_data":{},"test_doc":0,"handle":{"type":"assetfiles","key":"notebook/Counting_XtBcA7FyB.ipynb","upload_id":"done","max_part_num":1},"usage":{"access_count":400,"last_accessor_id":"1000331040","last_access_time":1717109326759,"last_updater_id":"1000331040","last_update_time":1717109326759}}]}