{"metadata":{"asset_id":"748a6970-c13e-4a72-b861-0f39086d9eb4","asset_attributes":["notebook"],"name":"Counter Job","asset_type":"notebook","created_at":"2023-10-30T17:49:41Z","description":"","origin_country":"us","owner_id":"1000331040","project_id":"11a0e63f-f198-416b-b25b-e0ec10bd4a44","size":21358,"tags":["notebook"],"usage":{"last_update_time":1698692148134,"last_updated_at":"2023-10-30T18:55:48Z"}},"entity":{"notebook":{"kernel":{"name":"python3","display_name":"Python 3.10","language":"python"},"originates_from":{"type":"blank"},"runtime":{"environment":"rt231py-11a0e63f-f198-416b-b25b-e0ec10bd4a44"}}},"attachments":[{"id":"fa0c7178-0f89-48d9-967b-93cf8bbe530a","version":2,"asset_type":"notebook","name":"attachment for notebook 748a6970-c13e-4a72-b861-0f39086d9eb4","description":"attachment for notebook 748a6970-c13e-4a72-b861-0f39086d9eb4","mime":"application/json","datasource_type":"81bafdbd-b7c6-45c5-a4fd-6ec135f66f4e","object_key":"notebook/Counter_Job_dLEIziVWb.ipynb","creator_id":"1000331040","create_time":1698688181394,"size":21358,"is_remote":false,"is_managed":false,"is_referenced":true,"is_object_key_read_only":false,"is_user_provided_path_key":true,"transfer_complete":true,"is_partitioned":false,"complete_time_ticks":1698688181394,"user_data":{},"test_doc":0,"handle":{"type":"assetfiles","key":"notebook/Counter_Job_dLEIziVWb.ipynb","upload_id":"done","max_part_num":1},"usage":{"access_count":13,"last_accessor_id":"1000331039","last_access_time":1698692148133,"last_updater_id":"1000331039","last_update_time":1698692148133}}]}