{"metadata":{"asset_id":"c7251b68-1c04-4361-bd53-2aa1f8e5ed0e","asset_attributes":["notebook"],"name":"M360_Test_Sri","asset_type":"notebook","created_at":"2023-10-09T13:07:57Z","description":"","origin_country":"us","owner_id":"1000331076","project_id":"11a0e63f-f198-416b-b25b-e0ec10bd4a44","size":11910,"tags":["notebook"],"usage":{"last_update_time":1698757494647,"last_updated_at":"2023-10-31T13:04:54Z"}},"entity":{"notebook":{"kernel":{"name":"python3","display_name":"Python 3.10","language":"python"},"originates_from":{"type":"blank"},"runtime":{"environment":"rt231py-11a0e63f-f198-416b-b25b-e0ec10bd4a44"}}},"attachments":[{"id":"4064674d-4a89-4bcb-ab1a-d813804109e5","version":2,"asset_type":"notebook","name":"attachment for notebook c7251b68-1c04-4361-bd53-2aa1f8e5ed0e","description":"attachment for notebook c7251b68-1c04-4361-bd53-2aa1f8e5ed0e","mime":"application/json","datasource_type":"81bafdbd-b7c6-45c5-a4fd-6ec135f66f4e","object_key":"notebook/M360_Test_Sri_DwJd6-W-7.ipynb","creator_id":"1000331076","create_time":1696856877490,"size":11910,"is_remote":false,"is_managed":false,"is_referenced":true,"is_object_key_read_only":false,"is_user_provided_path_key":true,"transfer_complete":true,"is_partitioned":false,"complete_time_ticks":1696856877490,"user_data":{},"test_doc":0,"handle":{"type":"assetfiles","key":"notebook/M360_Test_Sri_DwJd6-W-7.ipynb","upload_id":"done","max_part_num":1},"usage":{"access_count":6,"last_accessor_id":"1000331076","last_access_time":1698757494646,"last_updater_id":"1000331076","last_update_time":1698757494646}}]}