{"structured_profiling":{"null_threshold":0.05,"uniqueness_threshold":0.95,"constant_threshold":0.99,"quality_score_threshold":0.8,"data_class_assignment_threshold":0.75,"data_class_suggestion_threshold":0.25,"dq_exceptions_database":{"location":{},"count":100}},"term_assignment":{"class_based_assignments":true,"term_assignment_threshold":0.9,"term_suggestion_threshold":0.75,"name_matching":true,"ml_based_assignments_default":true,"ml_based_assignments_custom":false,"wml_configuration":{},"evaluate_negative_assignments":true},"key_analysis":{"pk_shallow_analysis_config":{"min_confidence":0.8},"fk_shallow_analysis_config":{"min_confidence":0.8}},"advanced_profiling":{"unique_value_table":{"location":{},"count":1000}}}