{"fields":[],"relationships":[],"properties":{"business_sme_xfikjc":{"type":"string","description":"Business SME of the Data Asset","is_array":true,"validated":false,"displayInChild":false,"restricted":false,"label":{"default":"Business SME"}},"technical_sme_rviegt":{"type":"string","description":"Technical SME of the Data Asset","is_array":true,"validated":false,"displayInChild":false,"restricted":false,"label":{"default":"Technical SME"}}},"localized_metadata_attributes":{"name":{"default":"Asset SMEs"}},"global_search_searchable":[],"attribute_only":true,"is_column_custom_attribute":false,"can_have_image":false,"version":1,"name":"asset_smes_twvsks","scope":"PROJECT","allow_decorators":false}