{"fields":[{"key":"secondary_data_steward_icjoui","type":"USER_GROUP","facet":false,"is_array":false,"search_path":"secondary_data_steward_icjoui","is_searchable_across_types":true}],"relationships":[],"properties":{"primary_data_steward_cuspwj":{"type":"user_group","is_array":false,"validated":false,"displayInChild":false,"restricted":false,"label":{"default":"Primary Data Steward"}},"secondary_data_steward_icjoui":{"type":"user_group","is_array":false,"validated":false,"displayInChild":false,"restricted":false,"label":{"default":"Secondary Data Steward"}}},"localized_metadata_attributes":{"name":{"default":"Asset Stewards"}},"decorates":[{"asset_type_name":"data_asset"}],"global_search_searchable":["secondary_data_steward_icjoui"],"attribute_only":true,"is_column_custom_attribute":false,"can_have_image":false,"version":1,"name":"asset_stewards_vamhfj","scope":"PROJECT","allow_decorators":false}