{"fields":[{"key":"col_ykknoy","type":"TEXT","facet":false,"is_array":false,"search_path":"columns[].col_ykknoy","is_searchable_across_types":false},{"key":"dq_threshold_akqqvz","type":"NUMBER","facet":false,"is_array":false,"search_path":"columns[].dq_threshold_akqqvz","is_searchable_across_types":false}],"relationships":[],"properties":{"col_ykknoy":{"type":"string","is_array":false,"validated":false,"displayInChild":false,"restricted":false,"label":{"default":"Col1"}},"dq_threshold_akqqvz":{"type":"integer","is_array":false,"validated":false,"displayInChild":false,"restricted":false,"label":{"default":"DQ Threshold"}}},"localized_metadata_attributes":{"name":{"default":"Column level"}},"decorates":[{"asset_type_name":"data_asset"}],"global_search_searchable":["col_ykknoy","dq_threshold_akqqvz"],"attribute_only":true,"is_column_custom_attribute":true,"can_have_image":false,"version":1,"name":"column_level_mkplvx","scope":"PROJECT","allow_decorators":false}