{"fields":[],"relationships":[],"properties":{"dq_sme_lugnav":{"type":"string","is_array":true,"validated":false,"displayInChild":false,"restricted":false,"label":{"default":"DQ - SME"}},"senior_data_stewards_sme_nyihws":{"type":"string","is_array":true,"validated":false,"displayInChild":false,"restricted":false,"label":{"default":"Senior Data Stewards SME"}}},"localized_metadata_attributes":{"name":{"default":"CTC SME"}},"global_search_searchable":[],"attribute_only":true,"is_column_custom_attribute":false,"can_have_image":false,"version":1,"name":"ctc_sme_xghqvc","scope":"PROJECT","allow_decorators":false}