{"description":"Outlines the Data Owner for the business term. The Data Owner should correspond to the appropriate Data Domain.","fields":[{"key":"data_owner_aasaas","type":"USER_GROUP","facet":false,"is_array":false,"search_path":"data_owner_aasaas","is_searchable_across_types":true}],"relationships":[],"properties":{"data_owner_aasaas":{"type":"user_group","is_array":false,"validated":false,"displayInChild":false,"restricted":false,"label":{"default":"Data Owner"}}},"localized_metadata_attributes":{"name":{"default":"Data Asset Owner"}},"decorates":[{"asset_type_name":"data_asset"}],"global_search_searchable":["data_owner_aasaas"],"attribute_only":true,"is_column_custom_attribute":false,"can_have_image":false,"version":1,"name":"data_asset_owner_bmknng","scope":"PROJECT","allow_decorators":false}