{"fields":[{"key":"business_sme_wqbrel","type":"USER_GROUP","facet":false,"is_array":false,"search_path":"business_sme_wqbrel","is_searchable_across_types":true},{"key":"technical_sme_gymyaq","type":"USER_GROUP","facet":false,"is_array":false,"search_path":"technical_sme_gymyaq","is_searchable_across_types":true}],"relationships":[],"properties":{"business_sme_wqbrel":{"type":"user_group","is_array":false,"validated":false,"displayInChild":false,"restricted":false,"label":{"default":"Business SME"}},"technical_sme_gymyaq":{"type":"user_group","is_array":false,"validated":false,"displayInChild":false,"restricted":false,"label":{"default":"Technical SME"}}},"localized_metadata_attributes":{"name":{"default":"Data Asset SMEs"}},"decorates":[{"asset_type_name":"data_asset"}],"global_search_searchable":["business_sme_wqbrel","technical_sme_gymyaq"],"attribute_only":true,"is_column_custom_attribute":false,"can_have_image":false,"version":1,"name":"data_asset_smes_frcfvd","scope":"PROJECT","allow_decorators":false}