{"description":"The data_rule asset type.","fields":[{"key":"name","type":"String","facet":false,"is_array":false,"is_searchable_across_types":false}],"relationships":[],"localized_metadata_attributes":{"name":{"default":"Data quality rule","en":"Data quality rule"}},"global_search_searchable":[],"attribute_only":false,"is_column_custom_attribute":false,"can_have_image":false,"version":1,"name":"data_rule","scope":"GLOBAL","decorated_by":[{"asset_type_name":"threshold_wwcwco"}],"allow_decorators":true}