{"description":"The Model use case user OpenPages asset type to capture OpenPages fields.","fields":[],"relationships":[],"properties":{"Additional Information":{"type":"string","description":"Additional Information","placeholder":"Data not available from OpenPages","is_array":false,"hidden":false,"readonly":true,"validated":false,"displayInChild":false,"restricted":false,"label":{"default":"Additional Information"}},"Analytics_platform":{"type":"string","description":"Analytics Platform","placeholder":"Data not available from OpenPages","is_array":false,"hidden":false,"readonly":true,"validated":false,"displayInChild":false,"restricted":false,"label":{"default":"Analytics Platform"}},"Banner":{"type":"string","placeholder":"Data not available from OpenPages","is_array":false,"hidden":false,"readonly":true,"validated":false,"displayInChild":false,"restricted":false,"label":{"default":"Banner"}},"Data_source":{"type":"string","description":"Data_source","placeholder":"Data not available from OpenPages","is_array":false,"hidden":false,"readonly":true,"validated":false,"displayInChild":false,"restricted":false,"label":{"default":"Data Source"}},"Domain":{"type":"string","placeholder":"Data not available from OpenPages","is_array":false,"hidden":false,"readonly":true,"validated":false,"displayInChild":false,"restricted":false,"label":{"default":"Domain"}},"Model_developer":{"type":"string","description":"Model Developer","placeholder":"Data not available from OpenPages","is_array":false,"hidden":true,"readonly":true,"validated":false,"displayInChild":false,"restricted":false,"label":{"default":"Model Developer"}},"Model_owner":{"type":"string","description":"Model Owner","placeholder":"Data not available from OpenPages","is_array":false,"hidden":false,"readonly":true,"validated":false,"displayInChild":false,"restricted":false,"label":{"default":"Model Owner"}},"Problem_statement":{"type":"string","description":"Problem Statement","placeholder":"Data not available from OpenPages","is_array":false,"hidden":false,"readonly":true,"validated":false,"displayInChild":false,"restricted":false,"label":{"default":"Purpose"}},"Programming_language":{"type":"string","description":"Programming_language","placeholder":"Data not available from OpenPages","is_array":false,"hidden":false,"readonly":true,"validated":false,"displayInChild":false,"restricted":false,"label":{"default":"Programming Language"}},"Project_sponsor":{"type":"string","description":"Project Sponsor","placeholder":"Data not available from OpenPages","is_array":false,"hidden":false,"readonly":true,"validated":false,"displayInChild":false,"restricted":false,"label":{"default":"Project Sponsor"}},"Repository_link":{"type":"string","description":"Repository_link","placeholder":"Data not available from OpenPages","is_array":false,"hidden":false,"readonly":true,"validated":false,"displayInChild":false,"restricted":false,"label":{"default":"Repository Link"}}},"localized_metadata_attributes":{"name":{"default":"Custom facts","en":"Custom facts","de":"Angepasste Fakten","es":"Hechos personalizados","fr":"Faits personnalisés","it":"Fatti personalizzati","ja":"カスタム・ファクト","ko":"사용자 정의 팩트","pt":"Fatos customizados","ru":"Пользовательские факты","sv":"Anpassade fakta","zh-TW":"自訂事實","zh":"定制事实"}},"decorates":[{"asset_type_name":"model_entry"}],"global_search_searchable":[],"attribute_only":true,"is_column_custom_attribute":false,"can_have_image":false,"version":1,"name":"model_entry_user_op","scope":"ACCOUNT","allow_decorators":false}