{"metadata":{"asset_id":"b29e8f05-2030-435c-9369-610045f38b93","asset_attributes":["job"],"name":"plInbound_BatchControl_Process_4_delets","asset_type":"job","created_at":"2024-04-01T13:07:59Z","description":"","origin_country":"us","owner_id":"1000331142","project_id":"11a0e63f-f198-416b-b25b-e0ec10bd4a44","size":0,"usage":{"last_update_time":1711976879720,"last_updated_at":"2024-04-01T13:07:59Z"}},"entity":{"job":{"asset_ref_type":"orchestration_flow","configuration":{"version":"7524f240-c8b8-4525-a8ba-0149635e721e-0","env_type":"","env_variables":[]},"last_run_initiator":"deprecated field","last_run_time":"deprecated field","last_run_status":"deprecated field","last_run_status_timestamp":0,"future_scheduled_runs":[],"enable_notifications":true,"project_name":"Customer-MDM","asset_ref":"7524f240-c8b8-4525-a8ba-0149635e721e","job_parameters":[{"name":"SourceName","value":"EPSILON"},{"name":"RecordType","value":"PERSON,PERSON_COMMUNICATION_CONSENT"}],"schedule_id":"","schedule_creator_id":""}}}