{"metadata":{"asset_id":"eabda8c1-9f2e-4644-96d2-36fa25f477cb","asset_attributes":["job"],"name":"Inbound_MicroBatch_Process_4_DELETES.DataStage job","asset_type":"job","created_at":"2024-04-01T15:12:18Z","origin_country":"us","owner_id":"1000331142","project_id":"11a0e63f-f198-416b-b25b-e0ec10bd4a44","size":0,"usage":{"last_update_time":1711984411158,"last_updated_at":"2024-04-01T15:13:31Z"}},"entity":{"job":{"asset_ref_type":"data_intg_flow","configuration":{"env_variables":[],"flow_limits":{"warn_limit":0},"runPriorityQueue":"High","env_type":"","env_id":"128d5608-cdfc-42dc-89ea-fc897ffbf806"},"last_run_initiator":"deprecated field","last_run_time":"deprecated field","last_run_status":"deprecated field","last_run_status_timestamp":0,"future_scheduled_runs":[],"enable_notifications":true,"project_name":"Customer-MDM","asset_ref":"0f79fd42-6e18-4bf9-8230-04ed668be23d","job_parameters":[],"parameter_sets":[{"name":"PS_Match360_Connection","ref":"00876fa9-0dcb-4199-b75d-9ddbeb510ba8"}],"schedule_id":"","schedule_creator_id":"","retention_policy":{}}}}