{"metadata":{"asset_id":"efd21844-ee2c-4a1c-8f8e-3c4d568eb0b9","asset_attributes":["job"],"name":"job_plMain_Inbound_Schedule_GIGYA_4_Deletes","asset_type":"job","created_at":"2024-03-31T15:20:24Z","description":"only process person and person communication consent record types, bot process person account and person interaction for GIGYA by the pipeline.","origin_country":"us","owner_id":"1000331142","project_id":"11a0e63f-f198-416b-b25b-e0ec10bd4a44","size":0,"usage":{"last_update_time":1726187086016,"last_updated_at":"2024-09-13T00:24:46Z"}},"entity":{"job":{"asset_ref_type":"orchestration_flow","configuration":{"version":"e340f145-df47-47eb-a8c9-eacaf1fb355b-0","env_type":"","env_variables":[]},"last_run_initiator":"deprecated field","last_run_time":"deprecated field","last_run_status":"deprecated field","last_run_status_timestamp":0,"future_scheduled_runs":[],"enable_notifications":true,"project_name":"Customer-MDM","asset_ref":"e340f145-df47-47eb-a8c9-eacaf1fb355b","job_parameters":[{"name":"SourceName","value":"TRUEFIT"},{"name":"RecordType","value":"PERSON,PERSON_ACCOUNT,PERSON_BEHAVIOUR,PERSON_COMMUNICATION_CONSENT"}],"schedule_id":"","schedule_creator_id":"","schedule":""}}}