{"description":"Lineage Filter","fields":[],"relationships":[],"localized_metadata_attributes":{"name":{"default":"Lineage filter","en":"Lineage filter","de":"Abstammungsfilter","es":"Filtro de linaje","fr":"Filtre de lignage","it":"Filtro di derivazione","ja":"リネージュ・フィルター","ko":"계보 필터","pt":"Filtro de linhagem","ru":"Фильтр происхождения","sv":"Härkomstfilter","zh":"沿袭过滤器","zh-TW":"世系過濾器"}},"global_search_searchable":[],"attribute_only":false,"data_protection":{"all_attachments":true},"is_column_custom_attribute":false,"can_have_image":false,"version":1,"name":"ibm_lineage_filter","scope":"GLOBAL","allow_decorators":true}