{"description":"The model facts user OpenPages asset type to capture OpenPages fields.","fields":[],"relationships":[],"properties":{"Additional Information":{"type":"string","description":"Additional Information","placeholder":"Please enter the value","is_array":false,"hidden":false,"readonly":false,"validated":false,"displayInChild":false,"restricted":false,"label":{"default":"Additional Information"}},"Model_location":{"type":"string","description":"Model Location","placeholder":"Please enter the value","is_array":false,"hidden":false,"readonly":false,"validated":false,"displayInChild":false,"restricted":false,"label":{"default":"Model Location"}},"Model_stage":{"type":"string","description":"Model_stage","placeholder":"Please enter the value","is_array":false,"hidden":false,"readonly":false,"validated":false,"displayInChild":false,"restricted":false,"label":{"default":"Model Stage"}},"Model_type":{"type":"string","placeholder":"Please enter the value","is_array":false,"hidden":false,"readonly":false,"validated":false,"displayInChild":false,"restricted":false,"label":{"default":"Model Type"}},"Model_version":{"type":"integer","description":"Model_version","placeholder":"Please enter the value","is_array":false,"hidden":false,"readonly":false,"validated":false,"displayInChild":false,"restricted":false,"label":{"default":"Model Version"}},"Performance_metric":{"type":"string","placeholder":"Please enter the value","is_array":false,"hidden":false,"readonly":false,"validated":false,"displayInChild":false,"restricted":false,"label":{"default":"Performance Metric"}},"Project_workspace":{"type":"string","description":"Project_workspace","placeholder":"Please enter the value","is_array":false,"hidden":false,"readonly":false,"validated":false,"displayInChild":false,"restricted":false,"label":{"default":"Project Workspace"}},"Purpose":{"type":"string","placeholder":"Please enter the value","is_array":false,"hidden":false,"readonly":false,"validated":false,"displayInChild":false,"restricted":false,"label":{"default":"Purpose"}},"Testing_data":{"type":"string","placeholder":"Please enter the value","is_array":false,"hidden":false,"readonly":false,"validated":false,"displayInChild":false,"restricted":false,"label":{"default":"Testing Data"}},"Training_data":{"type":"string","placeholder":"Please enter the value","is_array":false,"hidden":false,"readonly":false,"validated":false,"displayInChild":false,"restricted":false,"label":{"default":"Training Data"}}},"localized_metadata_attributes":{"name":{"default":"Custom facts","en":"Custom facts"}},"global_search_searchable":[],"attribute_only":true,"is_column_custom_attribute":false,"can_have_image":false,"version":1,"name":"modelfacts_user_op","scope":"ACCOUNT","allow_decorators":false}