{"description":"The model use case user asset type to capture user defined attributes.","fields":[],"relationships":[],"properties":{"purpose":{"type":"string","description":"Intended business purpose of the requested model","placeholder":"Please enter business purpose of the requested model","is_array":false,"required":false,"hidden":true,"readonly":false,"validated":false,"displayInChild":false,"restricted":false,"default_value":"None","label":{"default":"Model purpose","en":"Model purpose","de":"Modellzweck","es":"Finalidad del modelo","fr":"Objectif du modèle","it":"Scopo del modello","ja":"モデルの目的","ko":"모델 용도","pt":"Finalidade do modelo","ru":"Назначение модели","sv":"Modellsyfte","zh-TW":"模型用途","zh":"模型用途"}},"documentation":{"type":"string","description":"a URL pointing to external documentation","placeholder":"Please enter a URL pointing to external documentation","is_array":false,"required":false,"hidden":true,"readonly":false,"validated":false,"displayInChild":false,"restricted":false,"default_value":"None","label":{"default":"Supporting documentation","en":"Supporting documentation","de":"Unterstützende Dokumentation","es":"Documentación de soporte","fr":"Documentation de support","it":"Documentazione di supporto","ja":"サポート資料","ko":"지원 문서","pt":"Documentação de suporte","ru":"Вспомогательная документация","sv":"Stödjande dokumentation","zh-TW":"支援文件","zh":"支持文档"}},"risk_level":{"type":"string","description":"Enter Risk level","placeholder":"Enter Risk level","is_array":false,"required":false,"hidden":true,"readonly":false,"validated":false,"displayInChild":false,"restricted":false,"default_value":"None","label":{"default":"Risk level","en":"Risk level","de":"Risikostufe","es":"Nivel de riesgo","fr":"Niveau de risque","it":"Livello di rischio","ja":"リスク・レベル","ko":"위험성 레벨","pt":"Nível de risco","ru":"Уровень риска","sv":"Risknivå","zh-TW":"風險層次","zh":"风险级别"}}},"localized_metadata_attributes":{"name":{"default":"Additional details","en":"Additional details","de":"Weitere Details","es":"Detalles adicionales","fr":"Informations supplémentaires","it":"Dettagli aggiuntivi","ja":"追加の詳細","ko":"추가 세부사항","pt":"Detalhes adicionais","ru":"Дополнительные сведения","sv":"Ytterligare detaljer","zh-TW":"其他詳細資料","zh":"其他详细信息"}},"decorates":[{"asset_type_name":"model_entry"}],"global_search_searchable":[],"attribute_only":true,"is_column_custom_attribute":false,"can_have_image":false,"version":1,"name":"model_entry_user","scope":"ACCOUNT","allow_decorators":false}